[219月2026 21:39:37.052] [main/INFO] [cpw.mods.modlauncher.Launcher/MODLAUNCHER]: ModLauncher running: args [--username, veyne, --version, 1.21.1-NeoForge_21.1.249, --gameDir, D:\aa\a\.minecraft\versions\1.21.1-NeoForge_21.1.249, --assetsDir, D:\aa\a\.minecraft\assets, --assetIndex, 17, --uuid, 0000000000003005998F50309B84478B, --accessToken, ❄❄❄❄❄❄❄❄, --clientId, ${clientid}, --xuid, ${auth_xuid}, --userType, msa, --versionType, PCL, --width, 854, --height, 480, --fml.neoForgeVersion, 21.1.249, --fml.fmlVersion, 4.0.44, --fml.mcVersion, 1.21.1, --fml.neoFormVersion, 20240808.144430, --launchTarget, forgeclient]
[219月2026 21:39:37.052] [main/INFO] [cpw.mods.modlauncher.Launcher/MODLAUNCHER]: JVM identified as Microsoft OpenJDK 64-Bit Server VM 21.0.7+6-LTS
[219月2026 21:39:37.059] [main/INFO] [cpw.mods.modlauncher.Launcher/MODLAUNCHER]: ModLauncher 11.0.5+main.901c6ea8 starting: java version 21.0.7 by Microsoft; OS Windows 11 arch amd64 version 10.0
[219月2026 21:39:37.274] [main/INFO] [Sodium-GraphicsAdapterProbe/]: Searching for graphics cards...
[219月2026 21:39:37.427] [main/INFO] [Sodium-GraphicsAdapterProbe/]: Found graphics adapter: AdapterInfo{vendor=NVIDIA, description='NVIDIA GeForce RTX 5060 Laptop GPU', adapterType=0x00002313, openglIcdFilePath='C:\windows\System32\DriverStore\FileRepository\nvhm.inf_amd64_2469f7e4a242ca84\nvoglv64.dll', openglIcdVersion=32.0.15.9227}
[219月2026 21:39:37.427] [main/INFO] [Sodium-GraphicsAdapterProbe/]: Found graphics adapter: AdapterInfo{vendor=INTEL, description='Intel(R) RaptorLake-S Mobile Graphics Controller', adapterType=0x0000232B, openglIcdFilePath='C:\windows\System32\DriverStore\FileRepository\iigd_dch.inf_amd64_23eca15db6278d53\igxelpicd64.dll', openglIcdVersion=32.0.101.7077}
[219月2026 21:39:37.431] [main/WARN] [Sodium-Workarounds/]: Sodium has applied one or more workarounds to prevent crashes or other issues on your system: [NVIDIA_THREADED_OPTIMIZATIONS_BROKEN]
[219月2026 21:39:37.431] [main/WARN] [Sodium-Workarounds/]: This is not necessarily an issue, but it may result in certain features or optimizations being disabled. You can sometimes fix these issues by upgrading your graphics driver.
[219月2026 21:39:37.432] [main/INFO] [Sodium-NvidiaWorkarounds/]: Modifying process environment to apply workarounds for the NVIDIA graphics driver...
[219月2026 21:39:37.433] [main/INFO] [net.neoforged.fml.loading.ImmediateWindowHandler/]: Loading ImmediateWindowProvider fmlearlywindow
[219月2026 21:39:37.464] [main/INFO] [EARLYDISPLAY/]: Trying GL version 4.6
[219月2026 21:39:37.581] [main/INFO] [EARLYDISPLAY/]: Requested GL version 4.6 got version 4.6
[219月2026 21:39:37.638] [main/INFO] [mixin/]: SpongePowered MIXIN Subsystem Version=0.8.7 Source=union:/D:/aa/a/.minecraft/libraries/net/fabricmc/sponge-mixin/0.15.2+mixin.0.8.7/sponge-mixin-0.15.2+mixin.0.8.7.jar%23175!/ Service=ModLauncher Env=CLIENT
[219月2026 21:39:37.880] [pool-2-thread-1/INFO] [EARLYDISPLAY/]: GL info: NVIDIA GeForce RTX 5060 Laptop GPU/PCIe/SSE2 GL version 4.6.0 NVIDIA 592.27, NVIDIA Corporation
[219月2026 21:39:37.930] [main/INFO] [net.neoforged.fml.loading.moddiscovery.ModDiscoverer/SCAN]: Found mod file "client-1.21.1-20240808.144430-srg.jar" [locator: production client provider +net.neoforged:neoforge:21.1.249:client]
[219月2026 21:39:37.948] [main/INFO] [net.neoforged.fml.loading.moddiscovery.ModDiscoverer/SCAN]: Found mod file "neoforge-21.1.249-universal.jar" [locator: PathBasedLocator[name=neoforge, paths=[D:\aa\a\.minecraft\libraries\net\neoforged\neoforge\21.1.249\neoforge-21.1.249-universal.jar]], reader: mod manifest]
[219月2026 21:39:37.979] [main/INFO] [net.neoforged.fml.loading.moddiscovery.ModDiscoverer/SCAN]: Found mod file "net.caffeinemc.sodium-neoforge-0.8.13-beta.1+mc1.21.1-mod.jar" [locator: net.caffeinemc.mods.sodium.service.SodiumServiceModLocator@2ef8a8c3, reader: mod manifest]
[219月2026 21:39:37.989] [main/INFO] [net.neoforged.fml.loading.moddiscovery.ModDiscoverer/SCAN]: Found mod file "fabric-rendering-data-attachment-v1-0.3.48+73761d2e19.jar" [locator: net.caffeinemc.mods.sodium.service.SodiumServiceModLocator@2ef8a8c3, reader: mod manifest]
[219月2026 21:39:37.996] [main/INFO] [net.neoforged.fml.loading.moddiscovery.ModDiscoverer/SCAN]: Found mod file "fabric-renderer-api-v1-3.4.1+9125b6dc19.jar" [locator: net.caffeinemc.mods.sodium.service.SodiumServiceModLocator@2ef8a8c3, reader: mod manifest]
[219月2026 21:39:38.003] [main/INFO] [net.neoforged.fml.loading.moddiscovery.ModDiscoverer/SCAN]: Found mod file "fabric-block-view-api-v2-1.0.10+9afaaf8c19.jar" [locator: net.caffeinemc.mods.sodium.service.SodiumServiceModLocator@2ef8a8c3, reader: mod manifest]
[219月2026 21:39:38.008] [main/INFO] [net.neoforged.fml.loading.moddiscovery.ModDiscoverer/SCAN]: Found mod file "fabric-api-base-0.4.42+d1308ded19.jar" [locator: net.caffeinemc.mods.sodium.service.SodiumServiceModLocator@2ef8a8c3, reader: mod manifest]
[219月2026 21:39:38.018] [main/INFO] [net.neoforged.fml.loading.moddiscovery.ModDiscoverer/SCAN]: Found mod file "[JEI物品管理器] jei-1.21.1-neoforge-19.53.0.425.jar" [locator: {mods folder locator at D:\aa\a\.minecraft\versions\1.21.1-NeoForge_21.1.249\mods}, reader: mod manifest]
[219月2026 21:39:38.025] [main/INFO] [net.neoforged.fml.loading.moddiscovery.ModDiscoverer/SCAN]: Found mod file "[Xaero的世界地图] xaeroworldmap-neoforge-1.21.1-1.44.2.jar" [locator: {mods folder locator at D:\aa\a\.minecraft\versions\1.21.1-NeoForge_21.1.249\mods}, reader: mod manifest]
[219月2026 21:39:38.030] [main/INFO] [net.neoforged.fml.loading.moddiscovery.ModDiscoverer/SCAN]: Found mod file "[Xaero的小地图] xaerominimap-neoforge-1.21.1-26.4.2.jar" [locator: {mods folder locator at D:\aa\a\.minecraft\versions\1.21.1-NeoForge_21.1.249\mods}, reader: mod manifest]
[219月2026 21:39:38.040] [main/INFO] [net.neoforged.fml.loading.moddiscovery.ModDiscoverer/SCAN]: Found mod file "[机械动力] create-1.21.1-6.0.10.jar" [locator: {mods folder locator at D:\aa\a\.minecraft\versions\1.21.1-NeoForge_21.1.249\mods}, reader: mod manifest]
[219月2026 21:39:38.044] [main/INFO] [net.neoforged.fml.loading.moddiscovery.ModDiscoverer/SCAN]: Found mod file "[犀牛] rhino-2101.2.8-build.91.jar" [locator: {mods folder locator at D:\aa\a\.minecraft\versions\1.21.1-NeoForge_21.1.249\mods}, reader: mod manifest]
[219月2026 21:39:38.047] [main/INFO] [net.neoforged.fml.loading.moddiscovery.ModDiscoverer/SCAN]: Found mod file "[玉 🔍] Jade-1.21.1-NeoForge-15.10.5.jar" [locator: {mods folder locator at D:\aa\a\.minecraft\versions\1.21.1-NeoForge_21.1.249\mods}, reader: mod manifest]
[219月2026 21:39:38.051] [main/INFO] [net.neoforged.fml.loading.moddiscovery.ModDiscoverer/SCAN]: Found mod file "[连锁破坏] ftb-ultimine-neoforge-2101.1.15.jar" [locator: {mods folder locator at D:\aa\a\.minecraft\versions\1.21.1-NeoForge_21.1.249\mods}, reader: mod manifest]
[219月2026 21:39:38.056] [main/INFO] [net.neoforged.fml.loading.moddiscovery.ModDiscoverer/SCAN]: Found mod file "[通用机械] Mekanism-1.21.1-10.7.19.85.jar" [locator: {mods folder locator at D:\aa\a\.minecraft\versions\1.21.1-NeoForge_21.1.249\mods}, reader: mod manifest]
[219月2026 21:39:38.060] [main/INFO] [net.neoforged.fml.loading.moddiscovery.ModDiscoverer/SCAN]: Found mod file "[通用机械发电机] MekanismGenerators-1.21.1-10.7.19.85.jar" [locator: {mods folder locator at D:\aa\a\.minecraft\versions\1.21.1-NeoForge_21.1.249\mods}, reader: mod manifest]
[219月2026 21:39:38.064] [main/INFO] [net.neoforged.fml.loading.moddiscovery.ModDiscoverer/SCAN]: Found mod file "[通用机械：扩展] mekanism_extras-1.21.1-1.4.1.jar" [locator: {mods folder locator at D:\aa\a\.minecraft\versions\1.21.1-NeoForge_21.1.249\mods}, reader: mod manifest]
[219月2026 21:39:38.071] [main/INFO] [net.neoforged.fml.loading.moddiscovery.ModDiscoverer/SCAN]: Found mod file "[通用机械：进化] Evolved Mekanism-1.21.1-1.2.1-fix3.jar" [locator: {mods folder locator at D:\aa\a\.minecraft\versions\1.21.1-NeoForge_21.1.249\mods}, reader: mod manifest]
[219月2026 21:39:38.075] [main/INFO] [net.neoforged.fml.loading.moddiscovery.ModDiscoverer/SCAN]: Found mod file "[预制建筑] prefab-neoforge-1.0.9.jar" [locator: {mods folder locator at D:\aa\a\.minecraft\versions\1.21.1-NeoForge_21.1.249\mods}, reader: mod manifest]
[219月2026 21:39:38.078] [main/INFO] [net.neoforged.fml.loading.moddiscovery.ModDiscoverer/SCAN]: Found mod file "[鼠标手势] MouseTweaks-neoforge-mc1.21-2.26.1.jar" [locator: {mods folder locator at D:\aa\a\.minecraft\versions\1.21.1-NeoForge_21.1.249\mods}, reader: mod manifest]
[219月2026 21:39:38.081] [main/INFO] [net.neoforged.fml.loading.moddiscovery.ModDiscoverer/SCAN]: Found mod file "architectury-13.0.8-neoforge.jar" [locator: {mods folder locator at D:\aa\a\.minecraft\versions\1.21.1-NeoForge_21.1.249\mods}, reader: mod manifest]
[219月2026 21:39:38.088] [main/INFO] [net.neoforged.fml.loading.moddiscovery.ModDiscoverer/SCAN]: Found mod file "badpackets-neo-0.8.2.jar" [locator: {mods folder locator at D:\aa\a\.minecraft\versions\1.21.1-NeoForge_21.1.249\mods}, reader: mod manifest]
[219月2026 21:39:38.091] [main/INFO] [net.neoforged.fml.loading.moddiscovery.ModDiscoverer/SCAN]: Found mod file "cloth-config-15.0.140-neoforge.jar" [locator: {mods folder locator at D:\aa\a\.minecraft\versions\1.21.1-NeoForge_21.1.249\mods}, reader: mod manifest]
[219月2026 21:39:38.094] [main/INFO] [net.neoforged.fml.loading.moddiscovery.ModDiscoverer/SCAN]: Found mod file "configuration-neoforge-1.21.1-3.1.1.jar" [locator: {mods folder locator at D:\aa\a\.minecraft\versions\1.21.1-NeoForge_21.1.249\mods}, reader: mod manifest]
[219月2026 21:39:38.098] [main/INFO] [net.neoforged.fml.loading.moddiscovery.ModDiscoverer/SCAN]: Found mod file "cyber_ware_port-1.21.1-1.7.1.jar" [locator: {mods folder locator at D:\aa\a\.minecraft\versions\1.21.1-NeoForge_21.1.249\mods}, reader: mod manifest]
[219月2026 21:39:38.102] [main/INFO] [net.neoforged.fml.loading.moddiscovery.ModDiscoverer/SCAN]: Found mod file "DistantHorizons-3.2.0-b-1.21.1-fabric-neoforge.jar" [locator: {mods folder locator at D:\aa\a\.minecraft\versions\1.21.1-NeoForge_21.1.249\mods}, reader: mod manifest]
[219月2026 21:39:38.108] [main/INFO] [net.neoforged.fml.loading.moddiscovery.ModDiscoverer/SCAN]: Found mod file "ftb-library-neoforge-2101.1.33.jar" [locator: {mods folder locator at D:\aa\a\.minecraft\versions\1.21.1-NeoForge_21.1.249\mods}, reader: mod manifest]
[219月2026 21:39:38.110] [main/INFO] [net.neoforged.fml.loading.moddiscovery.ModDiscoverer/SCAN]: Found mod file "geckolib-neoforge-1.21.1-4.9.2.jar" [locator: {mods folder locator at D:\aa\a\.minecraft\versions\1.21.1-NeoForge_21.1.249\mods}, reader: mod manifest]
[219月2026 21:39:38.114] [main/INFO] [net.neoforged.fml.loading.moddiscovery.ModDiscoverer/SCAN]: Found mod file "igleelib-1.21.1-1.2.7.jar" [locator: {mods folder locator at D:\aa\a\.minecraft\versions\1.21.1-NeoForge_21.1.249\mods}, reader: mod manifest]
[219月2026 21:39:38.118] [main/INFO] [net.neoforged.fml.loading.moddiscovery.ModDiscoverer/SCAN]: Found mod file "iris-neoforge-1.8.14-beta.1+mc1.21.1.jar" [locator: {mods folder locator at D:\aa\a\.minecraft\versions\1.21.1-NeoForge_21.1.249\mods}, reader: mod manifest]
[219月2026 21:39:38.120] [main/INFO] [net.neoforged.fml.loading.moddiscovery.ModDiscoverer/SCAN]: Found mod file "irons_lib-1.21.1-2.1.0.jar" [locator: {mods folder locator at D:\aa\a\.minecraft\versions\1.21.1-NeoForge_21.1.249\mods}, reader: mod manifest]
[219月2026 21:39:38.123] [main/INFO] [net.neoforged.fml.loading.moddiscovery.ModDiscoverer/SCAN]: Found mod file "kilagraph-neoforge-1.21.1-21.1.0.14.jar" [locator: {mods folder locator at D:\aa\a\.minecraft\versions\1.21.1-NeoForge_21.1.249\mods}, reader: mod manifest]
[219月2026 21:39:38.128] [main/INFO] [net.neoforged.fml.loading.moddiscovery.ModDiscoverer/SCAN]: Found mod file "ldlib2-neoforge-1.21.1-2.2.39.a-all.jar" [locator: {mods folder locator at D:\aa\a\.minecraft\versions\1.21.1-NeoForge_21.1.249\mods}, reader: mod manifest]
[219月2026 21:39:38.132] [main/INFO] [net.neoforged.fml.loading.moddiscovery.ModDiscoverer/SCAN]: Found mod file "mafglib-0.4.3+mc1.21.1.jar" [locator: {mods folder locator at D:\aa\a\.minecraft\versions\1.21.1-NeoForge_21.1.249\mods}, reader: mod manifest]
[219月2026 21:39:38.136] [main/INFO] [net.neoforged.fml.loading.moddiscovery.ModDiscoverer/SCAN]: Found mod file "Multiblocked2-1.21-1.21.1-21.1.1.a-all.jar" [locator: {mods folder locator at D:\aa\a\.minecraft\versions\1.21.1-NeoForge_21.1.249\mods}, reader: mod manifest]
[219月2026 21:39:38.139] [main/INFO] [net.neoforged.fml.loading.moddiscovery.ModDiscoverer/SCAN]: Found mod file "Pehkui-3.8.3+1.21-neoforge.jar" [locator: {mods folder locator at D:\aa\a\.minecraft\versions\1.21.1-NeoForge_21.1.249\mods}, reader: mod manifest]
[219月2026 21:39:38.143] [main/INFO] [net.neoforged.fml.loading.moddiscovery.ModDiscoverer/SCAN]: Found mod file "player-animation-lib-forge-2.0.4+1.21.1.jar" [locator: {mods folder locator at D:\aa\a\.minecraft\versions\1.21.1-NeoForge_21.1.249\mods}, reader: mod manifest]
[219月2026 21:39:38.147] [main/INFO] [net.neoforged.fml.loading.moddiscovery.ModDiscoverer/SCAN]: Found mod file "prefab-custom-addon-2.3.0.jar" [locator: {mods folder locator at D:\aa\a\.minecraft\versions\1.21.1-NeoForge_21.1.249\mods}, reader: mod manifest]
[219月2026 21:39:38.431] [main/WARN] [net.neoforged.jarjar.selection.JarSelector/]: Attempted to select a dependency jar for JarJar which was passed in as source: fabric_renderer_api_v1. Using Mod File: 
[219月2026 21:39:38.431] [main/WARN] [net.neoforged.jarjar.selection.JarSelector/]: Attempted to select a dependency jar for JarJar which was passed in as source: fabric_api_base. Using Mod File: 
[219月2026 21:39:38.431] [main/WARN] [net.neoforged.jarjar.selection.JarSelector/]: Attempted to select a dependency jar for JarJar which was passed in as source: kilagraph. Using Mod File: D:\aa\a\.minecraft\versions\1.21.1-NeoForge_21.1.249\mods\kilagraph-neoforge-1.21.1-21.1.0.14.jar
[219月2026 21:39:38.431] [main/WARN] [net.neoforged.jarjar.selection.JarSelector/]: Attempted to select a dependency jar for JarJar which was passed in as source: fabric_rendering_data_attachment_v1. Using Mod File: 
[219月2026 21:39:38.431] [main/WARN] [net.neoforged.jarjar.selection.JarSelector/]: Attempted to select a dependency jar for JarJar which was passed in as source: fabric_block_view_api_v2. Using Mod File: 
[219月2026 21:39:38.431] [main/INFO] [net.neoforged.fml.loading.moddiscovery.locators.JarInJarDependencyLocator/]: Found 12 dependencies adding them to mods collection
[219月2026 21:39:38.431] [main/INFO] [net.neoforged.fml.loading.moddiscovery.ModDiscoverer/SCAN]: Found gamelibrary file "mixinextras-neoforge-0.5.3.jar" [parent: neoforge-21.1.249-universal.jar, locator: jarinjar, reader: mod manifest]
[219月2026 21:39:38.431] [main/INFO] [net.neoforged.fml.loading.moddiscovery.ModDiscoverer/SCAN]: Found mod file "ponder-neoforge-1.0.82+mc1.21.1.jar" [parent: [机械动力] create-1.21.1-6.0.10.jar, locator: jarinjar, reader: mod manifest]
[219月2026 21:39:38.431] [main/INFO] [net.neoforged.fml.loading.moddiscovery.ModDiscoverer/SCAN]: Found library file "net.neoforged.neoforge-coremods-21.1.249.jar" [parent: neoforge-21.1.249-universal.jar, locator: jarinjar, reader: mod manifest]
[219月2026 21:39:38.431] [main/INFO] [net.neoforged.fml.loading.moddiscovery.ModDiscoverer/SCAN]: Found mod file "xaerolib-neoforge-1.21.1-1.7.1.jar" [parent: [Xaero的小地图] xaerominimap-neoforge-1.21.1-26.4.2.jar, locator: jarinjar, reader: mod manifest]
[219月2026 21:39:38.431] [main/INFO] [net.neoforged.fml.loading.moddiscovery.ModDiscoverer/SCAN]: Found mod file "fabric-networking-api-v1-4.3.0+6db6dff919.jar" [parent: mafglib-0.4.3+mc1.21.1.jar, locator: jarinjar, reader: mod manifest]
[219月2026 21:39:38.431] [main/INFO] [net.neoforged.fml.loading.moddiscovery.ModDiscoverer/SCAN]: Found library file "jcpp-1.4.14.jar" [parent: iris-neoforge-1.8.14-beta.1+mc1.21.1.jar, locator: jarinjar]
[219月2026 21:39:38.431] [main/INFO] [net.neoforged.fml.loading.moddiscovery.ModDiscoverer/SCAN]: Found library file "glsl-transformer-3.0.0-pre3.jar" [parent: iris-neoforge-1.8.14-beta.1+mc1.21.1.jar, locator: jarinjar]
[219月2026 21:39:38.431] [main/INFO] [net.neoforged.fml.loading.moddiscovery.ModDiscoverer/SCAN]: Found gamelibrary file "Registrate-MC1.21-1.3.0+67.jar" [parent: [机械动力] create-1.21.1-6.0.10.jar, locator: jarinjar, reader: mod manifest]
[219月2026 21:39:38.431] [main/INFO] [net.neoforged.fml.loading.moddiscovery.ModDiscoverer/SCAN]: Found library file "kotlin-stdlib-2.4.20-RC3.jar" [parent: ldlib2-neoforge-1.21.1-2.2.39.a-all.jar, locator: jarinjar]
[219月2026 21:39:38.431] [main/INFO] [net.neoforged.fml.loading.moddiscovery.ModDiscoverer/SCAN]: Found mod file "flywheel-neoforge-1.21.1-1.0.6.jar" [parent: [机械动力] create-1.21.1-6.0.10.jar, locator: jarinjar, reader: mod manifest]
[219月2026 21:39:38.431] [main/INFO] [net.neoforged.fml.loading.moddiscovery.ModDiscoverer/SCAN]: Found library file "yoga-1.0.0.jar" [parent: ldlib2-neoforge-1.21.1-2.2.39.a-all.jar, locator: jarinjar]
[219月2026 21:39:38.431] [main/INFO] [net.neoforged.fml.loading.moddiscovery.ModDiscoverer/SCAN]: Found library file "taffy-1.1.4.jar" [parent: ldlib2-neoforge-1.21.1-2.2.39.a-all.jar, locator: jarinjar]
[219月2026 21:39:38.436] [main/INFO] [net.neoforged.fml.loading.moddiscovery.ModDiscoverer/]: 
     Mod List:
		Name Version (Mod Id)

		Architectury 13.0.8 (architectury)
		Bad Packets 0.8.2 (badpackets)
		Cloth Config v15 API 15.0.140 (cloth_config)
		Configuration 3.1.1 (configuration)
		Create 6.0.10 (create)
		CyberWare 1.21.1 Port 1.21.1-1.7.1 (cyber_ware_port)
		Distant Horizons 3.2.0-b (distanthorizons)
		Evolved Mekanism 1.2.1-fix3 (evolvedmekanism)
		Flywheel 1.0.6 (flywheel)
		Forgified Fabric API Base 0.4.42+d1308ded19 (fabric_api_base)
		Forgified Fabric BlockView API (v2) 1.0.10+9afaaf8c19 (fabric_block_view_api_v2)
		Forgified Fabric Networking API (v1)(ThinkingStudio) 4.3.0+6db6dff919 (fabric_networking_api_v1)
		Forgified Fabric Renderer API (v1) 3.4.1+9125b6dc19 (fabric_renderer_api_v1)
		Forgified Fabric Rendering Data Attachment (v1) 0.3.48+73761d2e19 (fabric_rendering_data_attachment_v1)
		FTB Library 2101.1.33 (ftblibrary)
		FTB Ultimine 2101.1.15 (ftbultimine)
		GeckoLib 4 4.9.2 (geckolib)
		Iglee's Library 1.21.1-1.2.7 (igleelib)
		Iris 1.8.14-beta.1+mc1.21.1 (iris)
		Iron's Lib 1.21.1-2.1.0 (irons_lib)
		Jade 15.10.5+neoforge (jade)
		Just Enough Items 19.53.0.425 (jei)
		KilaGraph 21.1.0.14 (kilagraph)
		LowDragLib2 2.2.39.a (ldlib2)
		MaFgLib 0.4.3+mc1.21.1 (mafglib)
		Mekanism 10.7.19 (mekanism)
		Mekanism: Generators 10.7.19 (mekanismgenerators)
		MekanismExtras 1.4.1 (mekanism_extras)
		Minecraft 1.21.1 (minecraft)
		Mouse Tweaks 2.26.1 (mousetweaks)
		Multiblocked2 21.1.1.a (mbd2)
		NeoForge 21.1.249 (neoforge)
		Pehkui 3.8.3+1.21-neoforge (pehkui)
		Player Animator 2.0.4+1.21.1 (playeranimator)
		Ponder 1.0.82+mc1.21.1 (ponder)
		Prefab 1.0.9 (prefab)
		Prefab Custom Addon 2.3.0 (prefab_custom_addon)
		Rhino 2101.2.8-build.91 (rhino)
		Sodium 0.8.13-beta.1+mc1.21.1 (sodium)
		Xaero's Minimap 26.4.2 (xaerominimap)
		Xaero's World Map 1.44.2 (xaeroworldmap)
		XaeroLib 1.7.1 (xaerolib)
[219月2026 21:39:38.637] [main/INFO] [net.neoforged.fml.loading.FMLServiceProvider/CORE]: Loading coremod script-engine for [xaerominimap, xaeroworldmap]
[219月2026 21:39:39.546] [main/INFO] [mixin/]: Compatibility level set to JAVA_21
[219月2026 21:39:39.593] [main/INFO] [cpw.mods.modlauncher.LaunchServiceHandler/MODLAUNCHER]: Launching target 'forgeclient' with arguments [--version, 1.21.1-NeoForge_21.1.249, --gameDir, D:\aa\a\.minecraft\versions\1.21.1-NeoForge_21.1.249, --assetsDir, D:\aa\a\.minecraft\assets, --uuid, 0000000000003005998F50309B84478B, --username, veyne, --assetIndex, 17, --accessToken, ❄❄❄❄❄❄❄❄, --clientId, ${clientid}, --xuid, ${auth_xuid}, --userType, msa, --versionType, PCL, --width, 854, --height, 480]
[219月2026 21:39:39.631] [main/WARN] [mixin/]: Reference map 'configuration.refmap.json' for configuration.mixins.json could not be read. If this is a development environment you can ignore this message
[219月2026 21:39:39.631] [main/WARN] [mixin/]: Reference map 'geckolib.refmap.json' for geckolib.mixins.json could not be read. If this is a development environment you can ignore this message
[219月2026 21:39:39.635] [main/WARN] [mixin/]: Reference map 'irons_lib.refmap.json' for irons_lib.mixins.json could not be read. If this is a development environment you can ignore this message
[219月2026 21:39:39.635] [main/WARN] [mixin/]: Reference map 'projectedstructures.refmap.json' for igleelib.mixins.json could not be read. If this is a development environment you can ignore this message
[219月2026 21:39:39.635] [main/WARN] [mixin/]: Reference map 'prefab.refmap.json' for prefab.mixins.json could not be read. If this is a development environment you can ignore this message
[219月2026 21:39:39.638] [main/WARN] [mixin/]: Reference map 'xaerolib.refmap.json' for xaerolib.mixins.json could not be read. If this is a development environment you can ignore this message
[219月2026 21:39:39.640] [main/WARN] [mixin/]: Reference map 'evolvedmekanism.refmap.json' for evolvedmekanism.mixins.json could not be read. If this is a development environment you can ignore this message
[219月2026 21:39:39.648] [main/WARN] [mixin/]: Reference map 'ponder.refmap.json' for ponder-common.mixins.json could not be read. If this is a development environment you can ignore this message
[219月2026 21:39:39.648] [main/WARN] [mixin/]: Reference map 'xaerominimap.refmap.json' for xaerohud.mixins.json could not be read. If this is a development environment you can ignore this message
[219月2026 21:39:39.648] [main/WARN] [mixin/]: Reference map 'xaerominimap.refmap.json' for xaerominimap.mixins.json could not be read. If this is a development environment you can ignore this message
[219月2026 21:39:39.651] [main/WARN] [mixin/]: Reference map 'xaeroworldmap.refmap.json' for xaeroworldmap.mixins.json could not be read. If this is a development environment you can ignore this message
[219月2026 21:39:39.651] [main/ERROR] [mixin/]: Invalid REFMAP JSON in prefab-custom-addon.refmap.json: org.spongepowered.include.com.google.gson.JsonSyntaxException java.lang.IllegalStateException: Expected a string but was BEGIN_OBJECT at line 1 column 171
[219月2026 21:39:39.651] [main/WARN] [mixin/]: Reference map 'prefab-custom-addon.refmap.json' for prefab-custom-addon.mixins.json could not be read. If this is a development environment you can ignore this message
[219月2026 21:39:39.651] [main/WARN] [mixin/]: Reference map 'iris.refmap.json' for mixins.iris.json could not be read. If this is a development environment you can ignore this message
[219月2026 21:39:39.651] [main/WARN] [mixin/]: Reference map 'iris.refmap.json' for mixins.iris.fantastic.json could not be read. If this is a development environment you can ignore this message
[219月2026 21:39:39.651] [main/WARN] [mixin/]: Reference map 'iris.refmap.json' for mixins.iris.vertexformat.json could not be read. If this is a development environment you can ignore this message
[219月2026 21:39:39.651] [main/WARN] [mixin/]: Reference map 'iris.refmap.json' for iris-batched-entity-rendering.mixins.json could not be read. If this is a development environment you can ignore this message
[219月2026 21:39:39.656] [main/WARN] [mixin/]: Reference map 'iris.refmap.json' for mixins.iris.compat.sodium.json could not be read. If this is a development environment you can ignore this message
[219月2026 21:39:39.691] [main/INFO] [Sodium/]: Loaded configuration file for Sodium: 45 options available, 1 override(s) found
[219月2026 21:39:40.225] [main/WARN] [mixin/]: Error loading class: com/jerry/mekaf/common/content/blocktype/AdvancedFactory (java.lang.ClassNotFoundException: com.jerry.mekaf.common.content.blocktype.AdvancedFactory)
[219月2026 21:39:40.225] [main/WARN] [mixin/]: @Mixin target com.jerry.mekaf.common.content.blocktype.AdvancedFactory was not found mekextra.mixins.json:integration.mekaf.MixinAdvancedFactory from mod mekanism_extras
[219月2026 21:39:40.228] [main/WARN] [mixin/]: Error loading class: com/jerry/mekmm/common/content/blocktype/MoreMachineFactory (java.lang.ClassNotFoundException: com.jerry.mekmm.common.content.blocktype.MoreMachineFactory)
[219月2026 21:39:40.228] [main/WARN] [mixin/]: @Mixin target com.jerry.mekmm.common.content.blocktype.MoreMachineFactory was not found mekextra.mixins.json:integration.mekmm.MixinMoreMachineFactory from mod mekanism_extras
[219月2026 21:39:40.403] [main/WARN] [mixin/]: Error loading class: com/portingdeadmods/cable_facades/events/GameClientEvents$2 (java.lang.ClassNotFoundException: com.portingdeadmods.cable_facades.events.GameClientEvents$2)
[219月2026 21:39:40.403] [main/WARN] [mixin/]: Error loading class: com/direwolf20/justdirethings/client/renderers/OurRenderTypes (java.lang.ClassNotFoundException: com.direwolf20.justdirethings.client.renderers.OurRenderTypes)
[219月2026 21:39:40.408] [main/WARN] [mixin/]: Error loading class: blusunrize/immersiveengineering/client/utils/IEGLShaders (java.lang.ClassNotFoundException: blusunrize.immersiveengineering.client.utils.IEGLShaders)
[219月2026 21:39:40.425] [main/INFO] [DistantHorizons-DistantHorizons-com.seibel.distanthorizons.common.commonMixins.AbstractDhMixinPlugin/]: Immersive Portals not present, skipping DH compatibility mixin.
[219月2026 21:39:40.431] [main/WARN] [Sodium/]: Force-disabling mixin 'features.render.world.sky.ClientLevelMixin' as rule 'mixin.features.render.world.sky' (added by mods [iris]) disables it and children
[219月2026 21:39:40.431] [main/WARN] [Sodium/]: Force-disabling mixin 'features.render.world.sky.FogRendererMixin' as rule 'mixin.features.render.world.sky' (added by mods [iris]) disables it and children
[219月2026 21:39:40.431] [main/WARN] [Sodium/]: Force-disabling mixin 'features.render.world.sky.LevelRendererMixin' as rule 'mixin.features.render.world.sky' (added by mods [iris]) disables it and children
[219月2026 21:39:40.516] [main/WARN] [mixin/]: Error loading class: org/jetbrains/annotations/ApiStatus$ScheduledForRemoval (java.lang.ClassNotFoundException: org.jetbrains.annotations.ApiStatus$ScheduledForRemoval)
[219月2026 21:39:40.550] [main/INFO] [MixinExtras|Service/]: Initializing MixinExtras via com.llamalad7.mixinextras.service.MixinExtrasServiceImpl(version=0.5.3).
[219月2026 21:39:41.901] [Datafixer Bootstrap/INFO] [com.mojang.datafixers.DataFixerBuilder/]: 229 Datafixer optimizations took 308 milliseconds
[219月2026 21:39:46.278] [Render thread/WARN] [net.minecraft.server.packs.VanillaPackResourcesBuilder/]: Assets URL 'union:/D:/aa/a/.minecraft/libraries/net/minecraft/client/1.21.1-20240808.144430/client-1.21.1-20240808.144430-srg.jar%23221!/assets/.mcassetsroot' uses unexpected schema
[219月2026 21:39:46.278] [Render thread/WARN] [net.minecraft.server.packs.VanillaPackResourcesBuilder/]: Assets URL 'union:/D:/aa/a/.minecraft/libraries/net/minecraft/client/1.21.1-20240808.144430/client-1.21.1-20240808.144430-srg.jar%23221!/data/.mcassetsroot' uses unexpected schema
[219月2026 21:39:46.294] [Render thread/INFO] [com.mojang.authlib.yggdrasil.YggdrasilAuthenticationService/]: Environment: Environment[sessionHost=https://sessionserver.mojang.com, servicesHost=https://api.minecraftservices.com, name=PROD]
[219月2026 21:39:46.302] [Render thread/INFO] [net.minecraft.client.Minecraft/]: Setting user: veyne
[219月2026 21:39:46.368] [Render thread/INFO] [Iris/]: Queuing DH event binding...
[219月2026 21:39:46.416] [Render thread/INFO] [net.minecraft.client.Minecraft/]: Backend library: LWJGL version 3.3.3+5
[219月2026 21:39:46.456] [Render thread/INFO] [com.mojang.blaze3d.platform.Window/]: OpenGL Vendor: NVIDIA Corporation
[219月2026 21:39:46.456] [Render thread/INFO] [com.mojang.blaze3d.platform.Window/]: OpenGL Renderer: NVIDIA GeForce RTX 5060 Laptop GPU/PCIe/SSE2
[219月2026 21:39:46.456] [Render thread/INFO] [com.mojang.blaze3d.platform.Window/]: OpenGL Version: 4.6.0 NVIDIA 592.27
[219月2026 21:39:46.458] [Render thread/INFO] [Sodium-NvidiaWorkarounds/]: Modifying OpenGL context to apply workarounds for the NVIDIA graphics driver...
[219月2026 21:39:46.459] [Render thread/INFO] [Sodium-NvidiaWorkarounds/]: Enabling GL_DEBUG_OUTPUT_SYNCHRONOUS to force the NVIDIA driver to disable threaded command submission
[219月2026 21:39:46.550] [ForkJoinPool.commonPool-worker-14/WARN] [Iris/]: [Iris Update Check] Failed to get update info!
javax.net.ssl.SSLHandshakeException: PKIX path building failed: sun.security.provider.certpath.SunCertPathBuilderException: unable to find valid certification path to requested target
	at java.base/sun.security.ssl.Alert.createSSLException(Alert.java:130) ~[?:?]
	at java.base/sun.security.ssl.TransportContext.fatal(TransportContext.java:383) ~[?:?]
	at java.base/sun.security.ssl.TransportContext.fatal(TransportContext.java:326) ~[?:?]
	at java.base/sun.security.ssl.TransportContext.fatal(TransportContext.java:321) ~[?:?]
	at java.base/sun.security.ssl.CertificateMessage$T13CertificateConsumer.checkServerCerts(CertificateMessage.java:1318) ~[?:?]
	at java.base/sun.security.ssl.CertificateMessage$T13CertificateConsumer.onConsumeCertificate(CertificateMessage.java:1195) ~[?:?]
	at java.base/sun.security.ssl.CertificateMessage$T13CertificateConsumer.consume(CertificateMessage.java:1138) ~[?:?]
	at java.base/sun.security.ssl.SSLHandshake.consume(SSLHandshake.java:393) ~[?:?]
	at java.base/sun.security.ssl.HandshakeContext.dispatch(HandshakeContext.java:476) ~[?:?]
	at java.base/sun.security.ssl.HandshakeContext.dispatch(HandshakeContext.java:447) ~[?:?]
	at java.base/sun.security.ssl.TransportContext.dispatch(TransportContext.java:206) ~[?:?]
	at java.base/sun.security.ssl.SSLTransport.decode(SSLTransport.java:172) ~[?:?]
	at java.base/sun.security.ssl.SSLSocketImpl.decode(SSLSocketImpl.java:1506) ~[?:?]
	at java.base/sun.security.ssl.SSLSocketImpl.readHandshakeRecord(SSLSocketImpl.java:1421) ~[?:?]
	at java.base/sun.security.ssl.SSLSocketImpl.startHandshake(SSLSocketImpl.java:455) ~[?:?]
	at java.base/sun.security.ssl.SSLSocketImpl.startHandshake(SSLSocketImpl.java:426) ~[?:?]
	at java.base/sun.net.www.protocol.https.HttpsClient.afterConnect(HttpsClient.java:586) ~[?:?]
	at java.base/sun.net.www.protocol.https.AbstractDelegateHttpsURLConnection.connect(AbstractDelegateHttpsURLConnection.java:187) ~[?:?]
	at java.base/sun.net.www.protocol.http.HttpURLConnection.getInputStream0(HttpURLConnection.java:1690) ~[?:?]
	at java.base/sun.net.www.protocol.http.HttpURLConnection.getInputStream(HttpURLConnection.java:1614) ~[?:?]
	at java.base/sun.net.www.protocol.https.HttpsURLConnectionImpl.getInputStream(HttpsURLConnectionImpl.java:223) ~[?:?]
	at java.base/java.net.URL.openStream(URL.java:1325) ~[?:?]
	at TRANSFORMER/iris@1.8.14-beta.1+mc1.21.1/net.irisshaders.iris.UpdateChecker.lambda$checkForUpdates$0(UpdateChecker.java:89) ~[?:?]
	at java.base/java.util.concurrent.CompletableFuture$AsyncSupply.run(CompletableFuture.java:1768) [?:?]
	at java.base/java.util.concurrent.CompletableFuture$AsyncSupply.exec(CompletableFuture.java:1760) [?:?]
	at java.base/java.util.concurrent.ForkJoinTask.doExec(ForkJoinTask.java:387) [?:?]
	at java.base/java.util.concurrent.ForkJoinPool$WorkQueue.topLevelExec(ForkJoinPool.java:1312) [?:?]
	at java.base/java.util.concurrent.ForkJoinPool.scan(ForkJoinPool.java:1843) [?:?]
	at java.base/java.util.concurrent.ForkJoinPool.runWorker(ForkJoinPool.java:1808) [?:?]
	at java.base/java.util.concurrent.ForkJoinWorkerThread.run(ForkJoinWorkerThread.java:188) [?:?]
Caused by: sun.security.validator.ValidatorException: PKIX path building failed: sun.security.provider.certpath.SunCertPathBuilderException: unable to find valid certification path to requested target
	at java.base/sun.security.validator.PKIXValidator.doBuild(PKIXValidator.java:388) ~[?:?]
	at java.base/sun.security.validator.PKIXValidator.engineValidate(PKIXValidator.java:271) ~[?:?]
	at java.base/sun.security.validator.Validator.validate(Validator.java:256) ~[?:?]
	at java.base/sun.security.ssl.X509TrustManagerImpl.checkTrusted(X509TrustManagerImpl.java:230) ~[?:?]
	at java.base/sun.security.ssl.X509TrustManagerImpl.checkServerTrusted(X509TrustManagerImpl.java:132) ~[?:?]
	at java.base/sun.security.ssl.CertificateMessage$T13CertificateConsumer.checkServerCerts(CertificateMessage.java:1302) ~[?:?]
	... 25 more
Caused by: sun.security.provider.certpath.SunCertPathBuilderException: unable to find valid certification path to requested target
	at java.base/sun.security.provider.certpath.SunCertPathBuilder.build(SunCertPathBuilder.java:148) ~[?:?]
	at java.base/sun.security.provider.certpath.SunCertPathBuilder.engineBuild(SunCertPathBuilder.java:129) ~[?:?]
	at java.base/java.security.cert.CertPathBuilder.build(CertPathBuilder.java:297) ~[?:?]
	at java.base/sun.security.validator.PKIXValidator.doBuild(PKIXValidator.java:383) ~[?:?]
	at java.base/sun.security.validator.PKIXValidator.engineValidate(PKIXValidator.java:271) ~[?:?]
	at java.base/sun.security.validator.Validator.validate(Validator.java:256) ~[?:?]
	at java.base/sun.security.ssl.X509TrustManagerImpl.checkTrusted(X509TrustManagerImpl.java:230) ~[?:?]
	at java.base/sun.security.ssl.X509TrustManagerImpl.checkServerTrusted(X509TrustManagerImpl.java:132) ~[?:?]
	at java.base/sun.security.ssl.CertificateMessage$T13CertificateConsumer.checkServerCerts(CertificateMessage.java:1302) ~[?:?]
	... 25 more
[219月2026 21:39:46.581] [Render thread/INFO] [Iris/]: Debug functionality is disabled.
[219月2026 21:39:46.581] [Render thread/INFO] [Iris/]: OpenGL 4.5 detected, enabling DSA.
[219月2026 21:39:46.673] [modloading-worker-0/INFO] [Multiblocked2/]: Multiblocked2 is initializing on platform: NeoForge
[219月2026 21:39:46.730] [modloading-worker-0/INFO] [LowDragLib2/]: LowDragLib2 is initializing on platform: NeoForge
[219月2026 21:39:46.768] [modloading-worker-0/INFO] [net.neoforged.neoforge.common.NeoForgeMod/NEOFORGE-MOD]: NeoForge mod loading, version 21.1.249, for MC 1.21.1
[219月2026 21:39:46.801] [modloading-worker-0/INFO] [ModernTerminal/]: [MODERN-TERMINAL] 现代终端已并入 prefab_custom_addon
[219月2026 21:39:46.849] [modloading-worker-0/INFO] [xaero.hud.minimap.MinimapLogs/]: Xaero's Minimap: World Map found!
[219月2026 21:39:46.849] [modloading-worker-0/INFO] [xaero.hud.minimap.MinimapLogs/]: No Optifine!
[219月2026 21:39:46.849] [modloading-worker-0/INFO] [xaero.hud.minimap.MinimapLogs/]: Xaero's Minimap: No Vivecraft!
[219月2026 21:39:46.850] [modloading-worker-0/INFO] [xaero.hud.minimap.MinimapLogs/]: Xaero's Minimap: Iris found!
[219月2026 21:39:46.983] [modloading-worker-0/INFO] [xaero.lib.XaeroLib/]: Registering common data for channel xaerolib:main!
[219月2026 21:39:47.024] [modloading-worker-0/ERROR] [prefab_custom_addon/]: [BUILD-ASYNC] resolveSilentBuild: FAILED to find SilentBuild class: ClassNotFoundException: com.example.mymod.warehouse.cloud.SilentBuild
[219月2026 21:39:47.031] [modloading-worker-0/INFO] [xaero.lib.XaeroLib/]: Registering client data for channel xaerolib:main!
[219月2026 21:39:47.045] [modloading-worker-0/INFO] [com.simibubi.create.Create/]: Create 6.0.10 initializing! Commit hash: ac0c444d9828da3453ae8cc65338e8de063286fb
[219月2026 21:39:47.050] [modloading-worker-0/INFO] [xaero.lib.XaeroLib/]: Loading primary common config for channel xaerolib:main!
[219月2026 21:39:47.188] [modloading-worker-0/INFO] [xaero.lib.XaeroLib/]: Loading server config profiles for channel xaerolib:main!
[219月2026 21:39:47.191] [modloading-worker-0/INFO] [xaero.lib.XaeroLib/]: Loading primary client config for channel xaerolib:main!
[219月2026 21:39:47.191] [modloading-worker-0/INFO] [xaero.lib.XaeroLib/]: Loading client config profiles for channel xaerolib:main!
[219月2026 21:39:47.198] [modloading-worker-0/INFO] [xaero.map.WorldMap/]: Registering common data for channel xaeroworldmap:main!
[219月2026 21:39:47.238] [modloading-worker-0/INFO] [xaero.map.WorldMap/]: Registering client data for channel xaeroworldmap:main!
[219月2026 21:39:47.268] [modloading-worker-0/INFO] [xaero.map.WorldMap/]: Loading primary common config for channel xaeroworldmap:main!
[219月2026 21:39:47.270] [Download-2/ERROR] [net.minecraft.client.Minecraft/]: Failed to fetch user properties
com.mojang.authlib.exceptions.InvalidCredentialsException: Status: 401
	at MC-BOOTSTRAP/authlib@6.0.54/com.mojang.authlib.exceptions.MinecraftClientHttpException.toAuthenticationException(MinecraftClientHttpException.java:59) ~[authlib-6.0.54.jar%23111!/:?]
	at MC-BOOTSTRAP/authlib@6.0.54/com.mojang.authlib.yggdrasil.YggdrasilUserApiService.fetchProperties(YggdrasilUserApiService.java:150) ~[authlib-6.0.54.jar%23111!/:?]
	at TRANSFORMER/minecraft@1.21.1/net.minecraft.client.Minecraft.lambda$new$2(Minecraft.java:431) ~[client-1.21.1-20240808.144430-srg.jar%23221!/:?]
	at java.base/java.util.concurrent.CompletableFuture$AsyncSupply.run(CompletableFuture.java:1768) ~[?:?]
	at java.base/java.util.concurrent.ThreadPoolExecutor.runWorker(ThreadPoolExecutor.java:1144) ~[?:?]
	at java.base/java.util.concurrent.ThreadPoolExecutor$Worker.run(ThreadPoolExecutor.java:642) ~[?:?]
	at java.base/java.lang.Thread.run(Thread.java:1583) [?:?]
Caused by: com.mojang.authlib.exceptions.MinecraftClientHttpException: Status: 401
	at MC-BOOTSTRAP/authlib@6.0.54/com.mojang.authlib.minecraft.client.MinecraftClient.readInputStream(MinecraftClient.java:100) ~[authlib-6.0.54.jar%23111!/:?]
	at MC-BOOTSTRAP/authlib@6.0.54/com.mojang.authlib.minecraft.client.MinecraftClient.get(MinecraftClient.java:57) ~[authlib-6.0.54.jar%23111!/:?]
	at MC-BOOTSTRAP/authlib@6.0.54/com.mojang.authlib.yggdrasil.YggdrasilUserApiService.fetchProperties(YggdrasilUserApiService.java:121) ~[authlib-6.0.54.jar%23111!/:?]
	... 5 more
[219月2026 21:39:47.270] [modloading-worker-0/INFO] [xaero.map.WorldMap/]: Loading server config profiles for channel xaeroworldmap:main!
[219月2026 21:39:47.273] [modloading-worker-0/INFO] [xaero.map.WorldMap/]: Loading primary client config for channel xaeroworldmap:main!
[219月2026 21:39:47.280] [modloading-worker-0/INFO] [xaero.map.WorldMap/]: Loading client config profiles for channel xaeroworldmap:main!
[219月2026 21:39:47.284] [modloading-worker-0/INFO] [xaero.common.HudMod/]: Registering common data for channel xaerominimap:main!
[219月2026 21:39:47.325] [modloading-worker-0/INFO] [xaero.common.HudMod/]: Registering client data for channel xaerominimap:main!
[219月2026 21:39:47.351] [modloading-worker-0/INFO] [xaero.common.HudMod/]: Loading primary common config for channel xaerominimap:main!
[219月2026 21:39:47.351] [modloading-worker-0/INFO] [xaero.common.HudMod/]: Loading server config profiles for channel xaerominimap:main!
[219月2026 21:39:47.356] [modloading-worker-0/INFO] [xaero.common.HudMod/]: Loading primary client config for channel xaerominimap:main!
[219月2026 21:39:47.358] [modloading-worker-0/INFO] [xaero.common.HudMod/]: Loading client config profiles for channel xaerominimap:main!
[219月2026 21:39:47.860] [modloading-worker-0/INFO] [com.lowdragmc.kilagraph.Kilagraph/]: KilaGraph blueprint nodes loaded: 494
[219月2026 21:39:47.876] [modloading-worker-0/INFO] [com.lowdragmc.kilagraph.Kilagraph/]: KilaGraph rendertype nodes loaded: 176
[219月2026 21:39:48.300] [modloading-worker-0/WARN] [mixin/]: Discarding @Unique public method getRecipeType in evolvedmekanism.mixins.json:tiles.factories.TileEntityCombiningFactoryMixin from mod evolvedmekanism because it already exists in mekanism.common.tile.factory.TileEntityCombiningFactory
[219月2026 21:39:48.300] [modloading-worker-0/WARN] [mixin/]: Discarding @Unique public method getRecipe in evolvedmekanism.mixins.json:tiles.factories.TileEntityCombiningFactoryMixin from mod evolvedmekanism because it already exists in mekanism.common.tile.factory.TileEntityCombiningFactory
[219月2026 21:39:48.300] [modloading-worker-0/WARN] [mixin/]: Discarding @Unique public method createNewCachedRecipe in evolvedmekanism.mixins.json:tiles.factories.TileEntityCombiningFactoryMixin from mod evolvedmekanism because it already exists in mekanism.common.tile.factory.TileEntityCombiningFactory
[219月2026 21:39:48.300] [modloading-worker-0/WARN] [mixin/]: Discarding @Unique public method isItemValidForSlot in evolvedmekanism.mixins.json:tiles.factories.TileEntityCombiningFactoryMixin from mod evolvedmekanism because it already exists in mekanism.common.tile.factory.TileEntityCombiningFactory
[219月2026 21:39:48.300] [modloading-worker-0/WARN] [mixin/]: Discarding @Unique public method isValidInputItem in evolvedmekanism.mixins.json:tiles.factories.TileEntityCombiningFactoryMixin from mod evolvedmekanism because it already exists in mekanism.common.tile.factory.TileEntityCombiningFactory
[219月2026 21:39:48.340] [modloading-worker-0/WARN] [mixin/]: Discarding @Unique public method isItemValidForSlot in evolvedmekanism.mixins.json:tiles.TileEntitySawingFactoryMixin from mod evolvedmekanism because it already exists in mekanism.common.tile.factory.TileEntitySawingFactory
[219月2026 21:39:48.340] [modloading-worker-0/WARN] [mixin/]: Discarding @Unique public method isValidInputItem in evolvedmekanism.mixins.json:tiles.TileEntitySawingFactoryMixin from mod evolvedmekanism because it already exists in mekanism.common.tile.factory.TileEntitySawingFactory
[219月2026 21:39:48.340] [modloading-worker-0/WARN] [mixin/]: Discarding @Unique public method getRecipeType in evolvedmekanism.mixins.json:tiles.TileEntitySawingFactoryMixin from mod evolvedmekanism because it already exists in mekanism.common.tile.factory.TileEntitySawingFactory
[219月2026 21:39:48.340] [modloading-worker-0/WARN] [mixin/]: Discarding @Unique public method getRecipe in evolvedmekanism.mixins.json:tiles.TileEntitySawingFactoryMixin from mod evolvedmekanism because it already exists in mekanism.common.tile.factory.TileEntitySawingFactory
[219月2026 21:39:48.340] [modloading-worker-0/WARN] [mixin/]: Discarding @Unique public method createNewCachedRecipe in evolvedmekanism.mixins.json:tiles.TileEntitySawingFactoryMixin from mod evolvedmekanism because it already exists in mekanism.common.tile.factory.TileEntitySawingFactory
[219月2026 21:39:48.538] [modloading-worker-0/INFO] [fr.iglee42.evolvedmekanism.EvolvedMekanism/]: Evolved Mekanism Launched
[219月2026 21:39:48.540] [modloading-worker-0/INFO] [fr.iglee42.evolvedmekanism.EvolvedMekanism/]: Initializing Enum Injections
[219月2026 21:39:48.791] [modloading-worker-0/INFO] [mezz.jei.library.load.PluginCaller/]: Sending ConfigManager...
[219月2026 21:39:48.791] [modloading-worker-0/INFO] [mezz.jei.library.load.PluginCaller/]: Sending ConfigManager took 1.176 milliseconds
[219月2026 21:39:48.900] [modloading-sync-worker/INFO] [Multiblocked2/]: Loading recipe types
[219月2026 21:39:48.905] [modloading-sync-worker/INFO] [Multiblocked2/]: Loading machines
[219月2026 21:39:50.118] [modloading-sync-worker/INFO] [prefab_custom_addon/]: [CUSTOM_BULLDOZER-DEBUG] 注册 ID = prefab_custom_addon:custom_bulldozer
[219月2026 21:39:50.119] [modloading-sync-worker/INFO] [prefab_custom_addon/]: [OPERATION_WAND-DEBUG] 注册 ID = prefab_custom_addon:operation_wand
[219月2026 21:39:51.581] [Render thread/INFO] [Iris/]: Hardware information:
[219月2026 21:39:51.581] [Render thread/INFO] [Iris/]: CPU: 24x Intel(R) Core(TM) i7-14650HX
[219月2026 21:39:51.581] [Render thread/INFO] [Iris/]: GPU: NVIDIA GeForce RTX 5060 Laptop GPU/PCIe/SSE2 (Supports OpenGL 4.6.0 NVIDIA 592.27)
[219月2026 21:39:51.581] [Render thread/INFO] [Iris/]: OS: Windows 11 (10.0)
[219月2026 21:39:51.688] [Render thread/INFO] [prefab_custom_addon/]: [MINI_BUILDING] Registered IClientItemExtensions for MiniBuildingBlockItem
[219月2026 21:39:52.078] [Render thread/INFO] [net.minecraft.server.packs.resources.ReloadableResourceManager/]: Reloading ResourceManager: vanilla, mod_resources, mod/sodium, mod/rhino, mod/fabric_api_base, mod/fabric_renderer_api_v1, mod/configuration, mod/mousetweaks, mod/jade, mod/geckolib, mod/mafglib,malilib, mod/playeranimator, mod/mbd2, mod/irons_lib, mod/igleelib, mod/prefab, mod/xaerolib, mod/pehkui, mod/mekanism, mod/mekanism_extras, mod/evolvedmekanism, mod/jei, mod/flywheel, mod/ponder, mod/create, mod/xaerominimap, mod/xaeroworldmap, mod/neoforge, mod/prefab_custom_addon, mod/fabric_block_view_api_v2, mod/badpackets, mod/iris, mod/ftbultimine, mod/kilagraph, mod/cyber_ware_port, mod/architectury, mod/ftblibrary, mod/distanthorizons, mod/mekanismgenerators, mod/fabric_rendering_data_attachment_v1, mod/fabric_networking_api_v1, mod/cloth_config, mod/ldlib2, ldlib2
[219月2026 21:39:52.090] [Worker-Main-9/INFO] [xaero.lib.XaeroLib/]: Loading XaeroLib common 1/2!
[219月2026 21:39:52.092] [Worker-Main-14/INFO] [prefab_custom_addon/]: Prefab Custom Addon common setup
[219月2026 21:39:52.095] [Worker-Main-14/INFO] [prefab_custom_addon/]: [DEBUG-RECIPE] 发现 recipe JSON: custom_blueprint.json
[219月2026 21:39:52.095] [Worker-Main-14/INFO] [prefab_custom_addon/]: [DEBUG-RECIPE] 发现 recipe JSON: custom_bulldozer.json
[219月2026 21:39:52.095] [Worker-Main-14/INFO] [prefab_custom_addon/]: [DEBUG-RECIPE] 发现 recipe JSON: mini_building_converter.json
[219月2026 21:39:52.095] [Worker-Main-14/INFO] [prefab_custom_addon/]: [DEBUG-RECIPE] 发现 recipe JSON: multiblock_blueprint.json
[219月2026 21:39:52.095] [Worker-Main-14/INFO] [prefab_custom_addon/]: [DEBUG-RECIPE] 发现 recipe JSON: outsource_blueprint_adventurer_tavern.json
[219月2026 21:39:52.095] [Worker-Main-14/INFO] [prefab_custom_addon/]: [DEBUG-RECIPE] 发现 recipe JSON: outsource_blueprint_forge_workshop.json
[219月2026 21:39:52.095] [Worker-Main-14/INFO] [prefab_custom_addon/]: [DEBUG-RECIPE] 发现 recipe JSON: outsource_blueprint_light_tree.json
[219月2026 21:39:52.095] [Worker-Main-14/INFO] [prefab_custom_addon/]: [DEBUG-RECIPE] 发现 recipe JSON: outsource_blueprint_lingshui_inn.json
[219月2026 21:39:52.095] [Worker-Main-14/INFO] [prefab_custom_addon/]: [DEBUG-RECIPE] 发现 recipe JSON: outsource_blueprint_medieval_house.json
[219月2026 21:39:52.095] [Worker-Main-14/INFO] [prefab_custom_addon/]: [DEBUG-RECIPE] 发现 recipe JSON: outsource_blueprint_shop.json
[219月2026 21:39:52.095] [Worker-Main-14/INFO] [prefab_custom_addon/]: [DEBUG-RECIPE] 发现 recipe JSON: outsource_blueprint_small_building.json
[219月2026 21:39:52.095] [Worker-Main-14/INFO] [prefab_custom_addon/]: [DEBUG-RECIPE] 发现 recipe JSON: outsource_blueprint_windmill_building.json
[219月2026 21:39:52.095] [Worker-Main-7/INFO] [mekanism.common.Mekanism/]: Version 10.7.19 initializing...
[219月2026 21:39:52.097] [Worker-Main-1/WARN] [GeckoLib/]: Found animation file with improper file name format; animation files should end in .animation.json: 'irons_lib:animations/wizard_armor_animation.json'
[219月2026 21:39:52.108] [Worker-Main-7/INFO] [mekanism.common.Mekanism/]: Initialized HolidayManager.
[219月2026 21:39:52.131] [Worker-Main-7/INFO] [mekanism.common.Mekanism/]: Fake player readout: UUID = 46e82cd0-d480-3d48-800a-77431ede078e, name = [Mekanism]
[219月2026 21:39:52.131] [Worker-Main-7/INFO] [mekanism.common.Mekanism/]: Mod loaded.
[219月2026 21:39:52.131] [Worker-Main-7/INFO] [mekanism.common.Mekanism/]: Loaded 'Mekanism: Generators' module.
[219月2026 21:39:52.131] [Worker-Main-7/INFO] [fr.iglee42.evolvedmekanism.EvolvedMekanism/]: Initializing Enum Injections
[219月2026 21:39:52.192] [NeoForge Version Check/INFO] [net.neoforged.fml.VersionChecker/]: [create] Starting version check at https://api.modrinth.com/updates/create/forge_updates.json?neoforge=only
[219月2026 21:39:52.357] [Worker-Main-23/INFO] [net.minecraft.client.gui.font.providers.UnihexProvider/]: Found unifont_all_no_pua-15.1.05.hex, loading
[219月2026 21:39:52.478] [Worker-Main-9/INFO] [net.minecraft.client.gui.font.providers.UnihexProvider/]: Found unifont_jp_patch-15.1.05.hex, loading
[219月2026 21:39:52.560] [Render thread/WARN] [LowDragLib2/]: Font minecraft:default resolved to no glyph sources
[219月2026 21:39:52.598] [Render thread/INFO] [prefab_custom_addon/]: [BUILTIN] 已写入 D:\aa\a\.minecraft\versions\1.21.1-NeoForge_21.1.249\prefab-outsource\投影.zip (143620 bytes,REPLACE_EXISTING)
[219月2026 21:39:52.629] [Render thread/INFO] [prefab_custom_addon/]: [LITEMATICA] Converting region 'Unnamed' from .litematic
[219月2026 21:39:52.629] [Render thread/INFO] [prefab_custom_addon/]: [LITEMATICA] Region size: 37x53x45 pos=(0,0,0) palette=226 longArrayLen=11031 forceFlipY=false rawYFlip=false
[219月2026 21:39:52.656] [Render thread/INFO] [prefab_custom_addon/]: [LITEMATICA] Metadata: name=Unnamed author=KALETFISH desc=(none)
[219月2026 21:39:52.656] [Render thread/INFO] [prefab_custom_addon/]: [LITEMATICA] Converted: added=4779 skippedAir=83466 skippedOOB=0
[219月2026 21:39:52.678] [Render thread/INFO] [prefab_custom_addon/]: [LITEMATICA] Converting region 'Unnamed' from .litematic
[219月2026 21:39:52.678] [Render thread/INFO] [prefab_custom_addon/]: [LITEMATICA] Region size: 18x13x26 pos=(0,0,0) palette=53 longArrayLen=571 forceFlipY=false rawYFlip=false
[219月2026 21:39:52.680] [Render thread/INFO] [prefab_custom_addon/]: [LITEMATICA] Metadata: name=Unnamed author=KALETFISH desc=(none)
[219月2026 21:39:52.680] [Render thread/INFO] [prefab_custom_addon/]: [LITEMATICA] Converted: added=796 skippedAir=5288 skippedOOB=0
[219月2026 21:39:52.684] [Render thread/INFO] [prefab_custom_addon/]: [LITEMATICA] Converting region 'Unnamed' from .litematic
[219月2026 21:39:52.684] [Render thread/INFO] [prefab_custom_addon/]: [LITEMATICA] Region size: 34x22x44 pos=(0,21,43) palette=288 longArrayLen=4629 forceFlipY=true rawYFlip=false
[219月2026 21:39:52.690] [Render thread/INFO] [prefab_custom_addon/]: [LITEMATICA] Metadata: name=Unnamed author=KALETFISH desc=(none)
[219月2026 21:39:52.690] [Render thread/INFO] [prefab_custom_addon/]: [LITEMATICA] Converted: added=4277 skippedAir=28635 skippedOOB=0
[219月2026 21:39:52.696] [Render thread/INFO] [prefab_custom_addon/]: [LITEMATICA] Converting region 'Unnamed' from .litematic
[219月2026 21:39:52.696] [Render thread/INFO] [prefab_custom_addon/]: [LITEMATICA] Region size: 20x41x31 pos=(0,0,0) palette=171 longArrayLen=3178 forceFlipY=false rawYFlip=false
[219月2026 21:39:52.698] [Render thread/INFO] [prefab_custom_addon/]: [LITEMATICA] Metadata: name=Unnamed author=KALETFISH desc=(none)
[219月2026 21:39:52.698] [Render thread/INFO] [prefab_custom_addon/]: [LITEMATICA] Converted: added=4149 skippedAir=21271 skippedOOB=0
[219月2026 21:39:52.705] [Render thread/INFO] [prefab_custom_addon/]: [LITEMATICA] Converting region 'Unnamed' from .litematic
[219月2026 21:39:52.705] [Render thread/INFO] [prefab_custom_addon/]: [LITEMATICA] Region size: 6x15x14 pos=(0,0,0) palette=31 longArrayLen=99 forceFlipY=false rawYFlip=false
[219月2026 21:39:52.705] [Render thread/INFO] [prefab_custom_addon/]: [LITEMATICA] Metadata: name=Unnamed author=KALETFISH desc=(none)
[219月2026 21:39:52.705] [Render thread/INFO] [prefab_custom_addon/]: [LITEMATICA] Converted: added=93 skippedAir=1167 skippedOOB=0
[219月2026 21:39:52.705] [Render thread/INFO] [prefab_custom_addon/]: [LITEMATICA] Converting region 'Unnamed' from .litematic
[219月2026 21:39:52.705] [Render thread/INFO] [prefab_custom_addon/]: [LITEMATICA] Region size: 9x6x53 pos=(0,0,0) palette=33 longArrayLen=269 forceFlipY=false rawYFlip=false
[219月2026 21:39:52.705] [Render thread/INFO] [prefab_custom_addon/]: [LITEMATICA] Metadata: name=Unnamed author=KALETFISH desc=(none)
[219月2026 21:39:52.705] [Render thread/INFO] [prefab_custom_addon/]: [LITEMATICA] Converted: added=699 skippedAir=2163 skippedOOB=0
[219月2026 21:39:52.708] [Render thread/INFO] [prefab_custom_addon/]: [LITEMATICA] Converting region 'Unnamed' from .litematic
[219月2026 21:39:52.708] [Render thread/INFO] [prefab_custom_addon/]: [LITEMATICA] Region size: 7x8x10 pos=(0,0,0) palette=33 longArrayLen=53 forceFlipY=false rawYFlip=false
[219月2026 21:39:52.708] [Render thread/INFO] [prefab_custom_addon/]: [LITEMATICA] Metadata: name=Unnamed author=KALETFISH desc=(none)
[219月2026 21:39:52.708] [Render thread/INFO] [prefab_custom_addon/]: [LITEMATICA] Converted: added=139 skippedAir=421 skippedOOB=0
[219月2026 21:39:52.712] [Render thread/INFO] [prefab_custom_addon/]: [LITEMATICA] Converting region 'Unnamed' from .litematic
[219月2026 21:39:52.712] [Render thread/INFO] [prefab_custom_addon/]: [LITEMATICA] Region size: 71x64x110 pos=(0,0,0) palette=102 longArrayLen=54670 forceFlipY=false rawYFlip=false
[219月2026 21:39:52.745] [Render thread/INFO] [prefab_custom_addon/]: [LITEMATICA] Metadata: name=Unnamed author=KALETFISH desc=(none)
[219月2026 21:39:52.745] [Render thread/INFO] [prefab_custom_addon/]: [LITEMATICA] Converted: added=23944 skippedAir=475896 skippedOOB=0
[219月2026 21:39:52.778] [Render thread/INFO] [prefab_custom_addon/]: [LITEMATICA] Converting region 'Unnamed' from .litematic
[219月2026 21:39:52.779] [Render thread/INFO] [prefab_custom_addon/]: [LITEMATICA] Region size: 33x24x34 pos=(0,0,0) palette=254 longArrayLen=3366 forceFlipY=false rawYFlip=false
[219月2026 21:39:52.780] [Render thread/INFO] [prefab_custom_addon/]: [LITEMATICA] Metadata: name=Unnamed author=KALETFISH desc=(none)
[219月2026 21:39:52.780] [Render thread/INFO] [prefab_custom_addon/]: [LITEMATICA] Converted: added=4274 skippedAir=22654 skippedOOB=0
[219月2026 21:39:52.789] [Render thread/INFO] [prefab_custom_addon/]: [LITEMATICA] Converting region 'Unnamed' from .litematic
[219月2026 21:39:52.789] [Render thread/INFO] [prefab_custom_addon/]: [LITEMATICA] Region size: 73x80x70 pos=(0,0,0) palette=443 longArrayLen=57488 forceFlipY=false rawYFlip=false
[219月2026 21:39:52.841] [Render thread/INFO] [prefab_custom_addon/]: [LITEMATICA] Metadata: name=Unnamed author=KALETFISH desc=(none)
[219月2026 21:39:52.841] [Render thread/INFO] [prefab_custom_addon/]: [LITEMATICA] Converted: added=113178 skippedAir=295622 skippedOOB=0
[219月2026 21:39:52.931] [Render thread/INFO] [prefab_custom_addon/]: [LITEMATICA] Converting region 'Unnamed' from .litematic
[219月2026 21:39:52.931] [Render thread/INFO] [prefab_custom_addon/]: [LITEMATICA] Region size: 27x32x26 pos=(0,0,0) palette=226 longArrayLen=2808 forceFlipY=false rawYFlip=false
[219月2026 21:39:52.933] [Render thread/INFO] [prefab_custom_addon/]: [LITEMATICA] Metadata: name=Unnamed author=KALETFISH desc=(none)
[219月2026 21:39:52.933] [Render thread/INFO] [prefab_custom_addon/]: [LITEMATICA] Converted: added=3696 skippedAir=18768 skippedOOB=0
[219月2026 21:39:52.939] [Render thread/INFO] [prefab_custom_addon/]: [LITEMATICA] Converting region 'Unnamed' from .litematic
[219月2026 21:39:52.939] [Render thread/INFO] [prefab_custom_addon/]: [LITEMATICA] Region size: 25x45x34 pos=(0,0,0) palette=155 longArrayLen=4782 forceFlipY=false rawYFlip=false
[219月2026 21:39:52.942] [Render thread/INFO] [prefab_custom_addon/]: [LITEMATICA] Metadata: name=Unnamed author=KALETFISH desc=(none)
[219月2026 21:39:52.942] [Render thread/INFO] [prefab_custom_addon/]: [LITEMATICA] Converted: added=3356 skippedAir=34894 skippedOOB=0
[219月2026 21:39:52.948] [Render thread/INFO] [prefab_custom_addon/]: [OUTSOURCE]  + 中世纪小屋 风格数=2 (来自 投影.zip)
[219月2026 21:39:52.948] [Render thread/INFO] [prefab_custom_addon/]: [OUTSOURCE]  + 冒险者酒馆 风格数=1 (来自 投影.zip)
[219月2026 21:39:52.948] [Render thread/INFO] [prefab_custom_addon/]: [OUTSOURCE]  + 商店 风格数=1 (来自 投影.zip)
[219月2026 21:39:52.948] [Render thread/INFO] [prefab_custom_addon/]: [OUTSOURCE]  + 小建筑 风格数=3 (来自 投影.zip)
[219月2026 21:39:52.948] [Render thread/INFO] [prefab_custom_addon/]: [OUTSOURCE]  + 棱光树 风格数=1 (来自 投影.zip)
[219月2026 21:39:52.948] [Render thread/INFO] [prefab_custom_addon/]: [OUTSOURCE]  + 锻造工坊 风格数=1 (来自 投影.zip)
[219月2026 21:39:52.948] [Render thread/INFO] [prefab_custom_addon/]: [OUTSOURCE]  + 陵水旅馆 风格数=1 (来自 投影.zip)
[219月2026 21:39:52.948] [Render thread/INFO] [prefab_custom_addon/]: [OUTSOURCE]  + 风车建筑 风格数=2 (来自 投影.zip)
[219月2026 21:39:52.948] [Render thread/INFO] [prefab_custom_addon/]: [OUTSOURCE] 扫描完成: 1 个 ZIP, 8 个建筑 (共 12 种风格)
[219月2026 21:39:52.948] [Render thread/INFO] [prefab_custom_addon/]: [BUILTIN] 内置包解包完成, 重新扫描发现 8 个建筑
[219月2026 21:39:53.108] [Worker-Main-8/WARN] [net.minecraft.client.resources.model.BlockStateModelLoader/]: Exception loading blockstate definition: 'evolvedmekanism:blockstates/netherrack_naquadah_ore.json' missing model for variant: 'evolvedmekanism:netherrack_naquadah_ore#'
[219月2026 21:39:53.108] [Worker-Main-8/WARN] [net.minecraft.client.resources.model.BlockStateModelLoader/]: Exception loading blockstate definition: 'evolvedmekanism:blockstates/end_stone_naquadah_ore.json' missing model for variant: 'evolvedmekanism:end_stone_naquadah_ore#'
[219月2026 21:39:53.108] [Worker-Main-8/WARN] [net.minecraft.client.resources.model.BlockStateModelLoader/]: Exception loading blockstate definition: 'evolvedmekanism:blockstates/holystone_naquadah_ore.json' missing model for variant: 'evolvedmekanism:holystone_naquadah_ore#'
[219月2026 21:39:53.108] [Worker-Main-8/WARN] [net.minecraft.client.resources.model.BlockStateModelLoader/]: Exception loading blockstate definition: 'evolvedmekanism:blockstates/depthrock_naquadah_ore.json' missing model for variant: 'evolvedmekanism:depthrock_naquadah_ore#'
[219月2026 21:39:53.108] [Worker-Main-8/WARN] [net.minecraft.client.resources.model.BlockStateModelLoader/]: Exception loading blockstate definition: 'evolvedmekanism:blockstates/shiverstone_naquadah_ore.json' missing model for variant: 'evolvedmekanism:shiverstone_naquadah_ore#'
[219月2026 21:39:53.133] [Worker-Main-14/INFO] [xaero.minimap.XaeroMinimap/]: Loading Xaero's Minimap - Stage 1/2
[219月2026 21:39:53.133] [Worker-Main-23/INFO] [prefab_custom_addon/]: Prefab Custom Addon client setup
[219月2026 21:39:53.133] [Worker-Main-10/INFO] [xaero.map.WorldMap/]: Loading Xaero's World Map - Stage 1/2
[219月2026 21:39:53.139] [Worker-Main-11/INFO] [xaero.lib.XaeroLib/]: Loading XaeroLib client 1/2!
[219月2026 21:39:53.150] [Worker-Main-23/INFO] [prefab_custom_addon/]: [DIAG-INIT] gameDir = D:\aa\a\.minecraft\versions\1.21.1-NeoForge_21.1.249
[219月2026 21:39:53.150] [Worker-Main-23/INFO] [prefab_custom_addon/]: [DIAG-INIT] gameDir/prefab-extension 存在? true
[219月2026 21:39:53.150] [Worker-Main-23/INFO] [prefab_custom_addon/]: [DIAG-INIT] gameDir/versions 存在? false
[219月2026 21:39:53.150] [Worker-Main-23/INFO] [prefab_custom_addon/]: [DIAG-INIT] findVersionExtensionDir 返回: null
[219月2026 21:39:53.150] [Worker-Main-23/INFO] [prefab_custom_addon/]: [DIAG-INIT] 最终 extensionDir = D:\aa\a\.minecraft\versions\1.21.1-NeoForge_21.1.249\prefab-extension
[219月2026 21:39:53.150] [Worker-Main-23/INFO] [prefab_custom_addon/]: [DIAG-INIT] extensionDir 存在? true
[219月2026 21:39:53.153] [Worker-Main-23/INFO] [prefab_custom_addon/]: [DIAG-INIT] extensionDir 内容: a.nbt, a.txt, server-cache, x.nbt, x.txt, xx.nbt, xx.txt, 动态储罐.nbt, 动态储罐.txt, 土高炉.nbt, 土高炉.txt, 
[219月2026 21:39:53.153] [Worker-Main-23/INFO] [prefab_custom_addon/]: Scanning extension directory: D:\aa\a\.minecraft\versions\1.21.1-NeoForge_21.1.249\prefab-extension
[219月2026 21:39:53.154] [Worker-Main-23/INFO] [prefab_custom_addon/]: Found 5 extension files in D:\aa\a\.minecraft\versions\1.21.1-NeoForge_21.1.249\prefab-extension
[219月2026 21:39:53.154] [Worker-Main-23/INFO] [prefab_custom_addon/]: Found extension file: D:\aa\a\.minecraft\versions\1.21.1-NeoForge_21.1.249\prefab-extension\a.nbt
[219月2026 21:39:53.154] [Worker-Main-23/INFO] [prefab_custom_addon/]: Found extension file: D:\aa\a\.minecraft\versions\1.21.1-NeoForge_21.1.249\prefab-extension\x.nbt
[219月2026 21:39:53.154] [Worker-Main-23/INFO] [prefab_custom_addon/]: Found extension file: D:\aa\a\.minecraft\versions\1.21.1-NeoForge_21.1.249\prefab-extension\xx.nbt
[219月2026 21:39:53.154] [Worker-Main-23/INFO] [prefab_custom_addon/]: Found extension file: D:\aa\a\.minecraft\versions\1.21.1-NeoForge_21.1.249\prefab-extension\动态储罐.nbt
[219月2026 21:39:53.154] [Worker-Main-23/INFO] [prefab_custom_addon/]: Found extension file: D:\aa\a\.minecraft\versions\1.21.1-NeoForge_21.1.249\prefab-extension\土高炉.nbt
[219月2026 21:39:53.154] [Worker-Main-23/INFO] [prefab_custom_addon/]: [DIAG-SCAN] a.nbt(file), a.txt(file), server-cache(dir), x.nbt(file), x.txt(file), xx.nbt(file), xx.txt(file), 动态储罐.nbt(file), 动态储罐.txt(file), 土高炉.nbt(file), 土高炉.txt(file), 
[219月2026 21:39:53.154] [Worker-Main-23/INFO] [prefab_custom_addon/]: [HOT-RELOAD] 新增 file: [xx.nbt, 土高炉.nbt, 动态储罐.nbt, x.nbt, a.nbt]
[219月2026 21:39:53.168] [Worker-Main-23/INFO] [prefab_custom_addon/]: [STANDALONE-NBT] 加载独立建筑 'a' (454 字节)
[219月2026 21:39:53.178] [Worker-Main-23/INFO] [prefab_custom_addon/]: [STANDALONE-NBT] 加载独立建筑 'x' (180 字节)
[219月2026 21:39:53.178] [Worker-Main-23/INFO] [prefab_custom_addon/]: [STANDALONE-NBT] 加载独立建筑 'xx' (428 字节)
[219月2026 21:39:53.180] [Worker-Main-23/INFO] [prefab_custom_addon/]: [STANDALONE-NBT] 加载独立建筑 '动态储罐' (253 字节)
[219月2026 21:39:53.180] [Worker-Main-23/INFO] [prefab_custom_addon/]: [STANDALONE-NBT] 加载独立建筑 '土高炉' (317 字节)
[219月2026 21:39:53.181] [Worker-Main-23/INFO] [prefab_custom_addon/]: [SERVER-CACHE] Found 5 extension files in D:\aa\a\.minecraft\versions\1.21.1-NeoForge_21.1.249\prefab-extension\server-cache
[219月2026 21:39:53.181] [Worker-Main-23/INFO] [prefab_custom_addon/]: [SERVER-CACHE] Found extension file: D:\aa\a\.minecraft\versions\1.21.1-NeoForge_21.1.249\prefab-extension\server-cache\a.nbt
[219月2026 21:39:53.181] [Worker-Main-23/INFO] [prefab_custom_addon/]: [SERVER-CACHE] Found extension file: D:\aa\a\.minecraft\versions\1.21.1-NeoForge_21.1.249\prefab-extension\server-cache\x.nbt
[219月2026 21:39:53.181] [Worker-Main-23/INFO] [prefab_custom_addon/]: [SERVER-CACHE] Found extension file: D:\aa\a\.minecraft\versions\1.21.1-NeoForge_21.1.249\prefab-extension\server-cache\xx.nbt
[219月2026 21:39:53.181] [Worker-Main-23/INFO] [prefab_custom_addon/]: [SERVER-CACHE] Found extension file: D:\aa\a\.minecraft\versions\1.21.1-NeoForge_21.1.249\prefab-extension\server-cache\动态储罐.nbt
[219月2026 21:39:53.181] [Worker-Main-23/INFO] [prefab_custom_addon/]: [SERVER-CACHE] Found extension file: D:\aa\a\.minecraft\versions\1.21.1-NeoForge_21.1.249\prefab-extension\server-cache\土高炉.nbt
[219月2026 21:39:53.181] [Worker-Main-23/INFO] [prefab_custom_addon/]: [DIAG-SCAN] a.nbt(file), x.nbt(file), xx.nbt(file), 动态储罐.nbt(file), 土高炉.nbt(file), 
[219月2026 21:39:53.181] [Worker-Main-16/INFO] [DistantHorizons-DistantHorizons-com.seibel.distanthorizons.common.AbstractModInitializer_neoforge/]: Initializing Distant Horizons client, firing DhApiBeforeDhInitEvent...
[219月2026 21:39:53.181] [Worker-Main-23/INFO] [prefab_custom_addon/]: [STANDALONE-NBT] 加载独立建筑 'a' (454 字节)
[219月2026 21:39:53.181] [Worker-Main-23/INFO] [prefab_custom_addon/]: [STANDALONE-NBT] 加载独立建筑 'x' (180 字节)
[219月2026 21:39:53.181] [Worker-Main-23/INFO] [prefab_custom_addon/]: [STANDALONE-NBT] 加载独立建筑 'xx' (428 字节)
[219月2026 21:39:53.181] [Worker-Main-23/INFO] [prefab_custom_addon/]: [STANDALONE-NBT] 加载独立建筑 '动态储罐' (253 字节)
[219月2026 21:39:53.181] [Worker-Main-23/INFO] [prefab_custom_addon/]: [STANDALONE-NBT] 加载独立建筑 '土高炉' (317 字节)
[219月2026 21:39:53.184] [Worker-Main-23/INFO] [prefab_custom_addon/]: [DIAG-DEDUPE] dedupeByPackageName: byPkg 大小 1, noPkg 大小 0
[219月2026 21:39:53.184] [Worker-Main-23/INFO] [prefab_custom_addon/]: [DIAG-DEDUPE]   byPkg['__standalone__']: 10 个 pack, 名称: [a, x, xx, 动态储罐, 土高炉, a, x, xx, 动态储罐, 土高炉]
[219月2026 21:39:53.184] [Worker-Main-23/INFO] [prefab_custom_addon/]: Loaded 10 extension packs (after dedup)
[219月2026 21:39:53.200] [Worker-Main-16/INFO] [DistantHorizons-DistantHorizons-com.seibel.distanthorizons.core.Initializer/]: Running library validation...
[219月2026 21:39:53.200] [Worker-Main-23/INFO] [ModernTerminal/]: [MODERN-TERMINAL] 终端客户端装配完成 (Menu UI 钩子)
[219月2026 21:39:53.359] [Worker-Main-8/WARN] [net.minecraft.client.resources.model.ModelBakery/]: Unable to load model: 'evolvedmekanism:item/depthrock_naquadah_ore' referenced from: evolvedmekanism:item/depthrock_naquadah_ore: java.io.FileNotFoundException: evolvedmekanism:models/item/depthrock_naquadah_ore.json
[219月2026 21:39:53.365] [Worker-Main-8/WARN] [net.minecraft.client.resources.model.ModelBakery/]: Unable to load model: 'evolvedmekanism:item/netherrack_naquadah_ore' referenced from: evolvedmekanism:item/netherrack_naquadah_ore: java.io.FileNotFoundException: evolvedmekanism:models/item/netherrack_naquadah_ore.json
[219月2026 21:39:53.370] [Worker-Main-8/WARN] [net.minecraft.client.resources.model.ModelBakery/]: Unable to load model: 'evolvedmekanism:item/shiverstone_naquadah_ore' referenced from: evolvedmekanism:item/shiverstone_naquadah_ore: java.io.FileNotFoundException: evolvedmekanism:models/item/shiverstone_naquadah_ore.json
[219月2026 21:39:53.370] [Worker-Main-8/WARN] [net.minecraft.client.resources.model.ModelBakery/]: Unable to load model: 'evolvedmekanism:item/end_stone_naquadah_ore' referenced from: evolvedmekanism:item/end_stone_naquadah_ore: java.io.FileNotFoundException: evolvedmekanism:models/item/end_stone_naquadah_ore.json
[219月2026 21:39:53.374] [Worker-Main-8/WARN] [net.minecraft.client.resources.model.ModelBakery/]: Unable to load model: 'evolvedmekanism:item/holystone_naquadah_ore' referenced from: evolvedmekanism:item/holystone_naquadah_ore: java.io.FileNotFoundException: evolvedmekanism:models/item/holystone_naquadah_ore.json
[219月2026 21:39:53.394] [Worker-Main-16/INFO] [DistantHorizons-DistantHorizons-com.seibel.distanthorizons.common.AbstractModInitializer_neoforge/]: Distant Horizons, Version: 3.2.0-b
[219月2026 21:39:53.414] [Worker-Main-16/INFO] [DistantHorizons-DistantHorizons-com.seibel.distanthorizons.common.AbstractModInitializer_neoforge/]: Skipping mod compatibility accessor for: [optifine]
[219月2026 21:39:53.414] [Worker-Main-16/INFO] [DistantHorizons-DistantHorizons-com.seibel.distanthorizons.common.AbstractModInitializer_neoforge/]: Skipping mod compatibility accessor for: [c2me]
[219月2026 21:39:53.426] [Worker-Main-16/INFO] [DistantHorizons-DistantHorizons-com.seibel.distanthorizons.common.AbstractModInitializer_neoforge/]: Skipping mod compatibility accessor for: [immersive_portals]
[219月2026 21:39:53.429] [Worker-Main-16/INFO] [DistantHorizons-DistantHorizons-com.seibel.distanthorizons.core.dependencyInjection.ModAccessorInjector/]: Registered mod compatibility accessor for: [iris].
[219月2026 21:39:53.495] [Worker-Main-16/INFO] [DistantHorizons-DistantHorizons-com.seibel.distanthorizons.core.config.ConfigHandler/]: Initialising config for [DistantHorizons]
[219月2026 21:39:53.660] [Worker-Main-16/INFO] [DistantHorizons-DistantHorizons-com.seibel.distanthorizons.core.config.ConfigHandler/]: [DistantHorizons] Config initialised
[219月2026 21:39:53.670] [Worker-Main-16/INFO] [DistantHorizons-DistantHorizons-com.seibel.distanthorizons.core.config.eventHandlers.IgnoredDimensionCsvHandler/]: Dimension ignoring disabled, DH will render all dimensions.
[219月2026 21:39:53.673] [Worker-Main-16/INFO] [com.seibel.distanthorizons.core.logging.DhLogger/]: Applying config to loggers
[219月2026 21:39:53.673] [Worker-Main-16/INFO] [DistantHorizons-DistantHorizons-com.seibel.distanthorizons.core.Initializer/]: Garbage collectors: [G1 Young Generation, G1 Concurrent GC, G1 Old Generation]
[219月2026 21:39:53.675] [Worker-Main-16/WARN] [DistantHorizons-DistantHorizons-com.seibel.distanthorizons.core.Initializer/]: Distant Horizons: G1 Garbage collector detected.
This can cause FPS stuttering. 
It's recommended to use a concurrent garbage collector 
like ZGC (Java 21+) or Shenandoah (Java 8 through 17) 
for a smoother experience. 
This warning can be disabled in the DH config.
[219月2026 21:39:53.684] [Worker-Main-16/INFO] [DistantHorizons-DistantHorizons-com.seibel.distanthorizons.core.Initializer/]: Explicit Garbage Collection: [Enabled]
[219月2026 21:39:53.684] [Worker-Main-16/INFO] [DistantHorizons-DistantHorizons-com.seibel.distanthorizons.common.AbstractModInitializer_neoforge/]: Distant Horizons client Initialized.
[219月2026 21:39:53.688] [Worker-Main-16/INFO] [DistantHorizons-DistantHorizons-com.seibel.distanthorizons.common.AbstractModInitializer_neoforge/]: Running Delayed setup...
[219月2026 21:39:53.688] [Worker-Main-16/INFO] [DistantHorizons-DistantHorizons-com.seibel.distanthorizons.common.AbstractModInitializer_neoforge/]: Delayed setup complete, firing DhApiAfterDhInitEvent event...
[219月2026 21:39:53.688] [Worker-Main-16/INFO] [Iris/]: DH Ready, binding Iris event handlers...
[219月2026 21:39:53.708] [Worker-Main-16/INFO] [Iris/]: DH Iris events bound.
[219月2026 21:39:53.708] [DH-PostClientInit Thread/INFO] [DistantHorizons-DistantHorizons-com.seibel.distanthorizons.common.wrappers.DependencySetup_neoforge/]: Setting DH Rendering API to: [OPEN_GL]...
[219月2026 21:39:53.728] [Render thread/INFO] [Iris/]: Shaders are disabled because enableShaders is set to false in iris.properties
[219月2026 21:39:53.729] [DH-PostClientInit Thread/INFO] [DistantHorizons-DistantHorizons-com.seibel.distanthorizons.common.wrappers.DependencySetup_neoforge/]: DH Rendering successfully bound to: [OpenGL]...
[219月2026 21:39:54.374] [Worker-Main-8/WARN] [net.minecraft.client.resources.model.ModelManager/]: Missing textures in model cyber_ware_port:cyber_wither_skeleton_wall_skull#facing=west,powered=false:
    minecraft:textures/atlas/blocks.png:cyber_ware_port:entity/cyber_wither_skeleton
[219月2026 21:39:54.596] [NeoForge Version Check/INFO] [net.neoforged.fml.VersionChecker/]: [create] Found status: OUTDATED Current: 6.0.10 Target: 6.0.10+mc1.21.1
[219月2026 21:39:55.128] [Worker-Main-11/WARN] [xaero.lib.XaeroLib/]: io exception while checking patreon: Read timed out
[219月2026 21:39:55.149] [Render thread/INFO] [prefab_custom_addon/]: [CUSTOM_BULLDOZER-DEBUG] model JSON 路径 = prefab_custom_addon:models/item/custom_bulldozer.json
[219月2026 21:39:55.149] [Render thread/INFO] [prefab_custom_addon/]: [CUSTOM_BULLDOZER-DEBUG] model JSON 内容 = {
  "parent": "item/generated",
  "textures": {
    "layer0": "prefab_custom_addon:item/custom_bulldozer"
  }
}

[219月2026 21:39:55.149] [Render thread/INFO] [prefab_custom_addon/]: [CUSTOM_BULLDOZER-DEBUG] 贴图 = prefab_custom_addon:textures/item/custom_bulldozer.png (3109 字节)
[219月2026 21:39:55.149] [Render thread/WARN] [prefab_custom_addon/]: [CUSTOM_BULLDOZER-DEBUG] ⚠️ Prefab 原版贴图也存在: prefab:textures/item/item_bulldozer.png (849 字节) — 这正常, 但我们代码不引用它
[219月2026 21:39:55.244] [Render thread/INFO] [ModernTerminal/]: [WALLPAPER] 已加载壁纸 3840x2400: C:\Users\HP\Downloads\20210617195058403.png
[219月2026 21:39:55.244] [Render thread/INFO] [xaero.map.WorldMap/]: Loading Xaero's World Map - Stage 2/2
[219月2026 21:39:55.248] [Render thread/INFO] [xaero.map.WorldMap/]: New world map region cache hash code: 481861131
[219月2026 21:39:57.399] [Render thread/INFO] [xaero.map.WorldMap/]: Registered player tracker system: map_synced
[219月2026 21:39:57.401] [Render thread/INFO] [xaero.map.WorldMap/]: Xaero's WorldMap Mod: Xaero's minimap found!
[219月2026 21:39:57.402] [Render thread/INFO] [xaero.map.WorldMap/]: Registered player tracker system: minimap_synced
[219月2026 21:39:57.404] [Render thread/INFO] [xaero.map.WorldMap/]: No Optifine!
[219月2026 21:39:57.404] [Render thread/INFO] [xaero.map.WorldMap/]: Xaero's World Map: No Vivecraft!
[219月2026 21:39:57.404] [Render thread/INFO] [xaero.map.WorldMap/]: Xaero's World Map: Iris found!
[219月2026 21:39:57.414] [Render thread/WARN] [net.neoforged.fml.DeferredWorkQueue/LOADING]: Mod 'xaeroworldmap' took 2.168 s to run a deferred task.
[219月2026 21:39:57.414] [Render thread/INFO] [xaero.minimap.XaeroMinimap/]: Loading Xaero's Minimap - Stage 2/2
[219月2026 21:39:59.448] [Render thread/INFO] [xaero.hud.minimap.MinimapLogs/]: Registered player tracker system: minimap_synced
[219月2026 21:39:59.448] [Render thread/WARN] [net.neoforged.fml.DeferredWorkQueue/LOADING]: Mod 'xaerominimap' took 2.034 s to run a deferred task.
[219月2026 21:39:59.448] [Render thread/INFO] [xaero.lib.XaeroLib/]: Loading XaeroLib common 2/2!
[219月2026 21:39:59.448] [Render thread/INFO] [xaero.lib.XaeroLib/]: Loading XaeroLib client 2/2!
[219月2026 21:39:59.575] [Worker-Main-10/INFO] [snownee.jade.Jade/]: Start loading plugin from snownee.jade.addon.vanilla.VanillaPlugin
[219月2026 21:39:59.595] [Worker-Main-14/INFO] [PonderIndex/]: Registering Ponder Scenes took 42.52 ms
[219月2026 21:39:59.595] [Worker-Main-10/INFO] [snownee.jade.Jade/]: Start loading plugin from snownee.jade.addon.universal.UniversalPlugin
[219月2026 21:39:59.598] [Worker-Main-14/INFO] [PonderIndex/]: Registering Ponder Tags took 2.221 ms
[219月2026 21:39:59.600] [Worker-Main-10/INFO] [snownee.jade.Jade/]: Start loading plugin from snownee.jade.addon.debug.DebugPlugin
[219月2026 21:39:59.600] [Worker-Main-10/INFO] [snownee.jade.Jade/]: Start loading plugin from snownee.jade.addon.core.CorePlugin
[219月2026 21:39:59.602] [Worker-Main-10/INFO] [snownee.jade.Jade/]: Start loading plugin from snownee.jade.addon.access.AccessibilityPlugin
[219月2026 21:39:59.605] [Worker-Main-10/INFO] [snownee.jade.Jade/]: Start loading plugin from com.lowdragmc.mbd2.integration.jade.MBDJadePlugin
[219月2026 21:39:59.605] [Worker-Main-10/INFO] [snownee.jade.Jade/]: Start loading plugin from mekanism.common.integration.lookingat.jade.MekanismJadePlugin
[219月2026 21:39:59.610] [Worker-Main-10/INFO] [snownee.jade.Jade/]: Start loading plugin from com.prefab.addon.integration.jade.BuildingJadePlugin
[219月2026 21:39:59.849] [Render thread/WARN] [net.minecraft.client.sounds.SoundEngine/]: Missing sound for event: minecraft:item.goat_horn.play
[219月2026 21:39:59.849] [Render thread/WARN] [net.minecraft.client.sounds.SoundEngine/]: Missing sound for event: minecraft:entity.goat.screaming.horn_break
[219月2026 21:40:01.206] [Render thread/INFO] [com.mojang.blaze3d.audio.Library/]: OpenAL initialized on device OpenAL Soft on Speaker (Realtek(R) Audio)
[219月2026 21:40:01.206] [Render thread/INFO] [net.minecraft.client.sounds.SoundEngine/SOUNDS]: Sound engine started
[219月2026 21:40:01.282] [Render thread/INFO] [net.minecraft.client.renderer.texture.TextureAtlas/]: Created: 2048x2048x4 minecraft:textures/atlas/blocks.png-atlas
[219月2026 21:40:01.307] [Render thread/WARN] [mekanism.common.Mekanism/]: Unable to retrieve color marker: '9' for atlas: 'mekanism:textures/colormap/tiers.png'. This is likely due to an out of date resource pack.
[219月2026 21:40:01.307] [Render thread/WARN] [mekanism.common.Mekanism/]: Unable to retrieve color marker: '9' for atlas: 'mekanism:textures/colormap/tiers.png'. This is likely due to an out of date resource pack.
[219月2026 21:40:01.307] [Render thread/WARN] [mekanism.common.Mekanism/]: Unable to retrieve color marker: '9' for atlas: 'mekanism:textures/colormap/tiers.png'. This is likely due to an out of date resource pack.
[219月2026 21:40:01.307] [Render thread/WARN] [mekanism.common.Mekanism/]: Unable to retrieve color marker: '9' for atlas: 'mekanism:textures/colormap/tiers.png'. This is likely due to an out of date resource pack.
[219月2026 21:40:01.310] [Render thread/INFO] [net.minecraft.client.renderer.texture.TextureAtlas/]: Created: 256x256x4 minecraft:textures/atlas/signs.png-atlas
[219月2026 21:40:01.310] [Render thread/INFO] [net.minecraft.client.renderer.texture.TextureAtlas/]: Created: 512x512x4 minecraft:textures/atlas/shield_patterns.png-atlas
[219月2026 21:40:01.311] [Render thread/INFO] [net.minecraft.client.renderer.texture.TextureAtlas/]: Created: 512x512x4 minecraft:textures/atlas/banner_patterns.png-atlas
[219月2026 21:40:01.311] [Render thread/INFO] [net.minecraft.client.renderer.texture.TextureAtlas/]: Created: 2048x1024x4 minecraft:textures/atlas/armor_trims.png-atlas
[219月2026 21:40:01.316] [Render thread/INFO] [net.minecraft.client.renderer.texture.TextureAtlas/]: Created: 256x256x4 minecraft:textures/atlas/chest.png-atlas
[219月2026 21:40:01.317] [Render thread/INFO] [net.minecraft.client.renderer.texture.TextureAtlas/]: Created: 128x64x4 minecraft:textures/atlas/decorated_pot.png-atlas
[219月2026 21:40:01.318] [Render thread/INFO] [net.minecraft.client.renderer.texture.TextureAtlas/]: Created: 512x256x4 minecraft:textures/atlas/beds.png-atlas
[219月2026 21:40:01.318] [Render thread/INFO] [net.minecraft.client.renderer.texture.TextureAtlas/]: Created: 512x256x4 minecraft:textures/atlas/shulker_boxes.png-atlas
[219月2026 21:40:01.402] [Render thread/INFO] [net.minecraft.client.renderer.texture.TextureAtlas/]: Created: 512x256x0 minecraft:textures/atlas/particles.png-atlas
[219月2026 21:40:01.403] [Render thread/INFO] [net.minecraft.client.renderer.texture.TextureAtlas/]: Created: 512x256x0 minecraft:textures/atlas/paintings.png-atlas
[219月2026 21:40:01.403] [Render thread/INFO] [net.minecraft.client.renderer.texture.TextureAtlas/]: Created: 256x128x0 minecraft:textures/atlas/mob_effects.png-atlas
[219月2026 21:40:01.403] [Render thread/INFO] [net.minecraft.client.renderer.texture.TextureAtlas/]: Created: 64x64x0 minecraft:textures/atlas/map_decorations.png-atlas
[219月2026 21:40:01.405] [Render thread/INFO] [net.minecraft.client.renderer.texture.TextureAtlas/]: Created: 1024x512x0 minecraft:textures/atlas/gui.png-atlas
[219月2026 21:40:01.415] [Render thread/WARN] [net.minecraft.client.renderer.ShaderInstance/]: Shader rendertype_entity_translucent_emissive could not find sampler named Sampler2 in the specified shader program.
[219月2026 21:40:01.446] [Render thread/WARN] [net.minecraft.client.renderer.ShaderInstance/]: Shader ldlib2:graph_wire could not find uniform named iTime in the specified shader program.
[219月2026 21:40:01.457] [Render thread/INFO] [xaero.lib.XaeroLib/]: Successfully reloaded the XaeroLib shaders!
[219月2026 21:40:01.457] [Render thread/INFO] [net.minecraft.client.renderer.texture.TextureAtlas/]: Created: 512x256x0 mekanism:textures/atlas/robit.png-atlas
[219月2026 21:40:01.459] [Render thread/INFO] [net.minecraft.client.renderer.texture.TextureAtlas/]: Created: 256x256x0 jei:textures/atlas/gui.png-atlas
[219月2026 21:40:01.479] [Render thread/INFO] [flywheel/backend/shaders/]: Loaded 77 shader sources in 14.490 ms
[219月2026 21:40:01.495] [Render thread/INFO] [com.simibubi.create.Create/]: Loaded 58 train hat configurations.
[219月2026 21:40:01.496] [Render thread/INFO] [net.neoforged.neoforge.client.entity.animation.json.AnimationLoader/]: Loaded 0 entity animations
[219月2026 21:40:01.546] [Render thread/INFO] [DistantHorizons-DistantHorizons-com.seibel.distanthorizons.core.jar.updater.SelfUpdater/]: Distant Horizons auto update disabled.
[219月2026 21:40:01.554] [Render thread/INFO] [Iris/]: Creating pipeline for dimension minecraft:overworld
[219月2026 21:40:02.154] [IO-Worker-1/INFO] [com.mojang.realmsclient.client.RealmsClient/]: Could not authorize you against Realms server: java.lang.RuntimeException: Failed to parse into SignedJWT: 0000000000003005998F50309B84478B
[219月2026 21:40:02.156] [IO-Worker-1/ERROR] [com.mojang.realmsclient.RealmsAvailability/]: Couldn't connect to realms
com.mojang.realmsclient.exception.RealmsServiceException: Realms authentication error with message 'java.lang.RuntimeException: Failed to parse into SignedJWT: 0000000000003005998F50309B84478B'
	at TRANSFORMER/minecraft@1.21.1/com.mojang.realmsclient.client.RealmsClient.execute(RealmsClient.java:447) ~[client-1.21.1-20240808.144430-srg.jar%23221!/:?]
	at TRANSFORMER/minecraft@1.21.1/com.mojang.realmsclient.client.RealmsClient.clientCompatible(RealmsClient.java:232) ~[client-1.21.1-20240808.144430-srg.jar%23221!/:?]
	at TRANSFORMER/minecraft@1.21.1/com.mojang.realmsclient.RealmsAvailability.lambda$check$0(RealmsAvailability.java:51) ~[client-1.21.1-20240808.144430-srg.jar%23221!/:?]
	at java.base/java.util.concurrent.CompletableFuture$AsyncSupply.run(CompletableFuture.java:1768) ~[?:?]
	at java.base/java.util.concurrent.ThreadPoolExecutor.runWorker(ThreadPoolExecutor.java:1144) ~[?:?]
	at java.base/java.util.concurrent.ThreadPoolExecutor$Worker.run(ThreadPoolExecutor.java:642) ~[?:?]
	at java.base/java.lang.Thread.run(Thread.java:1583) [?:?]
[219月2026 21:40:07.946] [Render thread/INFO] [org.thinkingstudio.mafglib.helper.RuntimePackHelper/]: Starting provider [fi.dy.masa.malilib.datagen.BlockTagDataGenerator@22a7d2f2] for runtime resource [mafglib:runtime]
[219月2026 21:40:07.956] [Render thread/INFO] [org.thinkingstudio.mafglib.helper.RuntimePackHelper/]: fi.dy.masa.malilib.datagen.BlockTagDataGenerator@22a7d2f2 finished after 8 ms
[219月2026 21:40:07.993] [Render thread/INFO] [com.simibubi.create.Create/]: Created 157 recipes which will be injected into the game
[219月2026 21:40:07.995] [Render thread/INFO] [com.simibubi.create.Create/]: Created 0 tags which will be injected into the game
[219月2026 21:40:08.388] [Worker-Main-5/ERROR] [net.minecraft.world.level.storage.loot.LootDataType/]: Couldn't parse element ResourceKey[minecraft:root / minecraft:loot_table]:mekanism_extras:blocks/absolute_chemical_infusing_factory - Unknown registry key in ResourceKey[minecraft:root / minecraft:item]: mekanism_extras:absolute_chemical_infusing_factory
[219月2026 21:40:08.394] [Worker-Main-5/ERROR] [net.minecraft.world.level.storage.loot.LootDataType/]: Couldn't parse element ResourceKey[minecraft:root / minecraft:loot_table]:mekanism_extras:blocks/supreme_chemical_infusing_factory - Unknown registry key in ResourceKey[minecraft:root / minecraft:item]: mekanism_extras:supreme_chemical_infusing_factory
[219月2026 21:40:08.398] [Worker-Main-5/ERROR] [net.minecraft.world.level.storage.loot.LootDataType/]: Couldn't parse element ResourceKey[minecraft:root / minecraft:loot_table]:mekanism_extras:blocks/cosmic_chemical_infusing_factory - Unknown registry key in ResourceKey[minecraft:root / minecraft:item]: mekanism_extras:cosmic_chemical_infusing_factory
[219月2026 21:40:08.405] [Worker-Main-5/ERROR] [net.minecraft.world.level.storage.loot.LootDataType/]: Couldn't parse element ResourceKey[minecraft:root / minecraft:loot_table]:mekanism_extras:blocks/infinite_chemical_infusing_factory - Unknown registry key in ResourceKey[minecraft:root / minecraft:item]: mekanism_extras:infinite_chemical_infusing_factory
[219月2026 21:40:08.893] [Render thread/INFO] [prefab_custom_addon/]: [DEBUG-RECIPE] custom_blueprint_recipe 条件返回 true → custom_blueprint 配方应已加载
[219月2026 21:40:08.963] [Render thread/INFO] [net.minecraft.world.item.crafting.RecipeManager/]: Loaded 5337 recipes
[219月2026 21:40:09.093] [Render thread/INFO] [net.minecraft.advancements.AdvancementTree/]: Loaded 2635 advancements
[219月2026 21:40:09.104] [Render thread/WARN] [net.minecraft.core.MappedRegistry/]: Not all defined tags for registry ResourceKey[minecraft:root / minecraft:worldgen/biome] are present in data pack: aether:is_aether, undergarden:is_undergarden
[219月2026 21:40:09.806] [Server thread/INFO] [net.minecraft.client.server.IntegratedServer/]: Starting integrated minecraft server version 1.21.1
[219月2026 21:40:09.806] [Server thread/INFO] [net.minecraft.server.MinecraftServer/]: Generating keypair
[219月2026 21:40:09.856] [Server thread/WARN] [net.neoforged.fml.config.ConfigTracker/CONFIG]: Configuration file D:\aa\a\.minecraft\versions\1.21.1-NeoForge_21.1.249\config\EvolvedMekanism\general.toml is not correct. Correcting
[219月2026 21:40:09.898] [Server thread/INFO] [DistantHorizons-DistantHorizons-com.seibel.distanthorizons.core.world.AbstractDhWorld/]: Started DhWorld of type [CLIENT_SERVER].
[219月2026 21:40:10.237] [Server thread/INFO] [DistantHorizons-DistantHorizons-com.seibel.distanthorizons.core.level.AbstractDhServerLevel/]: Started DhClientServerLevel for [Wrapped{ServerLevel[新的世界]@minecraft:overworld}] at [[LocalSaveStructure@(D:\aa\a\.minecraft\versions\1.21.1-NeoForge_21.1.249\saves\新的世界\data)]].
[219月2026 21:40:10.283] [DH-Full Data Migration Thread[0]/INFO] [DistantHorizons-DistantHorizons-com.seibel.distanthorizons.core.file.fullDatafile.V2.DataMigratorV1/]: No migration necessary.
[219月2026 21:40:10.372] [DH-Full Data Migration Thread[0]/INFO] [DistantHorizons-DistantHorizons-com.seibel.distanthorizons.core.file.fullDatafile.V2.DataMigratorV1/]: No migration necessary.
[219月2026 21:40:10.374] [Server thread/INFO] [DistantHorizons-DistantHorizons-com.seibel.distanthorizons.core.level.AbstractDhServerLevel/]: Started DhClientServerLevel for [Wrapped{ServerLevel[新的世界]@minecraft:the_nether}] at [[LocalSaveStructure@(D:\aa\a\.minecraft\versions\1.21.1-NeoForge_21.1.249\saves\新的世界\DIM-1\data;D:\aa\a\.minecraft\versions\1.21.1-NeoForge_21.1.249\saves\新的世界\data)]].
[219月2026 21:40:10.392] [DH-Full Data Migration Thread[0]/INFO] [DistantHorizons-DistantHorizons-com.seibel.distanthorizons.core.file.fullDatafile.V2.DataMigratorV1/]: No migration necessary.
[219月2026 21:40:10.394] [Server thread/INFO] [DistantHorizons-DistantHorizons-com.seibel.distanthorizons.core.level.AbstractDhServerLevel/]: Started DhClientServerLevel for [Wrapped{ServerLevel[新的世界]@minecraft:the_end}] at [[LocalSaveStructure@(D:\aa\a\.minecraft\versions\1.21.1-NeoForge_21.1.249\saves\新的世界\DIM1\data;D:\aa\a\.minecraft\versions\1.21.1-NeoForge_21.1.249\saves\新的世界\DIM-1\data;D:\aa\a\.minecraft\versions\1.21.1-NeoForge_21.1.249\saves\新的世界\data)]].
[219月2026 21:40:10.396] [Server thread/INFO] [net.minecraft.server.MinecraftServer/]: Preparing start region for dimension minecraft:overworld
[219月2026 21:40:10.523] [Server thread/ERROR] [net.minecraft.world.level.chunk.storage.ChunkSerializer/]: Recoverable errors when loading section [-1, -3, 8]: (Unknown registry key in ResourceKey[minecraft:root / minecraft:block]: gtceu:deepslate_green_sapphire_ore -> using default); (Unknown registry key in ResourceKey[minecraft:root / minecraft:block]: gtceu:deepslate_almandine_ore -> using default)
[219月2026 21:40:10.524] [Server thread/ERROR] [net.minecraft.world.level.chunk.storage.ChunkSerializer/]: Recoverable errors when loading section [-1, -2, 8]: (Unknown registry key in ResourceKey[minecraft:root / minecraft:block]: gtceu:deepslate_sapphire_ore -> using default); (Unknown registry key in ResourceKey[minecraft:root / minecraft:block]: gtceu:deepslate_green_sapphire_ore -> using default); (Unknown registry key in ResourceKey[minecraft:root / minecraft:block]: gtceu:deepslate_pyrope_ore -> using default); (Unknown registry key in ResourceKey[minecraft:root / minecraft:block]: gtceu:deepslate_almandine_ore -> using default)
[219月2026 21:40:10.525] [Server thread/ERROR] [net.minecraft.world.level.chunk.storage.ChunkSerializer/]: Recoverable errors when loading section [-1, 0, 8]: (Unknown registry key in ResourceKey[minecraft:root / minecraft:block]: gtceu:red_granite_malachite_ore -> using default); (Unknown registry key in ResourceKey[minecraft:root / minecraft:block]: gtceu:red_granite_yellow_limonite_ore -> using default); (Unknown registry key in ResourceKey[minecraft:root / minecraft:block]: gtceu:red_granite_hematite_ore -> using default); (Unknown registry key in ResourceKey[minecraft:root / minecraft:block]: gtceu:red_granite_goethite_ore -> using default); (Unknown registry key in ResourceKey[minecraft:root / minecraft:block]: gtceu:red_granite -> using default)
[219月2026 21:40:10.525] [Server thread/ERROR] [net.minecraft.world.level.chunk.storage.ChunkSerializer/]: Recoverable errors when loading section [-1, 1, 8]: (Unknown registry key in ResourceKey[minecraft:root / minecraft:block]: gtceu:red_granite_yellow_limonite_ore -> using default); (Unknown registry key in ResourceKey[minecraft:root / minecraft:block]: gtceu:red_granite_goethite_ore -> using default); (Unknown registry key in ResourceKey[minecraft:root / minecraft:block]: gtceu:red_granite_hematite_ore -> using default); (Unknown registry key in ResourceKey[minecraft:root / minecraft:block]: gtceu:red_granite -> using default)
[219月2026 21:40:10.525] [Server thread/ERROR] [net.minecraft.world.level.chunk.storage.ChunkSerializer/]: Recoverable errors when loading section [-1, 2, 8]: (Unknown registry key in ResourceKey[minecraft:root / minecraft:block]: gtceu:marble_malachite_ore -> using default); (Unknown registry key in ResourceKey[minecraft:root / minecraft:block]: gtceu:marble_goethite_ore -> using default); (Unknown registry key in ResourceKey[minecraft:root / minecraft:block]: gtceu:marble_hematite_ore -> using default); (Unknown registry key in ResourceKey[minecraft:root / minecraft:block]: gtceu:hematite_ore -> using default); (Unknown registry key in ResourceKey[minecraft:root / minecraft:block]: gtceu:malachite_ore -> using default); (Unknown registry key in ResourceKey[minecraft:root / minecraft:block]: gtceu:marble -> using default); (Unknown registry key in ResourceKey[minecraft:root / minecraft:block]: gtceu:yellow_limonite_ore -> using default); (Unknown registry key in ResourceKey[minecraft:root / minecraft:block]: gtceu:goethite_ore -> using default); (Unknown registry key in ResourceKey[minecraft:root / minecraft:block]: gtceu:granite_goethite_ore -> using default); (Unknown registry key in ResourceKey[minecraft:root / minecraft:block]: gtceu:granite_hematite_ore -> using default); (Unknown registry key in ResourceKey[minecraft:root / minecraft:block]: gtceu:granite_yellow_limonite_ore -> using default); (Unknown registry key in ResourceKey[minecraft:root / minecraft:block]: gtceu:red_granite -> using default)
[219月2026 21:40:10.526] [Server thread/ERROR] [net.minecraft.world.level.chunk.storage.ChunkSerializer/]: Recoverable errors when loading section [-1, 3, 8]: (Unknown registry key in ResourceKey[minecraft:root / minecraft:block]: gtceu:malachite_ore -> using default); (Unknown registry key in ResourceKey[minecraft:root / minecraft:block]: gtceu:yellow_limonite_ore -> using default); (Unknown registry key in ResourceKey[minecraft:root / minecraft:block]: gtceu:goethite_ore -> using default); (Unknown registry key in ResourceKey[minecraft:root / minecraft:block]: gtceu:hematite_ore -> using default); (Unknown registry key in ResourceKey[minecraft:root / minecraft:block]: gtceu:marble -> using default)
[219月2026 21:40:10.526] [Server thread/ERROR] [net.minecraft.world.level.chunk.storage.ChunkSerializer/]: Recoverable errors when loading section [-1, -4, 9]: (Unknown registry key in ResourceKey[minecraft:root / minecraft:block]: gtceu:deepslate_redstone_ore -> using default)
[219月2026 21:40:10.526] [Server thread/ERROR] [net.minecraft.world.level.chunk.storage.ChunkSerializer/]: Recoverable errors when loading section [-1, -3, 9]: (Unknown registry key in ResourceKey[minecraft:root / minecraft:block]: gtceu:deepslate_pyrope_ore -> using default); (Unknown registry key in ResourceKey[minecraft:root / minecraft:block]: gtceu:deepslate_green_sapphire_ore -> using default); (Unknown registry key in ResourceKey[minecraft:root / minecraft:block]: gtceu:deepslate_sapphire_ore -> using default); (Unknown registry key in ResourceKey[minecraft:root / minecraft:block]: gtceu:deepslate_almandine_ore -> using default)
[219月2026 21:40:10.527] [Server thread/ERROR] [net.minecraft.world.level.chunk.storage.ChunkSerializer/]: Recoverable errors when loading section [-1, -2, 9]: (Unknown registry key in ResourceKey[minecraft:root / minecraft:block]: gtceu:deepslate_pyrope_ore -> using default); (Unknown registry key in ResourceKey[minecraft:root / minecraft:block]: gtceu:deepslate_green_sapphire_ore -> using default); (Unknown registry key in ResourceKey[minecraft:root / minecraft:block]: gtceu:deepslate_almandine_ore -> using default); (Unknown registry key in ResourceKey[minecraft:root / minecraft:block]: gtceu:deepslate_sapphire_ore -> using default)
[219月2026 21:40:10.527] [Server thread/ERROR] [net.minecraft.world.level.chunk.storage.ChunkSerializer/]: Recoverable errors when loading section [-1, -1, 9]: (Unknown registry key in ResourceKey[minecraft:root / minecraft:block]: gtceu:deepslate_almandine_ore -> using default)
[219月2026 21:40:10.527] [Server thread/ERROR] [net.minecraft.world.level.chunk.storage.ChunkSerializer/]: Recoverable errors when loading section [-1, 0, 9]: (Unknown registry key in ResourceKey[minecraft:root / minecraft:block]: gtceu:red_granite -> using default)
[219月2026 21:40:10.527] [Server thread/ERROR] [net.minecraft.world.level.chunk.storage.ChunkSerializer/]: Recoverable errors when loading section [-1, 1, 9]: (Unknown registry key in ResourceKey[minecraft:root / minecraft:block]: gtceu:raw_oil -> using default); (Unknown registry key in ResourceKey[minecraft:root / minecraft:block]: gtceu:raw_oil -> using default); (Unknown registry key in ResourceKey[minecraft:root / minecraft:block]: gtceu:raw_oil -> using default); (Unknown registry key in ResourceKey[minecraft:root / minecraft:block]: gtceu:raw_oil -> using default); (Unknown registry key in ResourceKey[minecraft:root / minecraft:block]: gtceu:red_granite -> using default)
[219月2026 21:40:10.527] [Server thread/ERROR] [net.minecraft.world.level.chunk.storage.ChunkSerializer/]: Recoverable errors when loading section [-1, 2, 9]: (Unknown registry key in ResourceKey[minecraft:root / minecraft:block]: gtceu:diorite_diatomite_ore -> using default); (Unknown registry key in ResourceKey[minecraft:root / minecraft:block]: gtceu:asbestos_ore -> using default); (Unknown registry key in ResourceKey[minecraft:root / minecraft:block]: gtceu:garnet_sand_ore -> using default); (Unknown registry key in ResourceKey[minecraft:root / minecraft:block]: gtceu:raw_oil -> using default); (Unknown registry key in ResourceKey[minecraft:root / minecraft:block]: gtceu:raw_oil -> using default); (Unknown registry key in ResourceKey[minecraft:root / minecraft:block]: gtceu:diorite_asbestos_ore -> using default); (Unknown registry key in ResourceKey[minecraft:root / minecraft:block]: gtceu:diatomite_ore -> using default); (Unknown registry key in ResourceKey[minecraft:root / minecraft:block]: gtceu:cassiterite_sand_ore -> using default); (Unknown registry key in ResourceKey[minecraft:root / minecraft:block]: gtceu:diorite_cassiterite_sand_ore -> using default); (Unknown registry key in ResourceKey[minecraft:root / minecraft:block]: gtceu:raw_oil -> using default); (Unknown registry key in ResourceKey[minecraft:root / minecraft:block]: gtceu:raw_oil -> using default); (Unknown registry key in ResourceKey[minecraft:root / minecraft:block]: gtceu:red_granite -> using default)
[219月2026 21:40:10.527] [Server thread/ERROR] [net.minecraft.world.level.chunk.storage.ChunkSerializer/]: Recoverable errors when loading section [-1, 3, 9]: (Unknown registry key in ResourceKey[minecraft:root / minecraft:block]: gtceu:cassiterite_sand_ore -> using default); (Unknown registry key in ResourceKey[minecraft:root / minecraft:block]: gtceu:garnet_sand_ore -> using default); (Unknown registry key in ResourceKey[minecraft:root / minecraft:block]: gtceu:diatomite_ore -> using default)
[219月2026 21:40:10.527] [Server thread/ERROR] [net.minecraft.world.level.chunk.storage.ChunkSerializer/]: Recoverable errors when loading section [-1, 4, 9]: (Unknown registry key in ResourceKey[minecraft:root / minecraft:block]: gtceu:rubber_log -> using default); (Unknown registry key in ResourceKey[minecraft:root / minecraft:block]: gtceu:rubber_leaves -> using default); (Unknown registry key in ResourceKey[minecraft:root / minecraft:block]: gtceu:rubber_leaves -> using default); (Unknown registry key in ResourceKey[minecraft:root / minecraft:block]: gtceu:rubber_leaves -> using default); (Unknown registry key in ResourceKey[minecraft:root / minecraft:block]: gtceu:rubber_leaves -> using default); (Unknown registry key in ResourceKey[minecraft:root / minecraft:block]: gtceu:rubber_leaves -> using default); (Unknown registry key in ResourceKey[minecraft:root / minecraft:block]: gtceu:rubber_leaves -> using default)
[219月2026 21:40:10.528] [Server thread/ERROR] [net.minecraft.world.level.chunk.storage.ChunkSerializer/]: Recoverable errors when loading section [-1, -4, 10]: (Unknown registry key in ResourceKey[minecraft:root / minecraft:block]: gtceu:deepslate_cinnabar_ore -> using default); (Unknown registry key in ResourceKey[minecraft:root / minecraft:block]: gtceu:deepslate_redstone_ore -> using default)
[219月2026 21:40:10.528] [Server thread/ERROR] [net.minecraft.world.level.chunk.storage.ChunkSerializer/]: Recoverable errors when loading section [-1, 1, 10]: (Unknown registry key in ResourceKey[minecraft:root / minecraft:block]: gtceu:raw_oil -> using default); (Unknown registry key in ResourceKey[minecraft:root / minecraft:block]: gtceu:raw_oil -> using default); (Unknown registry key in ResourceKey[minecraft:root / minecraft:block]: gtceu:raw_oil -> using default); (Unknown registry key in ResourceKey[minecraft:root / minecraft:block]: gtceu:raw_oil -> using default); (Unknown registry key in ResourceKey[minecraft:root / minecraft:block]: gtceu:raw_oil -> using default); (Unknown registry key in ResourceKey[minecraft:root / minecraft:block]: gtceu:raw_oil -> using default); (Unknown registry key in ResourceKey[minecraft:root / minecraft:block]: gtceu:raw_oil -> using default); (Unknown registry key in ResourceKey[minecraft:root / minecraft:block]: gtceu:raw_oil -> using default); (Unknown registry key in ResourceKey[minecraft:root / minecraft:block]: gtceu:raw_oil -> using default)
[219月2026 21:40:10.529] [Server thread/ERROR] [net.minecraft.world.level.chunk.storage.ChunkSerializer/]: Recoverable errors when loading section [-1, 2, 10]: (Unknown registry key in ResourceKey[minecraft:root / minecraft:block]: gtceu:granite_asbestos_ore -> using default); (Unknown registry key in ResourceKey[minecraft:root / minecraft:block]: gtceu:granite_diatomite_ore -> using default); (Unknown registry key in ResourceKey[minecraft:root / minecraft:block]: gtceu:granite_cassiterite_sand_ore -> using default); (Unknown registry key in ResourceKey[minecraft:root / minecraft:block]: gtceu:asbestos_ore -> using default); (Unknown registry key in ResourceKey[minecraft:root / minecraft:block]: gtceu:diorite_cassiterite_sand_ore -> using default); (Unknown registry key in ResourceKey[minecraft:root / minecraft:block]: gtceu:raw_oil -> using default); (Unknown registry key in ResourceKey[minecraft:root / minecraft:block]: gtceu:diorite_garnet_sand_ore -> using default); (Unknown registry key in ResourceKey[minecraft:root / minecraft:block]: gtceu:garnet_sand_ore -> using default); (Unknown registry key in ResourceKey[minecraft:root / minecraft:block]: gtceu:diatomite_ore -> using default); (Unknown registry key in ResourceKey[minecraft:root / minecraft:block]: gtceu:cassiterite_sand_ore -> using default); (Unknown registry key in ResourceKey[minecraft:root / minecraft:block]: gtceu:raw_oil -> using default); (Unknown registry key in ResourceKey[minecraft:root / minecraft:block]: gtceu:raw_oil -> using default); (Unknown registry key in ResourceKey[minecraft:root / minecraft:block]: gtceu:raw_oil -> using default)
[219月2026 21:40:10.529] [Server thread/ERROR] [net.minecraft.world.level.chunk.storage.ChunkSerializer/]: Recoverable errors when loading section [-1, 3, 10]: (Unknown registry key in ResourceKey[minecraft:root / minecraft:block]: gtceu:raw_oil -> using default); (Unknown registry key in ResourceKey[minecraft:root / minecraft:block]: gtceu:raw_oil -> using default); (Unknown registry key in ResourceKey[minecraft:root / minecraft:block]: gtceu:raw_oil -> using default); (Unknown registry key in ResourceKey[minecraft:root / minecraft:block]: gtceu:raw_oil -> using default); (Unknown registry key in ResourceKey[minecraft:root / minecraft:block]: gtceu:raw_oil -> using default); (Unknown registry key in ResourceKey[minecraft:root / minecraft:block]: gtceu:raw_oil -> using default); (Unknown registry key in ResourceKey[minecraft:root / minecraft:block]: gtceu:raw_oil -> using default); (Unknown registry key in ResourceKey[minecraft:root / minecraft:block]: gtceu:diorite_cassiterite_sand_ore -> using default); (Unknown registry key in ResourceKey[minecraft:root / minecraft:block]: gtceu:raw_oil -> using default); (Unknown registry key in ResourceKey[minecraft:root / minecraft:block]: gtceu:garnet_sand_ore -> using default); (Unknown registry key in ResourceKey[minecraft:root / minecraft:block]: gtceu:asbestos_ore -> using default); (Unknown registry key in ResourceKey[minecraft:root / minecraft:block]: gtceu:granite_garnet_sand_ore -> using default); (Unknown registry key in ResourceKey[minecraft:root / minecraft:block]: gtceu:granite_asbestos_ore -> using default); (Unknown registry key in ResourceKey[minecraft:root / minecraft:block]: gtceu:raw_oil -> using default); (Unknown registry key in ResourceKey[minecraft:root / minecraft:block]: gtceu:granite_cassiterite_sand_ore -> using default); (Unknown registry key in ResourceKey[minecraft:root / minecraft:block]: gtceu:diatomite_ore -> using default); (Unknown registry key in ResourceKey[minecraft:root / minecraft:block]: gtceu:granite_diatomite_ore -> using default); (Unknown registry key in ResourceKey[minecraft:root / minecraft:block]: gtceu:cassiterite_sand_ore -> using default)
[219月2026 21:40:10.529] [Server thread/ERROR] [net.minecraft.world.level.chunk.storage.ChunkSerializer/]: Recoverable errors when loading section [-1, 4, 10]: (Unknown registry key in ResourceKey[minecraft:root / minecraft:block]: gtceu:rubber_leaves -> using default); (Unknown registry key in ResourceKey[minecraft:root / minecraft:block]: gtceu:rubber_leaves -> using default); (Unknown registry key in ResourceKey[minecraft:root / minecraft:block]: gtceu:rubber_leaves -> using default); (Unknown registry key in ResourceKey[minecraft:root / minecraft:block]: gtceu:rubber_leaves -> using default); (Unknown registry key in ResourceKey[minecraft:root / minecraft:block]: gtceu:raw_oil -> using default); (Unknown registry key in ResourceKey[minecraft:root / minecraft:block]: gtceu:raw_oil -> using default); (Unknown registry key in ResourceKey[minecraft:root / minecraft:block]: gtceu:raw_oil -> using default); (Unknown registry key in ResourceKey[minecraft:root / minecraft:block]: gtceu:raw_oil -> using default); (Unknown registry key in ResourceKey[minecraft:root / minecraft:block]: gtceu:raw_oil -> using default); (Unknown registry key in ResourceKey[minecraft:root / minecraft:block]: gtceu:raw_oil -> using default); (Unknown registry key in ResourceKey[minecraft:root / minecraft:block]: gtceu:raw_oil -> using default); (Unknown registry key in ResourceKey[minecraft:root / minecraft:block]: gtceu:raw_oil -> using default); (Unknown registry key in ResourceKey[minecraft:root / minecraft:block]: gtceu:raw_oil -> using default)
[219月2026 21:40:10.530] [Server thread/ERROR] [net.minecraft.world.level.chunk.storage.ChunkSerializer/]: Recoverable errors when loading section [-1, -2, 11]: (Unknown registry key in ResourceKey[minecraft:root / minecraft:block]: gtceu:deepslate_cinnabar_ore -> using default); (Unknown registry key in ResourceKey[minecraft:root / minecraft:block]: gtceu:deepslate_ruby_ore -> using default); (Unknown registry key in ResourceKey[minecraft:root / minecraft:block]: gtceu:deepslate_redstone_ore -> using default)
[219月2026 21:40:10.530] [Server thread/ERROR] [net.minecraft.world.level.chunk.storage.ChunkSerializer/]: Recoverable errors when loading section [-1, -1, 11]: (Unknown registry key in ResourceKey[minecraft:root / minecraft:block]: gtceu:deepslate_cinnabar_ore -> using default); (Unknown registry key in ResourceKey[minecraft:root / minecraft:block]: gtceu:deepslate_redstone_ore -> using default); (Unknown registry key in ResourceKey[minecraft:root / minecraft:block]: gtceu:deepslate_ruby_ore -> using default)
[219月2026 21:40:10.530] [Server thread/ERROR] [net.minecraft.world.level.chunk.storage.ChunkSerializer/]: Recoverable errors when loading section [-1, 0, 11]: (Unknown registry key in ResourceKey[minecraft:root / minecraft:block]: gtceu:deepslate_redstone_ore -> using default)
[219月2026 21:40:10.530] [Server thread/ERROR] [net.minecraft.world.level.chunk.storage.ChunkSerializer/]: Recoverable errors when loading section [-1, 2, 11]: (Unknown registry key in ResourceKey[minecraft:root / minecraft:block]: gtceu:red_granite -> using default); (Unknown registry key in ResourceKey[minecraft:root / minecraft:block]: gtceu:garnet_sand_ore -> using default); (Unknown registry key in ResourceKey[minecraft:root / minecraft:block]: gtceu:cassiterite_sand_ore -> using default)
[219月2026 21:40:10.531] [Server thread/ERROR] [net.minecraft.world.level.chunk.storage.ChunkSerializer/]: Recoverable errors when loading section [-1, 3, 11]: (Unknown registry key in ResourceKey[minecraft:root / minecraft:block]: gtceu:garnet_sand_ore -> using default); (Unknown registry key in ResourceKey[minecraft:root / minecraft:block]: gtceu:red_granite -> using default); (Unknown registry key in ResourceKey[minecraft:root / minecraft:block]: gtceu:cassiterite_sand_ore -> using default)
[219月2026 21:40:10.531] [Server thread/ERROR] [net.minecraft.world.level.chunk.storage.ChunkSerializer/]: Recoverable errors when loading section [0, -2, 11]: (Unknown registry key in ResourceKey[minecraft:root / minecraft:block]: gtceu:deepslate_cinnabar_ore -> using default); (Unknown registry key in ResourceKey[minecraft:root / minecraft:block]: gtceu:tuff_redstone_ore -> using default); (Unknown registry key in ResourceKey[minecraft:root / minecraft:block]: gtceu:deepslate_ruby_ore -> using default); (Unknown registry key in ResourceKey[minecraft:root / minecraft:block]: gtceu:tuff_ruby_ore -> using default); (Unknown registry key in ResourceKey[minecraft:root / minecraft:block]: gtceu:deepslate_redstone_ore -> using default)
[219月2026 21:40:10.531] [Server thread/ERROR] [net.minecraft.world.level.chunk.storage.ChunkSerializer/]: Recoverable errors when loading section [0, -1, 11]: (Unknown registry key in ResourceKey[minecraft:root / minecraft:block]: gtceu:deepslate_cinnabar_ore -> using default); (Unknown registry key in ResourceKey[minecraft:root / minecraft:block]: gtceu:deepslate_ruby_ore -> using default); (Unknown registry key in ResourceKey[minecraft:root / minecraft:block]: gtceu:deepslate_redstone_ore -> using default)
[219月2026 21:40:10.531] [Server thread/ERROR] [net.minecraft.world.level.chunk.storage.ChunkSerializer/]: Recoverable errors when loading section [0, 0, 11]: (Unknown registry key in ResourceKey[minecraft:root / minecraft:block]: gtceu:deepslate_redstone_ore -> using default); (Unknown registry key in ResourceKey[minecraft:root / minecraft:block]: gtceu:deepslate_ruby_ore -> using default)
[219月2026 21:40:10.532] [Server thread/ERROR] [net.minecraft.world.level.chunk.storage.ChunkSerializer/]: Recoverable errors when loading section [0, 2, 11]: (Unknown registry key in ResourceKey[minecraft:root / minecraft:block]: gtceu:diatomite_ore -> using default); (Unknown registry key in ResourceKey[minecraft:root / minecraft:block]: gtceu:diorite_cassiterite_sand_ore -> using default); (Unknown registry key in ResourceKey[minecraft:root / minecraft:block]: gtceu:garnet_sand_ore -> using default); (Unknown registry key in ResourceKey[minecraft:root / minecraft:block]: gtceu:diorite_asbestos_ore -> using default); (Unknown registry key in ResourceKey[minecraft:root / minecraft:block]: gtceu:asbestos_ore -> using default); (Unknown registry key in ResourceKey[minecraft:root / minecraft:block]: gtceu:cassiterite_sand_ore -> using default)
[219月2026 21:40:10.532] [Server thread/ERROR] [net.minecraft.world.level.chunk.storage.ChunkSerializer/]: Recoverable errors when loading section [0, 3, 11]: (Unknown registry key in ResourceKey[minecraft:root / minecraft:block]: gtceu:asbestos_ore -> using default); (Unknown registry key in ResourceKey[minecraft:root / minecraft:block]: gtceu:diatomite_ore -> using default); (Unknown registry key in ResourceKey[minecraft:root / minecraft:block]: gtceu:garnet_sand_ore -> using default); (Unknown registry key in ResourceKey[minecraft:root / minecraft:block]: gtceu:cassiterite_sand_ore -> using default)
[219月2026 21:40:10.532] [Server thread/ERROR] [net.minecraft.world.level.chunk.storage.ChunkSerializer/]: Recoverable errors when loading section [0, 4, 11]: (Unknown registry key in ResourceKey[minecraft:root / minecraft:block]: gtceu:rubber_leaves -> using default); (Unknown registry key in ResourceKey[minecraft:root / minecraft:block]: gtceu:rubber_leaves -> using default); (Unknown registry key in ResourceKey[minecraft:root / minecraft:block]: gtceu:rubber_leaves -> using default); (Unknown registry key in ResourceKey[minecraft:root / minecraft:block]: gtceu:rubber_leaves -> using default); (Unknown registry key in ResourceKey[minecraft:root / minecraft:block]: gtceu:rubber_leaves -> using default); (Unknown registry key in ResourceKey[minecraft:root / minecraft:block]: gtceu:rubber_log -> using default)
[219月2026 21:40:10.533] [Server thread/ERROR] [net.minecraft.world.level.chunk.storage.ChunkSerializer/]: Recoverable errors when loading section [1, -2, 11]: (Unknown registry key in ResourceKey[minecraft:root / minecraft:block]: gtceu:deepslate_ruby_ore -> using default); (Unknown registry key in ResourceKey[minecraft:root / minecraft:block]: gtceu:deepslate_redstone_ore -> using default)
[219月2026 21:40:10.533] [Server thread/ERROR] [net.minecraft.world.level.chunk.storage.ChunkSerializer/]: Recoverable errors when loading section [1, -1, 11]: (Unknown registry key in ResourceKey[minecraft:root / minecraft:block]: gtceu:deepslate_cinnabar_ore -> using default); (Unknown registry key in ResourceKey[minecraft:root / minecraft:block]: gtceu:deepslate_redstone_ore -> using default); (Unknown registry key in ResourceKey[minecraft:root / minecraft:block]: gtceu:deepslate_ruby_ore -> using default)
[219月2026 21:40:10.534] [Server thread/ERROR] [net.minecraft.world.level.chunk.storage.ChunkSerializer/]: Recoverable errors when loading section [1, 2, 11]: (Unknown registry key in ResourceKey[minecraft:root / minecraft:block]: gtceu:cassiterite_sand_ore -> using default)
[219月2026 21:40:10.534] [Server thread/ERROR] [net.minecraft.world.level.chunk.storage.ChunkSerializer/]: Recoverable errors when loading section [1, 3, 11]: (Unknown registry key in ResourceKey[minecraft:root / minecraft:block]: gtceu:diatomite_ore -> using default); (Unknown registry key in ResourceKey[minecraft:root / minecraft:block]: gtceu:garnet_sand_ore -> using default); (Unknown registry key in ResourceKey[minecraft:root / minecraft:block]: gtceu:cassiterite_sand_ore -> using default)
[219月2026 21:40:10.534] [Server thread/ERROR] [net.minecraft.world.level.chunk.storage.ChunkSerializer/]: Recoverable errors when loading section [1, 4, 11]: (Unknown registry key in ResourceKey[minecraft:root / minecraft:block]: gtceu:rubber_leaves -> using default); (Unknown registry key in ResourceKey[minecraft:root / minecraft:block]: gtceu:rubber_leaves -> using default); (Unknown registry key in ResourceKey[minecraft:root / minecraft:block]: gtceu:rubber_leaves -> using default)
[219月2026 21:40:10.536] [Server thread/ERROR] [net.minecraft.world.level.chunk.storage.ChunkSerializer/]: Recoverable errors when loading section [-1, -2, 4]: (Unknown registry key in ResourceKey[minecraft:root / minecraft:block]: gtceu:deepslate_copper_ore -> using default); (Unknown registry key in ResourceKey[minecraft:root / minecraft:block]: gtceu:deepslate_pyrite_ore -> using default); (Unknown registry key in ResourceKey[minecraft:root / minecraft:block]: gtceu:deepslate_iron_ore -> using default); (Unknown registry key in ResourceKey[minecraft:root / minecraft:block]: gtceu:deepslate_chalcopyrite_ore -> using default)
[219月2026 21:40:10.536] [Server thread/ERROR] [net.minecraft.world.level.chunk.storage.ChunkSerializer/]: Recoverable errors when loading section [-1, -1, 4]: (Unknown registry key in ResourceKey[minecraft:root / minecraft:block]: gtceu:deepslate_pyrite_ore -> using default); (Unknown registry key in ResourceKey[minecraft:root / minecraft:block]: gtceu:deepslate_copper_ore -> using default); (Unknown registry key in ResourceKey[minecraft:root / minecraft:block]: gtceu:deepslate_chalcopyrite_ore -> using default)
[219月2026 21:40:10.537] [Server thread/ERROR] [net.minecraft.world.level.chunk.storage.ChunkSerializer/]: Recoverable errors when loading section [-1, 2, 4]: (Unknown registry key in ResourceKey[minecraft:root / minecraft:block]: gtceu:andesite_asbestos_ore -> using default); (Unknown registry key in ResourceKey[minecraft:root / minecraft:block]: gtceu:andesite_cassiterite_sand_ore -> using default); (Unknown registry key in ResourceKey[minecraft:root / minecraft:block]: gtceu:diorite_cassiterite_sand_ore -> using default); (Unknown registry key in ResourceKey[minecraft:root / minecraft:block]: gtceu:diorite_garnet_sand_ore -> using default); (Unknown registry key in ResourceKey[minecraft:root / minecraft:block]: gtceu:diorite_asbestos_ore -> using default); (Unknown registry key in ResourceKey[minecraft:root / minecraft:block]: gtceu:garnet_sand_ore -> using default); (Unknown registry key in ResourceKey[minecraft:root / minecraft:block]: gtceu:asbestos_ore -> using default); (Unknown registry key in ResourceKey[minecraft:root / minecraft:block]: gtceu:cassiterite_sand_ore -> using default)
[219月2026 21:40:10.537] [Server thread/ERROR] [net.minecraft.world.level.chunk.storage.ChunkSerializer/]: Recoverable errors when loading section [-1, 3, 4]: (Unknown registry key in ResourceKey[minecraft:root / minecraft:block]: gtceu:diatomite_ore -> using default); (Unknown registry key in ResourceKey[minecraft:root / minecraft:block]: gtceu:granite_diatomite_ore -> using default); (Unknown registry key in ResourceKey[minecraft:root / minecraft:block]: gtceu:diorite_garnet_sand_ore -> using default); (Unknown registry key in ResourceKey[minecraft:root / minecraft:block]: gtceu:granite_garnet_sand_ore -> using default); (Unknown registry key in ResourceKey[minecraft:root / minecraft:block]: gtceu:diorite_cassiterite_sand_ore -> using default); (Unknown registry key in ResourceKey[minecraft:root / minecraft:block]: gtceu:andesite_garnet_sand_ore -> using default); (Unknown registry key in ResourceKey[minecraft:root / minecraft:block]: gtceu:granite_cassiterite_sand_ore -> using default); (Unknown registry key in ResourceKey[minecraft:root / minecraft:block]: gtceu:diorite_asbestos_ore -> using default); (Unknown registry key in ResourceKey[minecraft:root / minecraft:block]: gtceu:andesite_cassiterite_sand_ore -> using default); (Unknown registry key in ResourceKey[minecraft:root / minecraft:block]: gtceu:granite_asbestos_ore -> using default); (Unknown registry key in ResourceKey[minecraft:root / minecraft:block]: gtceu:asbestos_ore -> using default); (Unknown registry key in ResourceKey[minecraft:root / minecraft:block]: gtceu:cassiterite_sand_ore -> using default); (Unknown registry key in ResourceKey[minecraft:root / minecraft:block]: gtceu:garnet_sand_ore -> using default)
[219月2026 21:40:10.538] [Server thread/ERROR] [net.minecraft.world.level.chunk.storage.ChunkSerializer/]: Recoverable errors when loading section [-1, -2, 5]: (Unknown registry key in ResourceKey[minecraft:root / minecraft:block]: gtceu:deepslate_iron_ore -> using default); (Unknown registry key in ResourceKey[minecraft:root / minecraft:block]: gtceu:deepslate_pyrite_ore -> using default); (Unknown registry key in ResourceKey[minecraft:root / minecraft:block]: gtceu:deepslate_chalcopyrite_ore -> using default); (Unknown registry key in ResourceKey[minecraft:root / minecraft:block]: gtceu:deepslate_copper_ore -> using default)
[219月2026 21:40:10.538] [Server thread/ERROR] [net.minecraft.world.level.chunk.storage.ChunkSerializer/]: Recoverable errors when loading section [-1, -1, 5]: (Unknown registry key in ResourceKey[minecraft:root / minecraft:block]: gtceu:deepslate_iron_ore -> using default); (Unknown registry key in ResourceKey[minecraft:root / minecraft:block]: gtceu:deepslate_pyrite_ore -> using default); (Unknown registry key in ResourceKey[minecraft:root / minecraft:block]: gtceu:deepslate_chalcopyrite_ore -> using default); (Unknown registry key in ResourceKey[minecraft:root / minecraft:block]: gtceu:deepslate_copper_ore -> using default)
[219月2026 21:40:10.539] [Server thread/ERROR] [net.minecraft.world.level.chunk.storage.ChunkSerializer/]: Recoverable errors when loading section [-1, 0, 5]: (Unknown registry key in ResourceKey[minecraft:root / minecraft:block]: gtceu:deepslate_pyrite_ore -> using default); (Unknown registry key in ResourceKey[minecraft:root / minecraft:block]: gtceu:deepslate_iron_ore -> using default); (Unknown registry key in ResourceKey[minecraft:root / minecraft:block]: gtceu:deepslate_chalcopyrite_ore -> using default); (Unknown registry key in ResourceKey[minecraft:root / minecraft:block]: gtceu:deepslate_copper_ore -> using default)
[219月2026 21:40:10.539] [Server thread/ERROR] [net.minecraft.world.level.chunk.storage.ChunkSerializer/]: Recoverable errors when loading section [-1, 1, 5]: (Unknown registry key in ResourceKey[minecraft:root / minecraft:block]: gtceu:yellow_limonite_ore -> using default); (Unknown registry key in ResourceKey[minecraft:root / minecraft:block]: gtceu:malachite_ore -> using default); (Unknown registry key in ResourceKey[minecraft:root / minecraft:block]: gtceu:goethite_ore -> using default)
[219月2026 21:40:10.539] [Server thread/ERROR] [net.minecraft.world.level.chunk.storage.ChunkSerializer/]: Recoverable errors when loading section [-1, 2, 5]: (Unknown registry key in ResourceKey[minecraft:root / minecraft:block]: gtceu:hematite_ore -> using default); (Unknown registry key in ResourceKey[minecraft:root / minecraft:block]: gtceu:malachite_ore -> using default); (Unknown registry key in ResourceKey[minecraft:root / minecraft:block]: gtceu:goethite_ore -> using default); (Unknown registry key in ResourceKey[minecraft:root / minecraft:block]: gtceu:yellow_limonite_ore -> using default)
[219月2026 21:40:10.539] [Server thread/ERROR] [net.minecraft.world.level.chunk.storage.ChunkSerializer/]: Recoverable errors when loading section [-1, 3, 5]: (Unknown registry key in ResourceKey[minecraft:root / minecraft:block]: gtceu:rubber_log -> using default)
[219月2026 21:40:10.539] [Server thread/ERROR] [net.minecraft.world.level.chunk.storage.ChunkSerializer/]: Recoverable errors when loading section [-1, 4, 5]: (Unknown registry key in ResourceKey[minecraft:root / minecraft:block]: gtceu:rubber_leaves -> using default); (Unknown registry key in ResourceKey[minecraft:root / minecraft:block]: gtceu:rubber_leaves -> using default); (Unknown registry key in ResourceKey[minecraft:root / minecraft:block]: gtceu:rubber_leaves -> using default); (Unknown registry key in ResourceKey[minecraft:root / minecraft:block]: gtceu:rubber_leaves -> using default); (Unknown registry key in ResourceKey[minecraft:root / minecraft:block]: gtceu:rubber_leaves -> using default); (Unknown registry key in ResourceKey[minecraft:root / minecraft:block]: gtceu:rubber_log -> using default)
[219月2026 21:40:10.540] [Server thread/ERROR] [net.minecraft.world.level.chunk.storage.ChunkSerializer/]: Recoverable errors when loading section [-1, -2, 6]: (Unknown registry key in ResourceKey[minecraft:root / minecraft:block]: gtceu:tuff_pyrite_ore -> using default); (Unknown registry key in ResourceKey[minecraft:root / minecraft:block]: gtceu:tuff_copper_ore -> using default); (Unknown registry key in ResourceKey[minecraft:root / minecraft:block]: gtceu:tuff_iron_ore -> using default); (Unknown registry key in ResourceKey[minecraft:root / minecraft:block]: gtceu:tuff_chalcopyrite_ore -> using default); (Unknown registry key in ResourceKey[minecraft:root / minecraft:block]: gtceu:deepslate_copper_ore -> using default); (Unknown registry key in ResourceKey[minecraft:root / minecraft:block]: gtceu:deepslate_iron_ore -> using default); (Unknown registry key in ResourceKey[minecraft:root / minecraft:block]: gtceu:deepslate_pyrite_ore -> using default); (Unknown registry key in ResourceKey[minecraft:root / minecraft:block]: gtceu:deepslate_chalcopyrite_ore -> using default)
[219月2026 21:40:10.540] [Server thread/ERROR] [net.minecraft.world.level.chunk.storage.ChunkSerializer/]: Recoverable errors when loading section [-1, 3, 6]: (Unknown registry key in ResourceKey[minecraft:root / minecraft:block]: gtceu:malachite_ore -> using default); (Unknown registry key in ResourceKey[minecraft:root / minecraft:block]: gtceu:yellow_limonite_ore -> using default); (Unknown registry key in ResourceKey[minecraft:root / minecraft:block]: gtceu:hematite_ore -> using default); (Unknown registry key in ResourceKey[minecraft:root / minecraft:block]: gtceu:goethite_ore -> using default)
[219月2026 21:40:10.542] [Server thread/ERROR] [net.minecraft.world.level.chunk.storage.ChunkSerializer/]: Recoverable errors when loading section [-1, 2, 7]: (Unknown registry key in ResourceKey[minecraft:root / minecraft:block]: gtceu:marble_yellow_limonite_ore -> using default); (Unknown registry key in ResourceKey[minecraft:root / minecraft:block]: gtceu:yellow_limonite_ore -> using default); (Unknown registry key in ResourceKey[minecraft:root / minecraft:block]: gtceu:diorite_hematite_ore -> using default); (Unknown registry key in ResourceKey[minecraft:root / minecraft:block]: gtceu:diorite_goethite_ore -> using default); (Unknown registry key in ResourceKey[minecraft:root / minecraft:block]: gtceu:marble_goethite_ore -> using default); (Unknown registry key in ResourceKey[minecraft:root / minecraft:block]: gtceu:goethite_ore -> using default); (Unknown registry key in ResourceKey[minecraft:root / minecraft:block]: gtceu:hematite_ore -> using default); (Unknown registry key in ResourceKey[minecraft:root / minecraft:block]: gtceu:granite_yellow_limonite_ore -> using default); (Unknown registry key in ResourceKey[minecraft:root / minecraft:block]: gtceu:granite_goethite_ore -> using default); (Unknown registry key in ResourceKey[minecraft:root / minecraft:block]: gtceu:granite_hematite_ore -> using default); (Unknown registry key in ResourceKey[minecraft:root / minecraft:block]: gtceu:granite_malachite_ore -> using default); (Unknown registry key in ResourceKey[minecraft:root / minecraft:block]: gtceu:marble -> using default)
[219月2026 21:40:10.542] [Server thread/ERROR] [net.minecraft.world.level.chunk.storage.ChunkSerializer/]: Recoverable errors when loading section [-1, 3, 7]: (Unknown registry key in ResourceKey[minecraft:root / minecraft:block]: gtceu:yellow_limonite_ore -> using default); (Unknown registry key in ResourceKey[minecraft:root / minecraft:block]: gtceu:goethite_ore -> using default); (Unknown registry key in ResourceKey[minecraft:root / minecraft:block]: gtceu:marble -> using default)
[219月2026 21:40:10.543] [Server thread/ERROR] [net.minecraft.world.level.chunk.storage.ChunkSerializer/]: Recoverable errors when loading section [-1, 2, 3]: (Unknown registry key in ResourceKey[minecraft:root / minecraft:block]: gtceu:andesite_garnet_sand_ore -> using default); (Unknown registry key in ResourceKey[minecraft:root / minecraft:block]: gtceu:garnet_sand_ore -> using default); (Unknown registry key in ResourceKey[minecraft:root / minecraft:block]: gtceu:andesite_asbestos_ore -> using default); (Unknown registry key in ResourceKey[minecraft:root / minecraft:block]: gtceu:granite_asbestos_ore -> using default); (Unknown registry key in ResourceKey[minecraft:root / minecraft:block]: gtceu:asbestos_ore -> using default); (Unknown registry key in ResourceKey[minecraft:root / minecraft:block]: gtceu:granite_garnet_sand_ore -> using default); (Unknown registry key in ResourceKey[minecraft:root / minecraft:block]: gtceu:cassiterite_sand_ore -> using default); (Unknown registry key in ResourceKey[minecraft:root / minecraft:block]: gtceu:granite_cassiterite_sand_ore -> using default)
[219月2026 21:40:10.543] [Server thread/ERROR] [net.minecraft.world.level.chunk.storage.ChunkSerializer/]: Recoverable errors when loading section [-1, 3, 3]: (Unknown registry key in ResourceKey[minecraft:root / minecraft:block]: gtceu:granite_diatomite_ore -> using default); (Unknown registry key in ResourceKey[minecraft:root / minecraft:block]: gtceu:diatomite_ore -> using default); (Unknown registry key in ResourceKey[minecraft:root / minecraft:block]: gtceu:diorite_diatomite_ore -> using default); (Unknown registry key in ResourceKey[minecraft:root / minecraft:block]: gtceu:granite_garnet_sand_ore -> using default); (Unknown registry key in ResourceKey[minecraft:root / minecraft:block]: gtceu:diorite_garnet_sand_ore -> using default); (Unknown registry key in ResourceKey[minecraft:root / minecraft:block]: gtceu:diorite_cassiterite_sand_ore -> using default); (Unknown registry key in ResourceKey[minecraft:root / minecraft:block]: gtceu:diorite_asbestos_ore -> using default); (Unknown registry key in ResourceKey[minecraft:root / minecraft:block]: gtceu:garnet_sand_ore -> using default); (Unknown registry key in ResourceKey[minecraft:root / minecraft:block]: gtceu:granite_asbestos_ore -> using default); (Unknown registry key in ResourceKey[minecraft:root / minecraft:block]: gtceu:granite_cassiterite_sand_ore -> using default); (Unknown registry key in ResourceKey[minecraft:root / minecraft:block]: gtceu:asbestos_ore -> using default); (Unknown registry key in ResourceKey[minecraft:root / minecraft:block]: gtceu:cassiterite_sand_ore -> using default)
[219月2026 21:40:10.543] [Server thread/ERROR] [net.minecraft.world.level.chunk.storage.ChunkSerializer/]: Recoverable errors when loading section [0, 2, 3]: (Unknown registry key in ResourceKey[minecraft:root / minecraft:block]: gtceu:granite_diatomite_ore -> using default); (Unknown registry key in ResourceKey[minecraft:root / minecraft:block]: gtceu:diatomite_ore -> using default); (Unknown registry key in ResourceKey[minecraft:root / minecraft:block]: gtceu:granite_garnet_sand_ore -> using default); (Unknown registry key in ResourceKey[minecraft:root / minecraft:block]: gtceu:granite_cassiterite_sand_ore -> using default); (Unknown registry key in ResourceKey[minecraft:root / minecraft:block]: gtceu:andesite_cassiterite_sand_ore -> using default); (Unknown registry key in ResourceKey[minecraft:root / minecraft:block]: gtceu:granite_asbestos_ore -> using default); (Unknown registry key in ResourceKey[minecraft:root / minecraft:block]: gtceu:garnet_sand_ore -> using default); (Unknown registry key in ResourceKey[minecraft:root / minecraft:block]: gtceu:andesite_garnet_sand_ore -> using default); (Unknown registry key in ResourceKey[minecraft:root / minecraft:block]: gtceu:cassiterite_sand_ore -> using default); (Unknown registry key in ResourceKey[minecraft:root / minecraft:block]: gtceu:asbestos_ore -> using default)
[219月2026 21:40:10.544] [Server thread/ERROR] [net.minecraft.world.level.chunk.storage.ChunkSerializer/]: Recoverable errors when loading section [0, 3, 3]: (Unknown registry key in ResourceKey[minecraft:root / minecraft:block]: gtceu:granite_diatomite_ore -> using default); (Unknown registry key in ResourceKey[minecraft:root / minecraft:block]: gtceu:granite_garnet_sand_ore -> using default); (Unknown registry key in ResourceKey[minecraft:root / minecraft:block]: gtceu:granite_cassiterite_sand_ore -> using default); (Unknown registry key in ResourceKey[minecraft:root / minecraft:block]: gtceu:asbestos_ore -> using default); (Unknown registry key in ResourceKey[minecraft:root / minecraft:block]: gtceu:diatomite_ore -> using default); (Unknown registry key in ResourceKey[minecraft:root / minecraft:block]: gtceu:cassiterite_sand_ore -> using default); (Unknown registry key in ResourceKey[minecraft:root / minecraft:block]: gtceu:garnet_sand_ore -> using default)
[219月2026 21:40:10.544] [Server thread/ERROR] [net.minecraft.world.level.chunk.storage.ChunkSerializer/]: Recoverable errors when loading section [1, -4, 3]: (Unknown registry key in ResourceKey[minecraft:root / minecraft:block]: gtceu:deepslate_lapis_ore -> using default); (Unknown registry key in ResourceKey[minecraft:root / minecraft:block]: gtceu:tuff_lapis_ore -> using default); (Unknown registry key in ResourceKey[minecraft:root / minecraft:block]: gtceu:deepslate_sodalite_ore -> using default); (Unknown registry key in ResourceKey[minecraft:root / minecraft:block]: gtceu:tuff_sodalite_ore -> using default); (Unknown registry key in ResourceKey[minecraft:root / minecraft:block]: gtceu:tuff_lazurite_ore -> using default); (Unknown registry key in ResourceKey[minecraft:root / minecraft:block]: gtceu:deepslate_lazurite_ore -> using default)
[219月2026 21:40:10.544] [Server thread/ERROR] [net.minecraft.world.level.chunk.storage.ChunkSerializer/]: Recoverable errors when loading section [1, -3, 3]: (Unknown registry key in ResourceKey[minecraft:root / minecraft:block]: gtceu:tuff_calcite_ore -> using default); (Unknown registry key in ResourceKey[minecraft:root / minecraft:block]: gtceu:tuff_lapis_ore -> using default); (Unknown registry key in ResourceKey[minecraft:root / minecraft:block]: gtceu:tuff_lazurite_ore -> using default); (Unknown registry key in ResourceKey[minecraft:root / minecraft:block]: gtceu:tuff_sodalite_ore -> using default); (Unknown registry key in ResourceKey[minecraft:root / minecraft:block]: gtceu:deepslate_calcite_ore -> using default); (Unknown registry key in ResourceKey[minecraft:root / minecraft:block]: gtceu:deepslate_sodalite_ore -> using default); (Unknown registry key in ResourceKey[minecraft:root / minecraft:block]: gtceu:deepslate_lapis_ore -> using default); (Unknown registry key in ResourceKey[minecraft:root / minecraft:block]: gtceu:deepslate_lazurite_ore -> using default)
[219月2026 21:40:10.544] [Server thread/ERROR] [net.minecraft.world.level.chunk.storage.ChunkSerializer/]: Recoverable errors when loading section [1, -2, 3]: (Unknown registry key in ResourceKey[minecraft:root / minecraft:block]: gtceu:tuff_calcite_ore -> using default); (Unknown registry key in ResourceKey[minecraft:root / minecraft:block]: gtceu:tuff_lapis_ore -> using default); (Unknown registry key in ResourceKey[minecraft:root / minecraft:block]: gtceu:deepslate_sodalite_ore -> using default); (Unknown registry key in ResourceKey[minecraft:root / minecraft:block]: gtceu:tuff_lazurite_ore -> using default); (Unknown registry key in ResourceKey[minecraft:root / minecraft:block]: gtceu:tuff_sodalite_ore -> using default); (Unknown registry key in ResourceKey[minecraft:root / minecraft:block]: gtceu:deepslate_lapis_ore -> using default); (Unknown registry key in ResourceKey[minecraft:root / minecraft:block]: gtceu:deepslate_calcite_ore -> using default); (Unknown registry key in ResourceKey[minecraft:root / minecraft:block]: gtceu:deepslate_lazurite_ore -> using default)
[219月2026 21:40:10.544] [Server thread/ERROR] [net.minecraft.world.level.chunk.storage.ChunkSerializer/]: Recoverable errors when loading section [1, -1, 3]: (Unknown registry key in ResourceKey[minecraft:root / minecraft:block]: gtceu:deepslate_calcite_ore -> using default); (Unknown registry key in ResourceKey[minecraft:root / minecraft:block]: gtceu:deepslate_lapis_ore -> using default); (Unknown registry key in ResourceKey[minecraft:root / minecraft:block]: gtceu:deepslate_lazurite_ore -> using default); (Unknown registry key in ResourceKey[minecraft:root / minecraft:block]: gtceu:deepslate_sodalite_ore -> using default)
[219月2026 21:40:10.544] [Server thread/ERROR] [net.minecraft.world.level.chunk.storage.ChunkSerializer/]: Recoverable errors when loading section [1, 0, 3]: (Unknown registry key in ResourceKey[minecraft:root / minecraft:block]: gtceu:lapis_indicator -> using default); (Unknown registry key in ResourceKey[minecraft:root / minecraft:block]: gtceu:deepslate_calcite_ore -> using default); (Unknown registry key in ResourceKey[minecraft:root / minecraft:block]: gtceu:deepslate_lapis_ore -> using default); (Unknown registry key in ResourceKey[minecraft:root / minecraft:block]: gtceu:deepslate_sodalite_ore -> using default); (Unknown registry key in ResourceKey[minecraft:root / minecraft:block]: gtceu:deepslate_lazurite_ore -> using default)
[219月2026 21:40:10.544] [Server thread/ERROR] [net.minecraft.world.level.chunk.storage.ChunkSerializer/]: Recoverable errors when loading section [1, 2, 3]: (Unknown registry key in ResourceKey[minecraft:root / minecraft:block]: gtceu:diatomite_ore -> using default)
[219月2026 21:40:10.544] [Server thread/ERROR] [net.minecraft.world.level.chunk.storage.ChunkSerializer/]: Recoverable errors when loading section [1, 3, 3]: (Unknown registry key in ResourceKey[minecraft:root / minecraft:block]: gtceu:cassiterite_sand_ore -> using default); (Unknown registry key in ResourceKey[minecraft:root / minecraft:block]: gtceu:diorite_cassiterite_sand_ore -> using default); (Unknown registry key in ResourceKey[minecraft:root / minecraft:block]: gtceu:garnet_sand_ore -> using default)
[219月2026 21:40:10.546] [Server thread/ERROR] [net.minecraft.world.level.chunk.storage.ChunkSerializer/]: Recoverable errors when loading section [2, -2, 3]: (Unknown registry key in ResourceKey[minecraft:root / minecraft:block]: gtceu:deepslate_almandine_ore -> using default); (Unknown registry key in ResourceKey[minecraft:root / minecraft:block]: gtceu:deepslate_sapphire_ore -> using default); (Unknown registry key in ResourceKey[minecraft:root / minecraft:block]: gtceu:deepslate_green_sapphire_ore -> using default); (Unknown registry key in ResourceKey[minecraft:root / minecraft:block]: gtceu:deepslate_pyrope_ore -> using default)
[219月2026 21:40:10.546] [Server thread/ERROR] [net.minecraft.world.level.chunk.storage.ChunkSerializer/]: Recoverable errors when loading section [2, -1, 3]: (Unknown registry key in ResourceKey[minecraft:root / minecraft:block]: gtceu:tuff_sapphire_ore -> using default); (Unknown registry key in ResourceKey[minecraft:root / minecraft:block]: gtceu:tuff_almandine_ore -> using default); (Unknown registry key in ResourceKey[minecraft:root / minecraft:block]: gtceu:tuff_green_sapphire_ore -> using default); (Unknown registry key in ResourceKey[minecraft:root / minecraft:block]: gtceu:tuff_pyrope_ore -> using default); (Unknown registry key in ResourceKey[minecraft:root / minecraft:block]: gtceu:deepslate_almandine_ore -> using default); (Unknown registry key in ResourceKey[minecraft:root / minecraft:block]: gtceu:deepslate_green_sapphire_ore -> using default); (Unknown registry key in ResourceKey[minecraft:root / minecraft:block]: gtceu:deepslate_pyrope_ore -> using default); (Unknown registry key in ResourceKey[minecraft:root / minecraft:block]: gtceu:deepslate_sapphire_ore -> using default)
[219月2026 21:40:10.546] [Server thread/ERROR] [net.minecraft.world.level.chunk.storage.ChunkSerializer/]: Recoverable errors when loading section [2, 0, 3]: (Unknown registry key in ResourceKey[minecraft:root / minecraft:block]: gtceu:deepslate_green_sapphire_ore -> using default); (Unknown registry key in ResourceKey[minecraft:root / minecraft:block]: gtceu:deepslate_almandine_ore -> using default); (Unknown registry key in ResourceKey[minecraft:root / minecraft:block]: gtceu:deepslate_pyrope_ore -> using default)
[219月2026 21:40:10.578] [Render thread/INFO] [net.minecraft.server.level.progress.LoggerChunkProgressListener/]: 准备生成区域中：0%
[219月2026 21:40:10.670] [Render thread/INFO] [net.minecraft.server.level.progress.LoggerChunkProgressListener/]: Time elapsed: 271 ms
[219月2026 21:40:10.670] [Server thread/INFO] [net.neoforged.neoforge.server.permission.PermissionAPI/]: Successfully initialized permission handler neoforge:default_handler
[219月2026 21:40:10.670] [Server thread/INFO] [prefab_custom_addon/]: Initializing extension pack manager
[219月2026 21:40:10.670] [Server thread/INFO] [prefab_custom_addon/]: Server using extension directory: D:\aa\a\.minecraft\versions\1.21.1-NeoForge_21.1.249\prefab-extension (server-side: only server-cache/ will be scanned)
[219月2026 21:40:10.670] [Server thread/INFO] [prefab_custom_addon/]: Scanning extension directory: D:\aa\a\.minecraft\versions\1.21.1-NeoForge_21.1.249\prefab-extension
[219月2026 21:40:10.671] [Server thread/INFO] [prefab_custom_addon/]: Found 5 extension files in D:\aa\a\.minecraft\versions\1.21.1-NeoForge_21.1.249\prefab-extension
[219月2026 21:40:10.671] [Server thread/INFO] [prefab_custom_addon/]: Found extension file: D:\aa\a\.minecraft\versions\1.21.1-NeoForge_21.1.249\prefab-extension\a.nbt
[219月2026 21:40:10.671] [Server thread/INFO] [prefab_custom_addon/]: Found extension file: D:\aa\a\.minecraft\versions\1.21.1-NeoForge_21.1.249\prefab-extension\x.nbt
[219月2026 21:40:10.671] [Server thread/INFO] [prefab_custom_addon/]: Found extension file: D:\aa\a\.minecraft\versions\1.21.1-NeoForge_21.1.249\prefab-extension\xx.nbt
[219月2026 21:40:10.671] [Server thread/INFO] [prefab_custom_addon/]: Found extension file: D:\aa\a\.minecraft\versions\1.21.1-NeoForge_21.1.249\prefab-extension\动态储罐.nbt
[219月2026 21:40:10.671] [Server thread/INFO] [prefab_custom_addon/]: Found extension file: D:\aa\a\.minecraft\versions\1.21.1-NeoForge_21.1.249\prefab-extension\土高炉.nbt
[219月2026 21:40:10.671] [Server thread/INFO] [prefab_custom_addon/]: [DIAG-SCAN] a.nbt(file), a.txt(file), server-cache(dir), x.nbt(file), x.txt(file), xx.nbt(file), xx.txt(file), 动态储罐.nbt(file), 动态储罐.txt(file), 土高炉.nbt(file), 土高炉.txt(file), 
[219月2026 21:40:10.671] [Server thread/INFO] [prefab_custom_addon/]: [STANDALONE-NBT] 加载独立建筑 'a' (454 字节)
[219月2026 21:40:10.672] [Server thread/INFO] [prefab_custom_addon/]: [STANDALONE-NBT] 加载独立建筑 'x' (180 字节)
[219月2026 21:40:10.672] [Server thread/INFO] [prefab_custom_addon/]: [STANDALONE-NBT] 加载独立建筑 'xx' (428 字节)
[219月2026 21:40:10.672] [Server thread/INFO] [prefab_custom_addon/]: [STANDALONE-NBT] 加载独立建筑 '动态储罐' (253 字节)
[219月2026 21:40:10.674] [Server thread/INFO] [prefab_custom_addon/]: [STANDALONE-NBT] 加载独立建筑 '土高炉' (317 字节)
[219月2026 21:40:10.674] [Server thread/INFO] [prefab_custom_addon/]: [SERVER-CACHE] Found 5 extension files in D:\aa\a\.minecraft\versions\1.21.1-NeoForge_21.1.249\prefab-extension\server-cache
[219月2026 21:40:10.674] [Server thread/INFO] [prefab_custom_addon/]: [SERVER-CACHE] Found extension file: D:\aa\a\.minecraft\versions\1.21.1-NeoForge_21.1.249\prefab-extension\server-cache\a.nbt
[219月2026 21:40:10.674] [Server thread/INFO] [prefab_custom_addon/]: [SERVER-CACHE] Found extension file: D:\aa\a\.minecraft\versions\1.21.1-NeoForge_21.1.249\prefab-extension\server-cache\x.nbt
[219月2026 21:40:10.674] [Server thread/INFO] [prefab_custom_addon/]: [SERVER-CACHE] Found extension file: D:\aa\a\.minecraft\versions\1.21.1-NeoForge_21.1.249\prefab-extension\server-cache\xx.nbt
[219月2026 21:40:10.674] [Server thread/INFO] [prefab_custom_addon/]: [SERVER-CACHE] Found extension file: D:\aa\a\.minecraft\versions\1.21.1-NeoForge_21.1.249\prefab-extension\server-cache\动态储罐.nbt
[219月2026 21:40:10.674] [Server thread/INFO] [prefab_custom_addon/]: [SERVER-CACHE] Found extension file: D:\aa\a\.minecraft\versions\1.21.1-NeoForge_21.1.249\prefab-extension\server-cache\土高炉.nbt
[219月2026 21:40:10.674] [Server thread/INFO] [prefab_custom_addon/]: [DIAG-SCAN] a.nbt(file), x.nbt(file), xx.nbt(file), 动态储罐.nbt(file), 土高炉.nbt(file), 
[219月2026 21:40:10.674] [Server thread/INFO] [prefab_custom_addon/]: [STANDALONE-NBT] 加载独立建筑 'a' (454 字节)
[219月2026 21:40:10.674] [Server thread/INFO] [prefab_custom_addon/]: [STANDALONE-NBT] 加载独立建筑 'x' (180 字节)
[219月2026 21:40:10.674] [Server thread/INFO] [prefab_custom_addon/]: [STANDALONE-NBT] 加载独立建筑 'xx' (428 字节)
[219月2026 21:40:10.674] [Server thread/INFO] [prefab_custom_addon/]: [STANDALONE-NBT] 加载独立建筑 '动态储罐' (253 字节)
[219月2026 21:40:10.674] [Server thread/INFO] [prefab_custom_addon/]: [STANDALONE-NBT] 加载独立建筑 '土高炉' (317 字节)
[219月2026 21:40:10.676] [Server thread/INFO] [prefab_custom_addon/]: [DIAG-DEDUPE] dedupeByPackageName: byPkg 大小 1, noPkg 大小 0
[219月2026 21:40:10.676] [Server thread/INFO] [prefab_custom_addon/]: [DIAG-DEDUPE]   byPkg['__standalone__']: 10 个 pack, 名称: [a, x, xx, 动态储罐, 土高炉, a, x, xx, 动态储罐, 土高炉]
[219月2026 21:40:10.676] [Server thread/INFO] [prefab_custom_addon/]: Loaded 10 extension packs (after dedup)
[219月2026 21:40:10.679] [Server thread/INFO] [prefab_custom_addon/]: [LITEMATICA] Converting region 'Unnamed' from .litematic
[219月2026 21:40:10.680] [Server thread/INFO] [prefab_custom_addon/]: [LITEMATICA] Region size: 37x53x45 pos=(0,0,0) palette=226 longArrayLen=11031 forceFlipY=false rawYFlip=false
[219月2026 21:40:10.684] [Server thread/INFO] [prefab_custom_addon/]: [LITEMATICA] Metadata: name=Unnamed author=KALETFISH desc=(none)
[219月2026 21:40:10.684] [Server thread/INFO] [prefab_custom_addon/]: [LITEMATICA] Converted: added=4779 skippedAir=83466 skippedOOB=0
[219月2026 21:40:10.691] [Server thread/INFO] [prefab_custom_addon/]: [LITEMATICA] Converting region 'Unnamed' from .litematic
[219月2026 21:40:10.691] [Server thread/INFO] [prefab_custom_addon/]: [LITEMATICA] Region size: 18x13x26 pos=(0,0,0) palette=53 longArrayLen=571 forceFlipY=false rawYFlip=false
[219月2026 21:40:10.692] [Server thread/INFO] [prefab_custom_addon/]: [LITEMATICA] Metadata: name=Unnamed author=KALETFISH desc=(none)
[219月2026 21:40:10.692] [Server thread/INFO] [prefab_custom_addon/]: [LITEMATICA] Converted: added=796 skippedAir=5288 skippedOOB=0
[219月2026 21:40:10.694] [Server thread/INFO] [prefab_custom_addon/]: [LITEMATICA] Converting region 'Unnamed' from .litematic
[219月2026 21:40:10.694] [Server thread/INFO] [prefab_custom_addon/]: [LITEMATICA] Region size: 34x22x44 pos=(0,21,43) palette=288 longArrayLen=4629 forceFlipY=true rawYFlip=false
[219月2026 21:40:10.696] [Server thread/INFO] [prefab_custom_addon/]: [LITEMATICA] Metadata: name=Unnamed author=KALETFISH desc=(none)
[219月2026 21:40:10.696] [Server thread/INFO] [prefab_custom_addon/]: [LITEMATICA] Converted: added=4277 skippedAir=28635 skippedOOB=0
[219月2026 21:40:10.703] [Server thread/INFO] [prefab_custom_addon/]: [LITEMATICA] Converting region 'Unnamed' from .litematic
[219月2026 21:40:10.703] [Server thread/INFO] [prefab_custom_addon/]: [LITEMATICA] Region size: 20x41x31 pos=(0,0,0) palette=171 longArrayLen=3178 forceFlipY=false rawYFlip=false
[219月2026 21:40:10.704] [Server thread/INFO] [prefab_custom_addon/]: [LITEMATICA] Metadata: name=Unnamed author=KALETFISH desc=(none)
[219月2026 21:40:10.704] [Server thread/INFO] [prefab_custom_addon/]: [LITEMATICA] Converted: added=4149 skippedAir=21271 skippedOOB=0
[219月2026 21:40:10.709] [Server thread/INFO] [prefab_custom_addon/]: [LITEMATICA] Converting region 'Unnamed' from .litematic
[219月2026 21:40:10.709] [Server thread/INFO] [prefab_custom_addon/]: [LITEMATICA] Region size: 6x15x14 pos=(0,0,0) palette=31 longArrayLen=99 forceFlipY=false rawYFlip=false
[219月2026 21:40:10.709] [Server thread/INFO] [prefab_custom_addon/]: [LITEMATICA] Metadata: name=Unnamed author=KALETFISH desc=(none)
[219月2026 21:40:10.709] [Server thread/INFO] [prefab_custom_addon/]: [LITEMATICA] Converted: added=93 skippedAir=1167 skippedOOB=0
[219月2026 21:40:10.709] [Server thread/INFO] [prefab_custom_addon/]: [LITEMATICA] Converting region 'Unnamed' from .litematic
[219月2026 21:40:10.709] [Server thread/INFO] [prefab_custom_addon/]: [LITEMATICA] Region size: 9x6x53 pos=(0,0,0) palette=33 longArrayLen=269 forceFlipY=false rawYFlip=false
[219月2026 21:40:10.709] [Server thread/INFO] [prefab_custom_addon/]: [LITEMATICA] Metadata: name=Unnamed author=KALETFISH desc=(none)
[219月2026 21:40:10.709] [Server thread/INFO] [prefab_custom_addon/]: [LITEMATICA] Converted: added=699 skippedAir=2163 skippedOOB=0
[219月2026 21:40:10.710] [Server thread/INFO] [prefab_custom_addon/]: [LITEMATICA] Converting region 'Unnamed' from .litematic
[219月2026 21:40:10.710] [Server thread/INFO] [prefab_custom_addon/]: [LITEMATICA] Region size: 7x8x10 pos=(0,0,0) palette=33 longArrayLen=53 forceFlipY=false rawYFlip=false
[219月2026 21:40:10.710] [Server thread/INFO] [prefab_custom_addon/]: [LITEMATICA] Metadata: name=Unnamed author=KALETFISH desc=(none)
[219月2026 21:40:10.710] [Server thread/INFO] [prefab_custom_addon/]: [LITEMATICA] Converted: added=139 skippedAir=421 skippedOOB=0
[219月2026 21:40:10.711] [Server thread/INFO] [prefab_custom_addon/]: [LITEMATICA] Converting region 'Unnamed' from .litematic
[219月2026 21:40:10.711] [Server thread/INFO] [prefab_custom_addon/]: [LITEMATICA] Region size: 71x64x110 pos=(0,0,0) palette=102 longArrayLen=54670 forceFlipY=false rawYFlip=false
[219月2026 21:40:10.724] [Server thread/INFO] [prefab_custom_addon/]: [LITEMATICA] Metadata: name=Unnamed author=KALETFISH desc=(none)
[219月2026 21:40:10.724] [Server thread/INFO] [prefab_custom_addon/]: [LITEMATICA] Converted: added=23944 skippedAir=475896 skippedOOB=0
[219月2026 21:40:10.739] [Server thread/INFO] [prefab_custom_addon/]: [LITEMATICA] Converting region 'Unnamed' from .litematic
[219月2026 21:40:10.739] [Server thread/INFO] [prefab_custom_addon/]: [LITEMATICA] Region size: 33x24x34 pos=(0,0,0) palette=254 longArrayLen=3366 forceFlipY=false rawYFlip=false
[219月2026 21:40:10.740] [Server thread/INFO] [prefab_custom_addon/]: [LITEMATICA] Metadata: name=Unnamed author=KALETFISH desc=(none)
[219月2026 21:40:10.740] [Server thread/INFO] [prefab_custom_addon/]: [LITEMATICA] Converted: added=4274 skippedAir=22654 skippedOOB=0
[219月2026 21:40:10.744] [Server thread/INFO] [prefab_custom_addon/]: [LITEMATICA] Converting region 'Unnamed' from .litematic
[219月2026 21:40:10.744] [Server thread/INFO] [prefab_custom_addon/]: [LITEMATICA] Region size: 73x80x70 pos=(0,0,0) palette=443 longArrayLen=57488 forceFlipY=false rawYFlip=false
[219月2026 21:40:10.756] [Server thread/INFO] [prefab_custom_addon/]: [LITEMATICA] Metadata: name=Unnamed author=KALETFISH desc=(none)
[219月2026 21:40:10.756] [Server thread/INFO] [prefab_custom_addon/]: [LITEMATICA] Converted: added=113178 skippedAir=295622 skippedOOB=0
[219月2026 21:40:10.808] [DH-Request Module Ticker [minecraft:overworld] Thread[0]/INFO] [DistantHorizons-DistantHorizons-com.seibel.distanthorizons.core.generation.BatchGenerator/]: Batch Chunk Generator initialized
[219月2026 21:40:10.811] [DH-Request Module Ticker [minecraft:overworld] Thread[0]/INFO] [DistantHorizons-DistantHorizons-com.seibel.distanthorizons.core.generation.queues.WorldGenerationQueue/]: Creating world gen queue
[219月2026 21:40:10.811] [DH-Request Module Ticker [minecraft:overworld] Thread[0]/INFO] [DistantHorizons-DistantHorizons-com.seibel.distanthorizons.core.generation.queues.WorldGenerationQueue/]: Created world gen queue
[219月2026 21:40:10.811] [DH-Request Module Ticker [minecraft:overworld] Thread[0]/INFO] [DistantHorizons-DistantHorizons-com.seibel.distanthorizons.core.file.fullDatafile.GeneratedFullDataSourceProvider/]: Set world gen queue for level [minecraft:overworld].
[219月2026 21:40:10.811] [Server thread/INFO] [prefab_custom_addon/]: [LITEMATICA] Converting region 'Unnamed' from .litematic
[219月2026 21:40:10.811] [Server thread/INFO] [prefab_custom_addon/]: [LITEMATICA] Region size: 27x32x26 pos=(0,0,0) palette=226 longArrayLen=2808 forceFlipY=false rawYFlip=false
[219月2026 21:40:10.813] [Server thread/INFO] [prefab_custom_addon/]: [LITEMATICA] Metadata: name=Unnamed author=KALETFISH desc=(none)
[219月2026 21:40:10.813] [Server thread/INFO] [prefab_custom_addon/]: [LITEMATICA] Converted: added=3696 skippedAir=18768 skippedOOB=0
[219月2026 21:40:10.816] [Server thread/INFO] [prefab_custom_addon/]: [LITEMATICA] Converting region 'Unnamed' from .litematic
[219月2026 21:40:10.816] [Server thread/INFO] [prefab_custom_addon/]: [LITEMATICA] Region size: 25x45x34 pos=(0,0,0) palette=155 longArrayLen=4782 forceFlipY=false rawYFlip=false
[219月2026 21:40:10.816] [Server thread/INFO] [prefab_custom_addon/]: [LITEMATICA] Metadata: name=Unnamed author=KALETFISH desc=(none)
[219月2026 21:40:10.816] [Server thread/INFO] [prefab_custom_addon/]: [LITEMATICA] Converted: added=3356 skippedAir=34894 skippedOOB=0
[219月2026 21:40:10.820] [Server thread/INFO] [prefab_custom_addon/]: [OUTSOURCE]  + 中世纪小屋 风格数=2 (来自 投影.zip)
[219月2026 21:40:10.820] [Server thread/INFO] [prefab_custom_addon/]: [OUTSOURCE]  + 冒险者酒馆 风格数=1 (来自 投影.zip)
[219月2026 21:40:10.820] [Server thread/INFO] [prefab_custom_addon/]: [OUTSOURCE]  + 商店 风格数=1 (来自 投影.zip)
[219月2026 21:40:10.820] [Server thread/INFO] [prefab_custom_addon/]: [OUTSOURCE]  + 小建筑 风格数=3 (来自 投影.zip)
[219月2026 21:40:10.820] [Server thread/INFO] [prefab_custom_addon/]: [OUTSOURCE]  + 棱光树 风格数=1 (来自 投影.zip)
[219月2026 21:40:10.820] [Server thread/INFO] [prefab_custom_addon/]: [OUTSOURCE]  + 锻造工坊 风格数=1 (来自 投影.zip)
[219月2026 21:40:10.820] [Server thread/INFO] [prefab_custom_addon/]: [OUTSOURCE]  + 陵水旅馆 风格数=1 (来自 投影.zip)
[219月2026 21:40:10.820] [Server thread/INFO] [prefab_custom_addon/]: [OUTSOURCE]  + 风车建筑 风格数=2 (来自 投影.zip)
[219月2026 21:40:10.820] [Server thread/INFO] [prefab_custom_addon/]: [OUTSOURCE] 扫描完成: 1 个 ZIP, 8 个建筑 (共 12 种风格)
[219月2026 21:40:10.820] [Server thread/INFO] [prefab_custom_addon/]: [DEBUG-RECIPE] RecipeManager.hadErrorsLoading() = false
[219月2026 21:40:10.821] [Server thread/INFO] [prefab_custom_addon/]: [DEBUG-RECIPE] RecipeManager 总数: 5337 | 命中(outsource/custom): 9 | 列表: prefab_custom_addon:outsource_blueprint_shop, prefab_custom_addon:outsource_blueprint_light_tree, prefab_custom_addon:custom_blueprint, prefab_custom_addon:outsource_blueprint_windmill_building, prefab_custom_addon:outsource_blueprint_medieval_house, prefab_custom_addon:outsource_blueprint_small_building, prefab_custom_addon:outsource_blueprint_lingshui_inn, prefab_custom_addon:outsource_blueprint_adventurer_tavern, prefab_custom_addon:outsource_blueprint_forge_workshop, 
[219月2026 21:40:10.822] [Server thread/INFO] [prefab_custom_addon/]: [DEBUG-RECIPE] ✓ 所有 9 个预期配方都已加载
[219月2026 21:40:10.892] [DH-Request Module Ticker [minecraft:the_nether] Thread[0]/INFO] [DistantHorizons-DistantHorizons-com.seibel.distanthorizons.core.generation.BatchGenerator/]: Batch Chunk Generator initialized
[219月2026 21:40:10.892] [DH-Request Module Ticker [minecraft:the_nether] Thread[0]/INFO] [DistantHorizons-DistantHorizons-com.seibel.distanthorizons.core.generation.queues.WorldGenerationQueue/]: Creating world gen queue
[219月2026 21:40:10.892] [DH-Request Module Ticker [minecraft:the_nether] Thread[0]/INFO] [DistantHorizons-DistantHorizons-com.seibel.distanthorizons.core.generation.queues.WorldGenerationQueue/]: Created world gen queue
[219月2026 21:40:10.892] [DH-Request Module Ticker [minecraft:the_nether] Thread[0]/INFO] [DistantHorizons-DistantHorizons-com.seibel.distanthorizons.core.file.fullDatafile.GeneratedFullDataSourceProvider/]: Set world gen queue for level [minecraft:the_nether].
[219月2026 21:40:10.901] [Server thread/INFO] [net.minecraft.client.server.IntegratedServer/]: Changing view distance to 12, from 10
[219月2026 21:40:10.901] [Server thread/INFO] [net.minecraft.client.server.IntegratedServer/]: Changing simulation distance to 5, from 0
[219月2026 21:40:10.913] [DH-Request Module Ticker [minecraft:the_end] Thread[0]/INFO] [DistantHorizons-DistantHorizons-com.seibel.distanthorizons.core.generation.BatchGenerator/]: Batch Chunk Generator initialized
[219月2026 21:40:10.913] [DH-Request Module Ticker [minecraft:the_end] Thread[0]/INFO] [DistantHorizons-DistantHorizons-com.seibel.distanthorizons.core.generation.queues.WorldGenerationQueue/]: Creating world gen queue
[219月2026 21:40:10.913] [DH-Request Module Ticker [minecraft:the_end] Thread[0]/INFO] [DistantHorizons-DistantHorizons-com.seibel.distanthorizons.core.generation.queues.WorldGenerationQueue/]: Created world gen queue
[219月2026 21:40:10.913] [DH-Request Module Ticker [minecraft:the_end] Thread[0]/INFO] [DistantHorizons-DistantHorizons-com.seibel.distanthorizons.core.file.fullDatafile.GeneratedFullDataSourceProvider/]: Set world gen queue for level [minecraft:the_end].
[219月2026 21:40:11.219] [Render thread/INFO] [org.thinkingstudio.mafglib.helper.RuntimePackHelper/]: Starting provider [fi.dy.masa.malilib.datagen.BlockTagDataGenerator@6d033049] for runtime resource [mafglib:runtime]
[219月2026 21:40:11.221] [Render thread/INFO] [org.thinkingstudio.mafglib.helper.RuntimePackHelper/]: fi.dy.masa.malilib.datagen.BlockTagDataGenerator@6d033049 finished after 2 ms
[219月2026 21:40:11.247] [Render thread/INFO] [com.simibubi.create.Create/]: Created 157 recipes which will be injected into the game
[219月2026 21:40:11.248] [Render thread/INFO] [com.simibubi.create.Create/]: Created 0 tags which will be injected into the game
[219月2026 21:40:11.451] [Server thread/INFO] [net.minecraft.server.players.PlayerList/]: veyne[local:E:84e5c225] logged in with entity id 19 at (401.7113039468018, 63.0, 163.1202986796401)
[219月2026 21:40:11.504] [Server thread/INFO] [net.minecraft.server.MinecraftServer/]: veyne加入了游戏
[219月2026 21:40:11.516] [Render thread/INFO] [xaero.hud.minimap.MinimapLogs/]: Minimap required item set to nothing.
[219月2026 21:40:11.516] [Render thread/INFO] [xaero.hud.minimap.MinimapLogs/]: New Xaero hud session initialized!
[219月2026 21:40:11.557] [Server thread/INFO] [Prefab/]: empty[style={clickEvent=ClickEvent{action=SUGGEST_COMMAND, value='/tell veyne '},hoverEvent=TypedHoverEvent[action=<action show_entity>, value=net.minecraft.network.chat.HoverEvent$EntityTooltipInfo@5e0ad165],insertion=veyne}, siblings=[literal{veyne}]] logged into server, sending config to client
[219月2026 21:40:11.562] [Server thread/INFO] [prefab_custom_addon/]: [PACK-SYNC] Sending manifest (10 packs) to veyne
[219月2026 21:40:11.564] [Server thread/INFO] [prefab_custom_addon/]: [PREFS] 加载偏好: consumeMaterials=true autoDepCheckOnOpen=true lastPackIdx=0 previewBatchPercent=1 buildBatchPercent=1
[219月2026 21:40:11.566] [Server thread/INFO] [prefab_custom_addon/]: [BUILD-SPEED] Sent initial build speed 1% to player veyne
[219月2026 21:40:11.568] [Render thread/INFO] [xaero.map.WorldMap/]: Fullscreen map required item set to nothing.
[219月2026 21:40:11.585] [Render thread/INFO] [xaero.map.WorldMap/]: New world map session initialized!
[219月2026 21:40:11.590] [Server thread/INFO] [prefab_custom_addon/]: [CLOUD] 玩家 veyne 加载 13 个云端建筑
[219月2026 21:40:11.593] [Server thread/INFO] [prefab_custom_addon/]: [BUILDING-DB] register: a @ BlockPos{x=482, y=65, z=-69} dim=minecraft:overworld (5x3x1)
[219月2026 21:40:11.593] [Server thread/INFO] [prefab_custom_addon/]: [BUILDING-DB] register: a @ BlockPos{x=496, y=64, z=317} dim=minecraft:overworld (5x3x1)
[219月2026 21:40:11.593] [Server thread/INFO] [prefab_custom_addon/]: [BUILDING-DB] register: x @ BlockPos{x=312, y=65, z=281} dim=minecraft:overworld (1x1x1)
[219月2026 21:40:11.593] [Server thread/INFO] [prefab_custom_addon/]: [BUILDING-DB] register: x @ BlockPos{x=313, y=65, z=282} dim=minecraft:overworld (1x1x1)
[219月2026 21:40:11.593] [Server thread/INFO] [prefab_custom_addon/]: [BUILDING-DB] register: xx @ BlockPos{x=314, y=65, z=283} dim=minecraft:overworld (2x1x1)
[219月2026 21:40:11.593] [Server thread/INFO] [prefab_custom_addon/]: [BUILDING-DB] register: a @ BlockPos{x=303, y=63, z=247} dim=minecraft:overworld (6x3x2)
[219月2026 21:40:11.593] [Server thread/INFO] [prefab_custom_addon/]: [BUILDING-DB] register: xx @ BlockPos{x=356, y=63, z=245} dim=minecraft:overworld (2x1x1)
[219月2026 21:40:11.593] [Server thread/INFO] [prefab_custom_addon/]: [BUILDING-DB] register: 动态储罐 @ BlockPos{x=309, y=63, z=262} dim=minecraft:overworld (3x3x3)
[219月2026 21:40:11.593] [Server thread/INFO] [prefab_custom_addon/]: [BUILDING-DB] register: 动态储罐 @ BlockPos{x=315, y=63, z=240} dim=minecraft:overworld (3x3x3)
[219月2026 21:40:11.593] [Server thread/INFO] [prefab_custom_addon/]: [BUILDING-DB] register: a @ BlockPos{x=381, y=63, z=195} dim=minecraft:overworld (6x3x2)
[219月2026 21:40:11.593] [Server thread/INFO] [prefab_custom_addon/]: [BUILDING-DB] register: a @ BlockPos{x=392, y=63, z=188} dim=minecraft:overworld (6x3x2)
[219月2026 21:40:11.593] [Server thread/INFO] [prefab_custom_addon/]: [BUILDING-DB] register: xx @ BlockPos{x=418, y=63, z=179} dim=minecraft:overworld (4x2x4)
[219月2026 21:40:11.593] [Server thread/INFO] [prefab_custom_addon/]: [BUILDING-DB] register: a @ BlockPos{x=398, y=63, z=173} dim=minecraft:overworld (6x3x12)
[219月2026 21:40:11.609] [Server thread/INFO] [DistantHorizons-DistantHorizons-com.seibel.distanthorizons.core.api.internal.ServerApi/]: Player [veyne] joined.
[219月2026 21:40:11.614] [Render thread/INFO] [Iris/]: Reloading pipeline on dimension change: minecraft:overworld => minecraft:overworld
[219月2026 21:40:11.614] [Render thread/INFO] [Iris/]: Destroying pipeline minecraft:overworld
[219月2026 21:40:11.614] [Render thread/INFO] [Iris/]: Creating pipeline for dimension minecraft:overworld
[219月2026 21:40:11.784] [Render thread/INFO] [ChunkBuilder/]: Started 10 worker threads
[219月2026 21:40:11.908] [Render thread/INFO] [flywheel/]: Started 10 worker threads
[219月2026 21:40:11.969] [Render thread/INFO] [mezz.jei.common.util.LoggedTimer/]: Starting JEI...
[219月2026 21:40:11.972] [Render thread/INFO] [mezz.jei.library.load.PluginCaller/]: Configuring JEI...
[219月2026 21:40:11.973] [Render thread/INFO] [mezz.jei.library.load.PluginCaller/]: Configuring JEI took 1.255 milliseconds
[219月2026 21:40:11.982] [Render thread/INFO] [mezz.jei.library.load.PluginCaller/]: Registering item subtypes...
[219月2026 21:40:11.993] [Render thread/INFO] [mezz.jei.library.load.PluginCaller/]: Registering item subtypes took 9.886 milliseconds
[219月2026 21:40:11.993] [Render thread/INFO] [mezz.jei.library.load.PluginCaller/]: Registering fluid subtypes...
[219月2026 21:40:11.996] [Render thread/INFO] [mezz.jei.library.load.PluginCaller/]: Registering fluid subtypes took 2.783 milliseconds
[219月2026 21:40:11.999] [Render thread/INFO] [mezz.jei.library.load.PluginCaller/]: Registering ingredients...
[219月2026 21:40:12.175] [Render thread/WARN] [mezz.jei.library.plugins.vanilla.ingredients.ItemStackListFactory/]: Item Group has no display items and no search tab display items. Items from this group will be missing from the JEI ingredient list. FTB套件
[219月2026 21:40:12.220] [Render thread/INFO] [mezz.jei.library.load.PluginCallerTimerRunnable/]: Registering ingredients: jei:minecraft took 220.7 milliseconds
[219月2026 21:40:12.226] [Render thread/INFO] [mezz.jei.library.load.PluginCaller/]: Registering ingredients took 225.6 milliseconds
[219月2026 21:40:12.226] [Render thread/INFO] [mezz.jei.library.load.PluginCaller/]: Registering extra ingredients...
[219月2026 21:40:12.232] [Render thread/INFO] [mezz.jei.library.load.PluginCaller/]: Registering extra ingredients took 5.412 milliseconds
[219月2026 21:40:12.232] [Render thread/INFO] [mezz.jei.library.load.PluginCaller/]: Registering search ingredient aliases...
[219月2026 21:40:12.247] [Render thread/INFO] [mezz.jei.library.load.PluginCallerTimerRunnable/]: Registering search ingredient aliases: mekanism:jei_plugin took 15.54 milliseconds
[219月2026 21:40:12.249] [Render thread/INFO] [mezz.jei.library.load.PluginCaller/]: Registering search ingredient aliases took 18.03 milliseconds
[219月2026 21:40:12.277] [Render thread/INFO] [mezz.jei.library.load.PluginCaller/]: Registering Mod Info...
[219月2026 21:40:12.277] [Render thread/INFO] [mezz.jei.library.load.PluginCaller/]: Registering Mod Info took 421.2 microseconds
[219月2026 21:40:12.302] [Render thread/INFO] [mezz.jei.library.load.PluginCaller/]: Registering advanced search...
[219月2026 21:40:12.303] [Render thread/INFO] [mezz.jei.library.load.PluginCaller/]: Registering advanced search took 477.9 microseconds
[219月2026 21:40:12.303] [Render thread/INFO] [mezz.jei.library.load.PluginCaller/]: Registering categories...
[219月2026 21:40:12.344] [Render thread/INFO] [mezz.jei.library.load.PluginCallerTimerRunnable/]: Registering categories: jei:minecraft took 40.08 milliseconds
[219月2026 21:40:12.408] [Render thread/INFO] [mezz.jei.library.load.PluginCallerTimerRunnable/]: Registering categories: mekanism:jei_plugin took 57.98 milliseconds
[219月2026 21:40:12.478] [Render thread/INFO] [mezz.jei.library.load.PluginCallerTimerRunnable/]: Registering categories: create:jei_plugin took 63.67 milliseconds
[219月2026 21:40:12.490] [Render thread/INFO] [mezz.jei.library.load.PluginCaller/]: Registering categories took 186.6 milliseconds
[219月2026 21:40:12.492] [Render thread/INFO] [mezz.jei.library.load.PluginCaller/]: Registering vanilla category extensions...
[219月2026 21:40:12.501] [Render thread/INFO] [mezz.jei.library.load.PluginCaller/]: Registering vanilla category extensions took 8.104 milliseconds
[219月2026 21:40:12.503] [Render thread/INFO] [mezz.jei.library.load.PluginCaller/]: Registering recipe catalysts...
[219月2026 21:40:12.510] [Render thread/INFO] [mezz.jei.library.load.PluginCaller/]: Registering recipe catalysts took 7.662 milliseconds
[219月2026 21:40:12.511] [Render thread/INFO] [mezz.jei.common.util.LoggedTimer/]: Building recipe registry...
[219月2026 21:40:12.529] [Render thread/INFO] [mezz.jei.common.util.LoggedTimer/]: Building recipe registry took 17.84 milliseconds
[219月2026 21:40:12.531] [Render thread/INFO] [mezz.jei.library.load.PluginCaller/]: Registering advanced plugins...
[219月2026 21:40:12.531] [Render thread/INFO] [mezz.jei.library.load.PluginCaller/]: Registering advanced plugins took 337.3 microseconds
[219月2026 21:40:12.532] [Render thread/INFO] [mezz.jei.library.load.PluginCaller/]: Registering recipes...
[219月2026 21:40:12.884] [Render thread/INFO] [mezz.jei.library.load.PluginCallerTimerRunnable/]: Registering recipes: jei:minecraft took 352.1 milliseconds
[219月2026 21:40:12.930] [Render thread/INFO] [mezz.jei.library.load.PluginCallerTimerRunnable/]: Registering recipes: mekanism:jei_plugin took 44.11 milliseconds
[219月2026 21:40:12.941] [Render thread/INFO] [mezz.jei.library.ingredients.IngredientManager/]: Ingredients are being removed at runtime: 238 net.neoforged.neoforge.fluids.FluidStack
[219月2026 21:40:12.945] [Render thread/INFO] [mezz.jei.library.ingredients.IngredientManager/]: Ingredients are being removed at runtime: 124 net.minecraft.world.item.ItemStack
[219月2026 21:40:12.949] [Render thread/INFO] [mezz.jei.library.load.PluginCallerTimerRunnable/]: Registering recipes: evolvedmekanism:jei_plugin took 19.90 milliseconds
[219月2026 21:40:13.062] [Render thread/INFO] [mezz.jei.library.load.PluginCallerTimerRunnable/]: Registering recipes: create:jei_plugin took 112.6 milliseconds
[219月2026 21:40:13.118] [Render thread/INFO] [mezz.jei.library.load.PluginCallerTimerRunnable/]: Registering recipes: jei:internal took 52.77 milliseconds
[219月2026 21:40:13.120] [Render thread/INFO] [mezz.jei.library.load.PluginCaller/]: Registering recipes took 586.1 milliseconds
[219月2026 21:40:13.135] [Render thread/INFO] [mezz.jei.library.load.PluginCaller/]: Registering recipes transfer handlers...
[219月2026 21:40:13.145] [Render thread/INFO] [mezz.jei.library.load.PluginCaller/]: Registering recipes transfer handlers took 9.817 milliseconds
[219月2026 21:40:13.156] [Render thread/INFO] [mezz.jei.common.util.LoggedTimer/]: Building runtime...
[219月2026 21:40:13.159] [Render thread/INFO] [mezz.jei.library.load.PluginCaller/]: Registering gui handlers...
[219月2026 21:40:13.178] [Render thread/INFO] [mezz.jei.library.load.PluginCaller/]: Registering gui handlers took 19.03 milliseconds
[219月2026 21:40:13.184] [Render thread/INFO] [mezz.jei.library.load.PluginCaller/]: Registering Runtime...
[219月2026 21:40:13.187] [Render thread/INFO] [mezz.jei.gui.startup.JeiGuiStarter/]: Starting JEI GUI
[219月2026 21:40:13.188] [Render thread/INFO] [mezz.jei.common.util.LoggedTimer/]: Building ingredient list...
[219月2026 21:40:13.219] [Render thread/INFO] [mezz.jei.common.util.LoggedTimer/]: Building ingredient list took 29.24 milliseconds
[219月2026 21:40:13.219] [Render thread/INFO] [mezz.jei.common.util.LoggedTimer/]: Building ingredient filter...
[219月2026 21:40:13.472] [Render thread/INFO] [mezz.jei.gui.ingredients.IngredientFilter/]: Adding 3823 ingredients
[219月2026 21:40:13.477] [Render thread/INFO] [mezz.jei.gui.ingredients.IngredientFilter/]: Added 3823 ingredients
[219月2026 21:40:13.478] [Render thread/INFO] [mezz.jei.common.util.LoggedTimer/]: Building ingredient filter took 259.6 milliseconds
[219月2026 21:40:13.510] [Render thread/ERROR] [mezz.jei.gui.config.LookupHistoryJsonConfig/]: Encountered an error when loading the lookup history config from file D:\aa\a\.minecraft\versions\1.21.1-NeoForge_21.1.249\config\jei\world\local\新的世界\lookupHistory.json
{"ingredient":{"id":"gtceu:ilmenite_dust"},"type":"item_stack","bookmarkType":"INGREDIENT"}
DataResult.Error['Unknown registry key in ResourceKey[minecraft:root / minecraft:item]: gtceu:ilmenite_dust']
[219月2026 21:40:13.510] [Render thread/ERROR] [mezz.jei.gui.config.LookupHistoryJsonConfig/]: Encountered an error when loading the lookup history config from file D:\aa\a\.minecraft\versions\1.21.1-NeoForge_21.1.249\config\jei\world\local\新的世界\lookupHistory.json
{"ingredient":{"id":"gtceu:wrought_iron_ingot"},"type":"item_stack","bookmarkType":"INGREDIENT"}
DataResult.Error['Unknown registry key in ResourceKey[minecraft:root / minecraft:item]: gtceu:wrought_iron_ingot']
[219月2026 21:40:13.510] [Render thread/ERROR] [mezz.jei.gui.config.LookupHistoryJsonConfig/]: Encountered an error when loading the lookup history config from file D:\aa\a\.minecraft\versions\1.21.1-NeoForge_21.1.249\config\jei\world\local\新的世界\lookupHistory.json
{"ingredient":{"id":"gtceu:wrought_iron_dust"},"type":"item_stack","bookmarkType":"INGREDIENT"}
DataResult.Error['Unknown registry key in ResourceKey[minecraft:root / minecraft:item]: gtceu:wrought_iron_dust']
[219月2026 21:40:13.510] [Render thread/ERROR] [mezz.jei.gui.config.LookupHistoryJsonConfig/]: Encountered an error when loading the lookup history config from file D:\aa\a\.minecraft\versions\1.21.1-NeoForge_21.1.249\config\jei\world\local\新的世界\lookupHistory.json
{"ingredient":{"id":"gtceu:tiny_wrought_iron_dust"},"type":"item_stack","bookmarkType":"INGREDIENT"}
DataResult.Error['Unknown registry key in ResourceKey[minecraft:root / minecraft:item]: gtceu:tiny_wrought_iron_dust']
[219月2026 21:40:13.510] [Render thread/ERROR] [mezz.jei.gui.config.LookupHistoryJsonConfig/]: Encountered an error when loading the lookup history config from file D:\aa\a\.minecraft\versions\1.21.1-NeoForge_21.1.249\config\jei\world\local\新的世界\lookupHistory.json
{"ingredient":{"id":"gtceu:small_wrought_iron_dust"},"type":"item_stack","bookmarkType":"INGREDIENT"}
DataResult.Error['Unknown registry key in ResourceKey[minecraft:root / minecraft:item]: gtceu:small_wrought_iron_dust']
[219月2026 21:40:13.510] [Render thread/ERROR] [mezz.jei.gui.config.LookupHistoryJsonConfig/]: Encountered an error when loading the lookup history config from file D:\aa\a\.minecraft\versions\1.21.1-NeoForge_21.1.249\config\jei\world\local\新的世界\lookupHistory.json
{"ingredient":{"id":"gtceu:wrought_iron_plate"},"type":"item_stack","bookmarkType":"INGREDIENT"}
DataResult.Error['Unknown registry key in ResourceKey[minecraft:root / minecraft:item]: gtceu:wrought_iron_plate']
[219月2026 21:40:13.510] [Render thread/ERROR] [mezz.jei.gui.config.LookupHistoryJsonConfig/]: Encountered an error when loading the lookup history config from file D:\aa\a\.minecraft\versions\1.21.1-NeoForge_21.1.249\config\jei\world\local\新的世界\lookupHistory.json
{"ingredient":{"id":"gtceu:terminal"},"type":"item_stack","bookmarkType":"INGREDIENT"}
DataResult.Error['Unknown registry key in ResourceKey[minecraft:root / minecraft:item]: gtceu:terminal']
[219月2026 21:40:13.510] [Render thread/ERROR] [mezz.jei.gui.config.LookupHistoryJsonConfig/]: Encountered an error when loading the lookup history config from file D:\aa\a\.minecraft\versions\1.21.1-NeoForge_21.1.249\config\jei\world\local\新的世界\lookupHistory.json
{"ingredient":{"id":"gtceu:mega_vacuum_freezer"},"type":"item_stack","bookmarkType":"INGREDIENT"}
DataResult.Error['Unknown registry key in ResourceKey[minecraft:root / minecraft:item]: gtceu:mega_vacuum_freezer']
[219月2026 21:40:13.512] [Render thread/ERROR] [mezz.jei.gui.config.LookupHistoryJsonConfig/]: Encountered an error when loading the lookup history config from file D:\aa\a\.minecraft\versions\1.21.1-NeoForge_21.1.249\config\jei\world\local\新的世界\lookupHistory.json
{"ingredient":{"id":"gtceu:uv_sensor"},"type":"item_stack","bookmarkType":"INGREDIENT"}
DataResult.Error['Unknown registry key in ResourceKey[minecraft:root / minecraft:item]: gtceu:uv_sensor']
[219月2026 21:40:13.512] [Render thread/ERROR] [mezz.jei.gui.config.LookupHistoryJsonConfig/]: Encountered an error when loading the lookup history config from file D:\aa\a\.minecraft\versions\1.21.1-NeoForge_21.1.249\config\jei\world\local\新的世界\lookupHistory.json
{"ingredient":{"id":"gtceu:hv_sensor"},"type":"item_stack","bookmarkType":"INGREDIENT"}
DataResult.Error['Unknown registry key in ResourceKey[minecraft:root / minecraft:item]: gtceu:hv_sensor']
[219月2026 21:40:13.512] [Render thread/ERROR] [mezz.jei.gui.config.LookupHistoryJsonConfig/]: Encountered an error when loading the lookup history config from file D:\aa\a\.minecraft\versions\1.21.1-NeoForge_21.1.249\config\jei\world\local\新的世界\lookupHistory.json
{"ingredient":{"id":"gtceu:mv_sensor"},"type":"item_stack","bookmarkType":"INGREDIENT"}
DataResult.Error['Unknown registry key in ResourceKey[minecraft:root / minecraft:item]: gtceu:mv_sensor']
[219月2026 21:40:13.512] [Render thread/ERROR] [mezz.jei.gui.config.LookupHistoryJsonConfig/]: Encountered an error when loading the lookup history config from file D:\aa\a\.minecraft\versions\1.21.1-NeoForge_21.1.249\config\jei\world\local\新的世界\lookupHistory.json
{"ingredient":{"id":"gtceu:lv_sensor"},"type":"item_stack","bookmarkType":"INGREDIENT"}
DataResult.Error['Unknown registry key in ResourceKey[minecraft:root / minecraft:item]: gtceu:lv_sensor']
[219月2026 21:40:13.512] [Render thread/ERROR] [mezz.jei.gui.config.LookupHistoryJsonConfig/]: Encountered an error when loading the lookup history config from file D:\aa\a\.minecraft\versions\1.21.1-NeoForge_21.1.249\config\jei\world\local\新的世界\lookupHistory.json
{"ingredient":{"id":"gtceu:lv_canner"},"type":"item_stack","bookmarkType":"INGREDIENT"}
DataResult.Error['Unknown registry key in ResourceKey[minecraft:root / minecraft:item]: gtceu:lv_canner']
[219月2026 21:40:13.512] [Render thread/ERROR] [mezz.jei.gui.config.LookupHistoryJsonConfig/]: Encountered an error when loading the lookup history config from file D:\aa\a\.minecraft\versions\1.21.1-NeoForge_21.1.249\config\jei\world\local\新的世界\lookupHistory.json
{"ingredient":{"id":"gtceu:lv_lithium_battery"},"type":"item_stack","bookmarkType":"INGREDIENT"}
DataResult.Error['Unknown registry key in ResourceKey[minecraft:root / minecraft:item]: gtceu:lv_lithium_battery']
[219月2026 21:40:13.512] [Render thread/ERROR] [mezz.jei.gui.config.LookupHistoryJsonConfig/]: Encountered an error when loading the lookup history config from file D:\aa\a\.minecraft\versions\1.21.1-NeoForge_21.1.249\config\jei\world\local\新的世界\lookupHistory.json
{"ingredient":{"id":"gtceu:prospector.lv"},"type":"item_stack","bookmarkType":"INGREDIENT"}
DataResult.Error['Unknown registry key in ResourceKey[minecraft:root / minecraft:item]: gtceu:prospector.lv']
[219月2026 21:40:13.512] [Render thread/ERROR] [mezz.jei.gui.config.LookupHistoryJsonConfig/]: Encountered an error when loading the lookup history config from file D:\aa\a\.minecraft\versions\1.21.1-NeoForge_21.1.249\config\jei\world\local\新的世界\lookupHistory.json
{"ingredient":{"id":"gtceu:prospector.luv"},"type":"item_stack","bookmarkType":"INGREDIENT"}
DataResult.Error['Unknown registry key in ResourceKey[minecraft:root / minecraft:item]: gtceu:prospector.luv']
[219月2026 21:40:13.512] [Render thread/ERROR] [mezz.jei.gui.config.LookupHistoryJsonConfig/]: Encountered an error when loading the lookup history config from file D:\aa\a\.minecraft\versions\1.21.1-NeoForge_21.1.249\config\jei\world\local\新的世界\lookupHistory.json
{"ingredient":{"id":"gtceu:prospector.hv"},"type":"item_stack","bookmarkType":"INGREDIENT"}
DataResult.Error['Unknown registry key in ResourceKey[minecraft:root / minecraft:item]: gtceu:prospector.hv']
[219月2026 21:40:13.512] [Render thread/ERROR] [mezz.jei.gui.config.LookupHistoryJsonConfig/]: Encountered an error when loading the lookup history config from file D:\aa\a\.minecraft\versions\1.21.1-NeoForge_21.1.249\config\jei\world\local\新的世界\lookupHistory.json
{"ingredient":{"id":"gtceu:lp_steam_solid_boiler"},"type":"item_stack","bookmarkType":"INGREDIENT"}
DataResult.Error['Unknown registry key in ResourceKey[minecraft:root / minecraft:item]: gtceu:lp_steam_solid_boiler']
[219月2026 21:40:13.512] [Render thread/ERROR] [mezz.jei.gui.config.LookupHistoryJsonConfig/]: Encountered an error when loading the lookup history config from file D:\aa\a\.minecraft\versions\1.21.1-NeoForge_21.1.249\config\jei\world\local\新的世界\lookupHistory.json
{"ingredient":{"id":"gtceu:wrought_iron_screw"},"type":"item_stack","bookmarkType":"INGREDIENT"}
DataResult.Error['Unknown registry key in ResourceKey[minecraft:root / minecraft:item]: gtceu:wrought_iron_screw']
[219月2026 21:40:13.512] [Render thread/ERROR] [mezz.jei.gui.config.LookupHistoryJsonConfig/]: Encountered an error when loading the lookup history config from file D:\aa\a\.minecraft\versions\1.21.1-NeoForge_21.1.249\config\jei\world\local\新的世界\lookupHistory.json
{"ingredient":{"id":"gtceu:primitive_blast_furnace"},"type":"item_stack","bookmarkType":"INGREDIENT"}
DataResult.Error['Unknown registry key in ResourceKey[minecraft:root / minecraft:item]: gtceu:primitive_blast_furnace']
[219月2026 21:40:13.564] [Render thread/ERROR] [mezz.jei.gui.config.BookmarkJsonConfig/]: Encountered an error when loading the bookmark config from file D:\aa\a\.minecraft\versions\1.21.1-NeoForge_21.1.249\config\jei\world\local\新的世界\bookmarks.json
{"ingredient":{"id":"gtceu:prospector.hv","components":"{\"gtceu:energy_content\":{charge:0L,discharge_mode:0b,infinite:0b,max_charge:1600000L}}"},"type":"item_stack","bookmarkType":"INGREDIENT"}
DataResult.Error['No component with type: 'gtceu:energy_content'; No component with type: 'gtceu:energy_content' missed input: {"gtceu:energy_content":{charge:0L,discharge_mode:0b,infinite:0b,max_charge:1600000L}}; Unknown registry key in ResourceKey[minecraft:root / minecraft:item]: gtceu:prospector.hv']
[219月2026 21:40:13.627] [Render thread/INFO] [mezz.jei.library.load.PluginCallerTimerRunnable/]: Registering Runtime: jei:neoforge_gui took 441.8 milliseconds
[219月2026 21:40:13.627] [Render thread/INFO] [mezz.jei.library.load.PluginCaller/]: Registering Runtime took 442.6 milliseconds
[219月2026 21:40:13.629] [Render thread/INFO] [mezz.jei.common.util.LoggedTimer/]: Building runtime took 472.8 milliseconds
[219月2026 21:40:13.629] [Render thread/INFO] [mezz.jei.library.load.PluginCaller/]: Sending Runtime...
[219月2026 21:40:13.630] [Render thread/INFO] [mezz.jei.library.load.PluginCaller/]: Sending Runtime took 413.3 microseconds
[219月2026 21:40:13.630] [Render thread/INFO] [mezz.jei.common.util.LoggedTimer/]: Starting JEI took 1.660 seconds
[219月2026 21:40:13.637] [Server thread/ERROR] [net.minecraft.world.level.chunk.storage.ChunkSerializer/]: Recoverable errors when loading section [40, -3, -5]: (Unknown registry key in ResourceKey[minecraft:root / minecraft:block]: gtceu:deepslate_cinnabar_ore -> using default); (Unknown registry key in ResourceKey[minecraft:root / minecraft:block]: gtceu:tuff_redstone_ore -> using default); (Unknown registry key in ResourceKey[minecraft:root / minecraft:block]: gtceu:deepslate_redstone_ore -> using default); (Unknown registry key in ResourceKey[minecraft:root / minecraft:block]: gtceu:deepslate_ruby_ore -> using default)
[219月2026 21:40:13.637] [Server thread/ERROR] [net.minecraft.world.level.chunk.storage.ChunkSerializer/]: Recoverable errors when loading section [40, -2, -5]: (Unknown registry key in ResourceKey[minecraft:root / minecraft:block]: gtceu:tuff_cinnabar_ore -> using default); (Unknown registry key in ResourceKey[minecraft:root / minecraft:block]: gtceu:deepslate_cinnabar_ore -> using default); (Unknown registry key in ResourceKey[minecraft:root / minecraft:block]: gtceu:deepslate_ruby_ore -> using default); (Unknown registry key in ResourceKey[minecraft:root / minecraft:block]: gtceu:tuff_redstone_ore -> using default); (Unknown registry key in ResourceKey[minecraft:root / minecraft:block]: gtceu:deepslate_redstone_ore -> using default)
[219月2026 21:40:13.637] [Server thread/ERROR] [net.minecraft.world.level.chunk.storage.ChunkSerializer/]: Recoverable errors when loading section [40, -1, -5]: (Unknown registry key in ResourceKey[minecraft:root / minecraft:block]: gtceu:deepslate_cinnabar_ore -> using default); (Unknown registry key in ResourceKey[minecraft:root / minecraft:block]: gtceu:deepslate_redstone_ore -> using default); (Unknown registry key in ResourceKey[minecraft:root / minecraft:block]: gtceu:tuff_redstone_ore -> using default); (Unknown registry key in ResourceKey[minecraft:root / minecraft:block]: gtceu:deepslate_ruby_ore -> using default)
[219月2026 21:40:13.638] [Server thread/ERROR] [net.minecraft.world.level.chunk.storage.ChunkSerializer/]: Recoverable errors when loading section [40, 2, -5]: (Unknown registry key in ResourceKey[minecraft:root / minecraft:block]: gtceu:granite_realgar_ore -> using default); (Unknown registry key in ResourceKey[minecraft:root / minecraft:block]: gtceu:zeolite_ore -> using default); (Unknown registry key in ResourceKey[minecraft:root / minecraft:block]: gtceu:cassiterite_ore -> using default); (Unknown registry key in ResourceKey[minecraft:root / minecraft:block]: gtceu:granite_cassiterite_ore -> using default); (Unknown registry key in ResourceKey[minecraft:root / minecraft:block]: gtceu:granite_zeolite_ore -> using default); (Unknown registry key in ResourceKey[minecraft:root / minecraft:block]: gtceu:granite_chalcopyrite_ore -> using default); (Unknown registry key in ResourceKey[minecraft:root / minecraft:block]: gtceu:realgar_ore -> using default); (Unknown registry key in ResourceKey[minecraft:root / minecraft:block]: gtceu:chalcopyrite_ore -> using default)
[219月2026 21:40:13.638] [Server thread/ERROR] [net.minecraft.world.level.chunk.storage.ChunkSerializer/]: Recoverable errors when loading section [40, 4, -5]: (Unknown registry key in ResourceKey[minecraft:root / minecraft:block]: gtceu:rubber_leaves -> using default); (Unknown registry key in ResourceKey[minecraft:root / minecraft:block]: gtceu:rubber_leaves -> using default); (Unknown registry key in ResourceKey[minecraft:root / minecraft:block]: gtceu:rubber_leaves -> using default); (Unknown registry key in ResourceKey[minecraft:root / minecraft:block]: gtceu:rubber_leaves -> using default); (Unknown registry key in ResourceKey[minecraft:root / minecraft:block]: gtceu:rubber_leaves -> using default)
[219月2026 21:40:13.644] [Render thread/INFO] [xaero.hud.minimap.MinimapLogs/]: Minimap updated server level id: 671645004 for world ResourceKey[minecraft:dimension / minecraft:overworld]
[219月2026 21:40:13.649] [Render thread/INFO] [FTB Library/]: received server config settings for config: ftbultimine-server
[219月2026 21:40:13.656] [Render thread/INFO] [snownee.jade.Jade/]: Received config from the server: 
[219月2026 21:40:13.667] [Render thread/INFO] [prefab_custom_addon/]: [BUILD-SYNC] Have building 'a' (sha1 match), skip
[219月2026 21:40:13.668] [Render thread/INFO] [prefab_custom_addon/]: [BUILD-SYNC] Have building 'x' (sha1 match), skip
[219月2026 21:40:13.668] [Render thread/INFO] [prefab_custom_addon/]: [BUILD-SYNC] Have building 'xx' (sha1 match), skip
[219月2026 21:40:13.668] [Render thread/INFO] [prefab_custom_addon/]: [BUILD-SYNC] Have building '动态储罐' (sha1 match), skip
[219月2026 21:40:13.668] [Render thread/INFO] [prefab_custom_addon/]: [BUILD-SYNC] Have building '土高炉' (sha1 match), skip
[219月2026 21:40:13.668] [Render thread/INFO] [prefab_custom_addon/]: [BUILD-SYNC] Have building 'a' (sha1 match), skip
[219月2026 21:40:13.670] [Render thread/INFO] [prefab_custom_addon/]: [BUILD-SYNC] Have building 'x' (sha1 match), skip
[219月2026 21:40:13.670] [Render thread/INFO] [prefab_custom_addon/]: [BUILD-SYNC] Have building 'xx' (sha1 match), skip
[219月2026 21:40:13.670] [Render thread/INFO] [prefab_custom_addon/]: [BUILD-SYNC] Have building '动态储罐' (sha1 match), skip
[219月2026 21:40:13.670] [Render thread/INFO] [prefab_custom_addon/]: [BUILD-SYNC] Have building '土高炉' (sha1 match), skip
[219月2026 21:40:13.670] [Render thread/INFO] [prefab_custom_addon/]: [HOT-RELOAD] 开始重新扫描拓展包...
[219月2026 21:40:13.670] [Render thread/INFO] [prefab_custom_addon/]: Scanning extension directory: D:\aa\a\.minecraft\versions\1.21.1-NeoForge_21.1.249\prefab-extension
[219月2026 21:40:13.671] [Render thread/INFO] [prefab_custom_addon/]: Found 5 extension files in D:\aa\a\.minecraft\versions\1.21.1-NeoForge_21.1.249\prefab-extension
[219月2026 21:40:13.671] [Render thread/INFO] [prefab_custom_addon/]: Found extension file: D:\aa\a\.minecraft\versions\1.21.1-NeoForge_21.1.249\prefab-extension\a.nbt
[219月2026 21:40:13.671] [Render thread/INFO] [prefab_custom_addon/]: Found extension file: D:\aa\a\.minecraft\versions\1.21.1-NeoForge_21.1.249\prefab-extension\x.nbt
[219月2026 21:40:13.671] [Render thread/INFO] [prefab_custom_addon/]: Found extension file: D:\aa\a\.minecraft\versions\1.21.1-NeoForge_21.1.249\prefab-extension\xx.nbt
[219月2026 21:40:13.671] [Render thread/INFO] [prefab_custom_addon/]: Found extension file: D:\aa\a\.minecraft\versions\1.21.1-NeoForge_21.1.249\prefab-extension\动态储罐.nbt
[219月2026 21:40:13.671] [Render thread/INFO] [prefab_custom_addon/]: Found extension file: D:\aa\a\.minecraft\versions\1.21.1-NeoForge_21.1.249\prefab-extension\土高炉.nbt
[219月2026 21:40:13.671] [Render thread/INFO] [prefab_custom_addon/]: [DIAG-SCAN] a.nbt(file), a.txt(file), server-cache(dir), x.nbt(file), x.txt(file), xx.nbt(file), xx.txt(file), 动态储罐.nbt(file), 动态储罐.txt(file), 土高炉.nbt(file), 土高炉.txt(file), 
[219月2026 21:40:13.671] [Render thread/INFO] [prefab_custom_addon/]: [STANDALONE-NBT] 加载独立建筑 'a' (454 字节)
[219月2026 21:40:13.672] [Render thread/INFO] [prefab_custom_addon/]: [STANDALONE-NBT] 加载独立建筑 'x' (180 字节)
[219月2026 21:40:13.672] [Render thread/INFO] [prefab_custom_addon/]: [STANDALONE-NBT] 加载独立建筑 'xx' (428 字节)
[219月2026 21:40:13.672] [Render thread/INFO] [prefab_custom_addon/]: [STANDALONE-NBT] 加载独立建筑 '动态储罐' (253 字节)
[219月2026 21:40:13.672] [Render thread/INFO] [prefab_custom_addon/]: [STANDALONE-NBT] 加载独立建筑 '土高炉' (317 字节)
[219月2026 21:40:13.672] [Render thread/INFO] [prefab_custom_addon/]: [SERVER-CACHE] Found 5 extension files in D:\aa\a\.minecraft\versions\1.21.1-NeoForge_21.1.249\prefab-extension\server-cache
[219月2026 21:40:13.672] [Render thread/INFO] [prefab_custom_addon/]: [SERVER-CACHE] Found extension file: D:\aa\a\.minecraft\versions\1.21.1-NeoForge_21.1.249\prefab-extension\server-cache\a.nbt
[219月2026 21:40:13.673] [Render thread/INFO] [prefab_custom_addon/]: [SERVER-CACHE] Found extension file: D:\aa\a\.minecraft\versions\1.21.1-NeoForge_21.1.249\prefab-extension\server-cache\x.nbt
[219月2026 21:40:13.673] [Render thread/INFO] [prefab_custom_addon/]: [SERVER-CACHE] Found extension file: D:\aa\a\.minecraft\versions\1.21.1-NeoForge_21.1.249\prefab-extension\server-cache\xx.nbt
[219月2026 21:40:13.673] [Render thread/INFO] [prefab_custom_addon/]: [SERVER-CACHE] Found extension file: D:\aa\a\.minecraft\versions\1.21.1-NeoForge_21.1.249\prefab-extension\server-cache\动态储罐.nbt
[219月2026 21:40:13.673] [Render thread/INFO] [prefab_custom_addon/]: [SERVER-CACHE] Found extension file: D:\aa\a\.minecraft\versions\1.21.1-NeoForge_21.1.249\prefab-extension\server-cache\土高炉.nbt
[219月2026 21:40:13.673] [Render thread/INFO] [prefab_custom_addon/]: [DIAG-SCAN] a.nbt(file), x.nbt(file), xx.nbt(file), 动态储罐.nbt(file), 土高炉.nbt(file), 
[219月2026 21:40:13.673] [Render thread/INFO] [prefab_custom_addon/]: [STANDALONE-NBT] 加载独立建筑 'a' (454 字节)
[219月2026 21:40:13.674] [Render thread/INFO] [prefab_custom_addon/]: [STANDALONE-NBT] 加载独立建筑 'x' (180 字节)
[219月2026 21:40:13.674] [Render thread/INFO] [prefab_custom_addon/]: [STANDALONE-NBT] 加载独立建筑 'xx' (428 字节)
[219月2026 21:40:13.674] [Render thread/INFO] [prefab_custom_addon/]: [STANDALONE-NBT] 加载独立建筑 '动态储罐' (253 字节)
[219月2026 21:40:13.674] [Render thread/INFO] [prefab_custom_addon/]: [STANDALONE-NBT] 加载独立建筑 '土高炉' (317 字节)
[219月2026 21:40:13.674] [Render thread/INFO] [prefab_custom_addon/]: [DIAG-DEDUPE] dedupeByPackageName: byPkg 大小 1, noPkg 大小 0
[219月2026 21:40:13.674] [Render thread/INFO] [prefab_custom_addon/]: [DIAG-DEDUPE]   byPkg['__standalone__']: 10 个 pack, 名称: [a, x, xx, 动态储罐, 土高炉, a, x, xx, 动态储罐, 土高炉]
[219月2026 21:40:13.674] [Render thread/INFO] [prefab_custom_addon/]: Loaded 10 extension packs (after dedup)
[219月2026 21:40:13.674] [Render thread/INFO] [prefab_custom_addon/]: [HOT-RELOAD] 扫描完成: 10 → 10 个拓展包
[219月2026 21:40:13.674] [Render thread/INFO] [prefab_custom_addon/]: [PREFS] 建造批次百分比 = 1 (从服务端同步, 仅供本地显示)
[219月2026 21:40:13.676] [Render thread/INFO] [prefab_custom_addon/]: [CLOUD-CACHE] 全量替换: 13 个建筑
[219月2026 21:40:13.677] [Render thread/INFO] [prefab_custom_addon/]: [BUILDING-DB] register: a @ BlockPos{x=482, y=65, z=-69} dim=minecraft:overworld (5x3x1)
[219月2026 21:40:13.677] [Render thread/INFO] [prefab_custom_addon/]: [BUILDING-DB] register: a @ BlockPos{x=496, y=64, z=317} dim=minecraft:overworld (5x3x1)
[219月2026 21:40:13.677] [Render thread/INFO] [prefab_custom_addon/]: [BUILDING-DB] register: x @ BlockPos{x=312, y=65, z=281} dim=minecraft:overworld (1x1x1)
[219月2026 21:40:13.677] [Render thread/INFO] [prefab_custom_addon/]: [BUILDING-DB] register: x @ BlockPos{x=313, y=65, z=282} dim=minecraft:overworld (1x1x1)
[219月2026 21:40:13.677] [Render thread/INFO] [prefab_custom_addon/]: [BUILDING-DB] register: xx @ BlockPos{x=314, y=65, z=283} dim=minecraft:overworld (2x1x1)
[219月2026 21:40:13.677] [Render thread/INFO] [prefab_custom_addon/]: [BUILDING-DB] register: a @ BlockPos{x=303, y=63, z=247} dim=minecraft:overworld (6x3x2)
[219月2026 21:40:13.677] [Render thread/INFO] [prefab_custom_addon/]: [BUILDING-DB] register: xx @ BlockPos{x=356, y=63, z=245} dim=minecraft:overworld (2x1x1)
[219月2026 21:40:13.677] [Render thread/INFO] [prefab_custom_addon/]: [BUILDING-DB] register: 动态储罐 @ BlockPos{x=309, y=63, z=262} dim=minecraft:overworld (3x3x3)
[219月2026 21:40:13.677] [Render thread/INFO] [prefab_custom_addon/]: [BUILDING-DB] register: 动态储罐 @ BlockPos{x=315, y=63, z=240} dim=minecraft:overworld (3x3x3)
[219月2026 21:40:13.677] [Render thread/INFO] [prefab_custom_addon/]: [BUILDING-DB] register: a @ BlockPos{x=381, y=63, z=195} dim=minecraft:overworld (6x3x2)
[219月2026 21:40:13.677] [Render thread/INFO] [prefab_custom_addon/]: [BUILDING-DB] register: a @ BlockPos{x=392, y=63, z=188} dim=minecraft:overworld (6x3x2)
[219月2026 21:40:13.677] [Render thread/INFO] [prefab_custom_addon/]: [BUILDING-DB] register: xx @ BlockPos{x=418, y=63, z=179} dim=minecraft:overworld (4x2x4)
[219月2026 21:40:13.677] [Render thread/INFO] [prefab_custom_addon/]: [BUILDING-DB] register: a @ BlockPos{x=398, y=63, z=173} dim=minecraft:overworld (6x3x12)
[219月2026 21:40:13.687] [Render thread/INFO] [net.minecraft.client.gui.components.ChatComponent/]: [System] [CHAT] 感谢使用 "预制建筑附属", 按 X 键打开建筑创建界面
[219月2026 21:40:13.696] [Render thread/INFO] [net.minecraft.advancements.AdvancementTree/]: Loaded 201 advancements
[219月2026 21:40:14.059] [Render thread/INFO] [DistantHorizons-DistantHorizons-com.seibel.distanthorizons.common.render.openGl.glObject.GLProxy/]: Iris detected, Distant Horizons OpenGL error logging won't be sent in the chat due to Iris throwing known (harmless) OpenGL errors. This is a bug with Iris, not Distant Horizons.
[219月2026 21:40:14.062] [Render thread/INFO] [DistantHorizons-DistantHorizons-com.seibel.distanthorizons.common.render.openGl.glObject.GLProxy/]: Creating [GLProxy]... If this is the last message you see there must have been an OpenGL error.
[219月2026 21:40:14.062] [Render thread/INFO] [DistantHorizons-DistantHorizons-com.seibel.distanthorizons.common.render.openGl.glObject.GLProxy/]: Lod Render OpenGL version [4.6.0 NVIDIA 592.27].
[219月2026 21:40:14.062] [Render thread/INFO] [DistantHorizons-DistantHorizons-com.seibel.distanthorizons.common.render.openGl.glObject.GLProxy/]: minecraftGlCapabilities:
Your OpenGL support:
openGL version 3.3+: [true] <- REQUIRED
Vertex Attribute Buffer Binding: [true] <- optional improvement
Buffer Storage: [true] <- optional improvement

[219月2026 21:40:14.067] [Render thread/INFO] [DistantHorizons-DistantHorizons-com.seibel.distanthorizons.common.render.openGl.glObject.GLProxy/]: GPU Vendor [NVIDIA CORPORATION] with OS [Windows], Preferred upload method is [BUFFER_STORAGE].
[219月2026 21:40:14.067] [Render thread/INFO] [DistantHorizons-DistantHorizons-com.seibel.distanthorizons.common.render.openGl.glObject.GLProxy/]: GLProxy creation successful. OpenGL smiles upon you this day.
[219月2026 21:40:14.067] [Render thread/INFO] [DistantHorizons-DistantHorizons-com.seibel.distanthorizons.common.render.openGl.GlDhMetaRenderer_neoforge/]: Setting up renderer
[219月2026 21:40:14.077] [Render thread/INFO] [DistantHorizons-DistantHorizons-com.seibel.distanthorizons.common.render.openGl.GlDhMetaRenderer_neoforge/]: Renderer setup complete
[219月2026 21:40:14.084] [Render thread/INFO] [DistantHorizons-DistantHorizons-com.seibel.distanthorizons.common.render.openGl.glObject.shader.GlShader/]: Loading shader with type: [35633]
[219月2026 21:40:14.086] [Render thread/INFO] [DistantHorizons-DistantHorizons-com.seibel.distanthorizons.common.render.openGl.glObject.shader.GlShader/]: Shader loaded sucessfully.
[219月2026 21:40:14.086] [Render thread/INFO] [DistantHorizons-DistantHorizons-com.seibel.distanthorizons.common.render.openGl.glObject.shader.GlShader/]: Loading shader with type: [35632]
[219月2026 21:40:14.086] [Render thread/INFO] [DistantHorizons-DistantHorizons-com.seibel.distanthorizons.common.render.openGl.glObject.shader.GlShader/]: Shader loaded sucessfully.
[219月2026 21:40:14.091] [Render thread/INFO] [DistantHorizons-DistantHorizons-com.seibel.distanthorizons.common.render.openGl.glObject.vertexAttribute.GlVertexAttributePostGL43/]: Vertex Attribute (GL43+) completed. It contains 1 binding points and a stride size of 16
[219月2026 21:40:14.105] [Render thread/INFO] [DistantHorizons-DistantHorizons-com.seibel.distanthorizons.core.render.renderer.LodRenderer/]: Overriding vanilla MC settings to better fit Distant Horizons... This behavior can be disabled in the Distant Horizons config.
[219月2026 21:40:14.105] [Render thread/INFO] [DistantHorizons-DistantHorizons-com.seibel.distanthorizons.common.wrappers.minecraft.MinecraftClientWrapper_neoforge/]: Disabling vanilla clouds... This is done to prevent vanilla clouds from rendering on top of Distant Horizons LODs.
[219月2026 21:40:14.106] [Render thread/INFO] [DistantHorizons-DistantHorizons-com.seibel.distanthorizons.common.wrappers.minecraft.MinecraftClientWrapper_neoforge/]: Disabling fabulous graphics... This is done to fix vanilla chunks (specifically water blocks) not fading into Distant Horizons LODs when DH's 'Vanilla Fade' option is enabled.
[219月2026 21:40:14.112] [Render thread/INFO] [DistantHorizons-DistantHorizons-com.seibel.distanthorizons.common.render.openGl.glObject.shader.GlShader/]: Loading shader with type: [35633]
[219月2026 21:40:14.113] [Render thread/INFO] [DistantHorizons-DistantHorizons-com.seibel.distanthorizons.common.render.openGl.glObject.shader.GlShader/]: Shader loaded sucessfully.
[219月2026 21:40:14.113] [Render thread/INFO] [DistantHorizons-DistantHorizons-com.seibel.distanthorizons.common.render.openGl.glObject.shader.GlShader/]: Loading shader with type: [35632]
[219月2026 21:40:14.113] [Render thread/INFO] [DistantHorizons-DistantHorizons-com.seibel.distanthorizons.common.render.openGl.glObject.shader.GlShader/]: Shader loaded sucessfully.
[219月2026 21:40:14.113] [Render thread/INFO] [DistantHorizons-DistantHorizons-com.seibel.distanthorizons.common.render.openGl.glObject.vertexAttribute.GlVertexAttributePostGL43/]: Vertex Attribute (GL43+) completed. It contains 1 binding points and a stride size of 12
[219月2026 21:40:14.114] [Render thread/INFO] [DistantHorizons-DistantHorizons-com.seibel.distanthorizons.common.render.openGl.glObject.shader.GlShader/]: Loading shader with type: [35633]
[219月2026 21:40:14.114] [Render thread/INFO] [DistantHorizons-DistantHorizons-com.seibel.distanthorizons.common.render.openGl.glObject.shader.GlShader/]: Shader loaded sucessfully.
[219月2026 21:40:14.114] [Render thread/INFO] [DistantHorizons-DistantHorizons-com.seibel.distanthorizons.common.render.openGl.glObject.shader.GlShader/]: Loading shader with type: [35632]
[219月2026 21:40:14.114] [Render thread/INFO] [DistantHorizons-DistantHorizons-com.seibel.distanthorizons.common.render.openGl.glObject.shader.GlShader/]: Shader loaded sucessfully.
[219月2026 21:40:14.115] [Render thread/INFO] [DistantHorizons-DistantHorizons-com.seibel.distanthorizons.common.render.openGl.glObject.vertexAttribute.GlVertexAttributePostGL43/]: Vertex Attribute (GL43+) completed. It contains 1 binding points and a stride size of 12
[219月2026 21:40:14.124] [Render thread/INFO] [DistantHorizons-DistantHorizons-com.seibel.distanthorizons.common.render.openGl.glObject.shader.GlShader/]: Loading shader with type: [35633]
[219月2026 21:40:14.124] [Render thread/INFO] [DistantHorizons-DistantHorizons-com.seibel.distanthorizons.common.render.openGl.glObject.shader.GlShader/]: Shader loaded sucessfully.
[219月2026 21:40:14.124] [Render thread/INFO] [DistantHorizons-DistantHorizons-com.seibel.distanthorizons.common.render.openGl.glObject.shader.GlShader/]: Loading shader with type: [35632]
[219月2026 21:40:14.126] [Render thread/INFO] [DistantHorizons-DistantHorizons-com.seibel.distanthorizons.common.render.openGl.glObject.shader.GlShader/]: Shader loaded sucessfully.
[219月2026 21:40:14.127] [Render thread/INFO] [DistantHorizons-DistantHorizons-com.seibel.distanthorizons.common.render.openGl.glObject.shader.GlShader/]: Loading shader with type: [35633]
[219月2026 21:40:14.127] [Render thread/INFO] [DistantHorizons-DistantHorizons-com.seibel.distanthorizons.common.render.openGl.glObject.shader.GlShader/]: Shader loaded sucessfully.
[219月2026 21:40:14.127] [Render thread/INFO] [DistantHorizons-DistantHorizons-com.seibel.distanthorizons.common.render.openGl.glObject.shader.GlShader/]: Loading shader with type: [35632]
[219月2026 21:40:14.128] [Render thread/INFO] [DistantHorizons-DistantHorizons-com.seibel.distanthorizons.common.render.openGl.glObject.shader.GlShader/]: Shader loaded sucessfully.
[219月2026 21:40:14.129] [Render thread/INFO] [DistantHorizons-DistantHorizons-com.seibel.distanthorizons.common.render.openGl.glObject.vertexAttribute.GlVertexAttributePostGL43/]: Vertex Attribute (GL43+) completed. It contains 1 binding points and a stride size of 8
[219月2026 21:40:14.136] [Render thread/INFO] [DistantHorizons-DistantHorizons-com.seibel.distanthorizons.common.render.openGl.glObject.shader.GlShader/]: Loading shader with type: [35633]
[219月2026 21:40:14.136] [Render thread/INFO] [DistantHorizons-DistantHorizons-com.seibel.distanthorizons.common.render.openGl.glObject.shader.GlShader/]: Shader loaded sucessfully.
[219月2026 21:40:14.136] [Render thread/INFO] [DistantHorizons-DistantHorizons-com.seibel.distanthorizons.common.render.openGl.glObject.shader.GlShader/]: Loading shader with type: [35632]
[219月2026 21:40:14.137] [Render thread/INFO] [DistantHorizons-DistantHorizons-com.seibel.distanthorizons.common.render.openGl.glObject.shader.GlShader/]: Shader loaded sucessfully.
[219月2026 21:40:14.138] [Render thread/INFO] [DistantHorizons-DistantHorizons-com.seibel.distanthorizons.common.render.openGl.glObject.shader.GlShader/]: Loading shader with type: [35633]
[219月2026 21:40:14.138] [Render thread/INFO] [DistantHorizons-DistantHorizons-com.seibel.distanthorizons.common.render.openGl.glObject.shader.GlShader/]: Shader loaded sucessfully.
[219月2026 21:40:14.139] [Render thread/INFO] [DistantHorizons-DistantHorizons-com.seibel.distanthorizons.common.render.openGl.glObject.shader.GlShader/]: Loading shader with type: [35632]
[219月2026 21:40:14.139] [Render thread/INFO] [DistantHorizons-DistantHorizons-com.seibel.distanthorizons.common.render.openGl.glObject.shader.GlShader/]: Shader loaded sucessfully.
[219月2026 21:40:14.142] [Render thread/INFO] [DistantHorizons-DistantHorizons-com.seibel.distanthorizons.common.render.openGl.glObject.shader.GlShader/]: Loading shader with type: [35633]
[219月2026 21:40:14.142] [Render thread/INFO] [DistantHorizons-DistantHorizons-com.seibel.distanthorizons.common.render.openGl.glObject.shader.GlShader/]: Shader loaded sucessfully.
[219月2026 21:40:14.142] [Render thread/INFO] [DistantHorizons-DistantHorizons-com.seibel.distanthorizons.common.render.openGl.glObject.shader.GlShader/]: Loading shader with type: [35632]
[219月2026 21:40:14.142] [Render thread/INFO] [DistantHorizons-DistantHorizons-com.seibel.distanthorizons.common.render.openGl.glObject.shader.GlShader/]: Shader loaded sucessfully.
[219月2026 21:40:14.175] [Render thread/INFO] [DistantHorizons-DistantHorizons-com.seibel.distanthorizons.common.render.openGl.glObject.shader.GlShader/]: Loading shader with type: [35633]
[219月2026 21:40:14.175] [Render thread/INFO] [DistantHorizons-DistantHorizons-com.seibel.distanthorizons.common.render.openGl.glObject.shader.GlShader/]: Shader loaded sucessfully.
[219月2026 21:40:14.176] [Render thread/INFO] [DistantHorizons-DistantHorizons-com.seibel.distanthorizons.common.render.openGl.glObject.shader.GlShader/]: Loading shader with type: [35632]
[219月2026 21:40:14.176] [Render thread/INFO] [DistantHorizons-DistantHorizons-com.seibel.distanthorizons.common.render.openGl.glObject.shader.GlShader/]: Shader loaded sucessfully.
[219月2026 21:40:14.177] [Render thread/INFO] [DistantHorizons-DistantHorizons-com.seibel.distanthorizons.common.render.openGl.glObject.shader.GlShader/]: Loading shader with type: [35633]
[219月2026 21:40:14.177] [Render thread/INFO] [DistantHorizons-DistantHorizons-com.seibel.distanthorizons.common.render.openGl.glObject.shader.GlShader/]: Shader loaded sucessfully.
[219月2026 21:40:14.177] [Render thread/INFO] [DistantHorizons-DistantHorizons-com.seibel.distanthorizons.common.render.openGl.glObject.shader.GlShader/]: Loading shader with type: [35632]
[219月2026 21:40:14.177] [Render thread/INFO] [DistantHorizons-DistantHorizons-com.seibel.distanthorizons.common.render.openGl.glObject.shader.GlShader/]: Shader loaded sucessfully.
[219月2026 21:40:14.249] [DH-Render Loader Thread[8]/WARN] [DistantHorizons-DistantHorizons-com.seibel.distanthorizons.common.wrappers.block.BlockStateWrapper_neoforge/]: Unable to find BlockState for Block [gtceu:rubber_leaves] with properties: [{distance:4}{persistent:false}{waterlogged:false}]. Using the default block state.
[219月2026 21:40:14.249] [DH-Render Loader Thread[9]/WARN] [DistantHorizons-DistantHorizons-com.seibel.distanthorizons.common.wrappers.block.BlockStateWrapper_neoforge/]: Unable to find BlockState for Block [gtceu:raw_oil] with properties: [{level:0}]. Using the default block state.
[219月2026 21:40:14.249] [DH-Render Loader Thread[8]/WARN] [DistantHorizons-DistantHorizons-com.seibel.distanthorizons.common.wrappers.block.BlockStateWrapper_neoforge/]: Unable to find BlockState for Block [gtceu:rubber_log] with properties: [{axis:y}{natural:true}]. Using the default block state.
[219月2026 21:40:14.253] [DH-Render Loader Thread[11]/WARN] [DistantHorizons-DistantHorizons-com.seibel.distanthorizons.common.wrappers.block.BlockStateWrapper_neoforge/]: Unable to find BlockState for Block [gtceu:cassiterite_indicator] with properties: [{facing:down}]. Using the default block state.
[219月2026 21:40:14.260] [DH-Render Loader Thread[11]/WARN] [DistantHorizons-DistantHorizons-com.seibel.distanthorizons.common.wrappers.block.BlockStateWrapper_neoforge/]: Unable to find BlockState for Block [gtceu:redstone_indicator] with properties: [{facing:down}]. Using the default block state.
[219月2026 21:40:14.261] [DH-Render Loader Thread[11]/WARN] [DistantHorizons-DistantHorizons-com.seibel.distanthorizons.common.wrappers.block.BlockStateWrapper_neoforge/]: Unable to find BlockState for Block [gtceu:salt_indicator] with properties: [{facing:down}]. Using the default block state.
[219月2026 21:40:14.261] [DH-Render Loader Thread[9]/WARN] [DistantHorizons-DistantHorizons-com.seibel.distanthorizons.common.wrappers.block.BlockStateWrapper_neoforge/]: Unable to find BlockState for Block [gtceu:garnet_sand_indicator] with properties: [{facing:down}]. Using the default block state.
[219月2026 21:40:14.261] [DH-Render Loader Thread[2]/WARN] [DistantHorizons-DistantHorizons-com.seibel.distanthorizons.common.wrappers.block.BlockStateWrapper_neoforge/]: Unable to find BlockState for Block [gtceu:copper_indicator] with properties: [{facing:down}]. Using the default block state.
[219月2026 21:40:14.262] [DH-Render Loader Thread[11]/WARN] [DistantHorizons-DistantHorizons-com.seibel.distanthorizons.common.wrappers.block.BlockStateWrapper_neoforge/]: Unable to find BlockState for Block [gtceu:chalcopyrite_indicator] with properties: [{facing:down}]. Using the default block state.
[219月2026 21:40:14.263] [DH-Render Loader Thread[10]/WARN] [DistantHorizons-DistantHorizons-com.seibel.distanthorizons.common.wrappers.block.BlockStateWrapper_neoforge/]: Unable to find BlockState for Block [gtceu:apatite_indicator] with properties: [{facing:down}]. Using the default block state.
[219月2026 21:40:14.266] [DH-Render Loader Thread[9]/WARN] [DistantHorizons-DistantHorizons-com.seibel.distanthorizons.common.wrappers.block.BlockStateWrapper_neoforge/]: Unable to find BlockState for Block [gtceu:basaltic_mineral_sand_indicator] with properties: [{facing:down}]. Using the default block state.
[219月2026 21:40:14.266] [DH-Render Loader Thread[10]/WARN] [DistantHorizons-DistantHorizons-com.seibel.distanthorizons.common.wrappers.block.BlockStateWrapper_neoforge/]: Unable to find BlockState for Block [gtceu:diamond_indicator] with properties: [{facing:down}]. Using the default block state.
[219月2026 21:40:14.266] [DH-Render Loader Thread[11]/WARN] [DistantHorizons-DistantHorizons-com.seibel.distanthorizons.common.wrappers.block.BlockStateWrapper_neoforge/]: Unable to find BlockState for Block [gtceu:goethite_indicator] with properties: [{facing:down}]. Using the default block state.
[219月2026 21:40:14.267] [DH-Render Loader Thread[8]/WARN] [DistantHorizons-DistantHorizons-com.seibel.distanthorizons.common.wrappers.block.BlockStateWrapper_neoforge/]: Unable to find BlockState for Block [gtceu:nickel_indicator] with properties: [{facing:down}]. Using the default block state.
[219月2026 21:40:14.267] [DH-Render Loader Thread[3]/WARN] [DistantHorizons-DistantHorizons-com.seibel.distanthorizons.common.wrappers.block.BlockStateWrapper_neoforge/]: Unable to find BlockState for Block [gtceu:mica_indicator] with properties: [{facing:down}]. Using the default block state.
[219月2026 21:40:14.267] [DH-Render Loader Thread[2]/WARN] [DistantHorizons-DistantHorizons-com.seibel.distanthorizons.common.wrappers.block.BlockStateWrapper_neoforge/]: Unable to find BlockState for Block [gtceu:magnetite_indicator] with properties: [{facing:down}]. Using the default block state.
[219月2026 21:40:14.270] [DH-Render Loader Thread[9]/WARN] [DistantHorizons-DistantHorizons-com.seibel.distanthorizons.common.wrappers.block.BlockStateWrapper_neoforge/]: Unable to find BlockState for Block [gtceu:lapis_indicator] with properties: [{facing:down}]. Using the default block state.
[219月2026 21:40:14.276] [DH-Render Loader Thread[8]/WARN] [DistantHorizons-DistantHorizons-com.seibel.distanthorizons.common.wrappers.block.BlockStateWrapper_neoforge/]: Unable to find BlockState for Block [gtceu:olivine_indicator] with properties: [{facing:down}]. Using the default block state.
[219月2026 21:40:14.280] [DH-Render Loader Thread[2]/WARN] [DistantHorizons-DistantHorizons-com.seibel.distanthorizons.common.wrappers.block.BlockStateWrapper_neoforge/]: Unable to find BlockState for Block [gtceu:coal_indicator] with properties: [{facing:down}]. Using the default block state.
[219月2026 21:40:14.282] [Render thread/INFO] [xaero.hud.minimap.MinimapLogs/]: Reloading radar icon resources...
[219月2026 21:40:14.287] [DH-Render Loader Thread[7]/WARN] [DistantHorizons-DistantHorizons-com.seibel.distanthorizons.common.wrappers.block.BlockStateWrapper_neoforge/]: Unable to find BlockState for Block [gtceu:red_garnet_indicator] with properties: [{facing:down}]. Using the default block state.
[219月2026 21:40:14.287] [DH-Render Loader Thread[3]/WARN] [DistantHorizons-DistantHorizons-com.seibel.distanthorizons.common.wrappers.block.BlockStateWrapper_neoforge/]: Unable to find BlockState for Block [gtceu:galena_indicator] with properties: [{facing:down}]. Using the default block state.
[219月2026 21:40:14.289] [DH-Render Loader Thread[3]/WARN] [DistantHorizons-DistantHorizons-com.seibel.distanthorizons.common.wrappers.block.BlockStateWrapper_neoforge/]: Unable to find BlockState for Block [gtceu:talc_indicator] with properties: [{facing:down}]. Using the default block state.
[219月2026 21:40:14.292] [DH-Render Loader Thread[11]/WARN] [DistantHorizons-DistantHorizons-com.seibel.distanthorizons.common.wrappers.block.BlockStateWrapper_neoforge/]: Unable to find BlockState for Block [gtceu:oilsands_indicator] with properties: [{facing:down}]. Using the default block state.
[219月2026 21:40:14.298] [DH-Render Loader Thread[11]/WARN] [DistantHorizons-DistantHorizons-com.seibel.distanthorizons.common.wrappers.block.BlockStateWrapper_neoforge/]: Unable to find BlockState for Block [gtceu:sapphire_indicator] with properties: [{facing:down}]. Using the default block state.
[219月2026 21:40:14.302] [DH-Render Loader Thread[8]/WARN] [DistantHorizons-DistantHorizons-com.seibel.distanthorizons.common.wrappers.block.BlockStateWrapper_neoforge/]: Unable to find BlockState for Block [gtceu:grossular_indicator] with properties: [{facing:down}]. Using the default block state.
[219月2026 21:40:14.307] [Render thread/INFO] [xaero.hud.minimap.MinimapLogs/]: Reloaded radar icon resources!
[219月2026 21:40:17.470] [Render thread/INFO] [com.maxwell.cyber_ware_port.CyberWare/]: [CW-DBG] Pre fired
[219月2026 21:40:17.512] [Render thread/INFO] [com.maxwell.cyber_ware_port.CyberWare/]: [CW-DBG] Pre fired
[219月2026 21:40:17.534] [Render thread/INFO] [com.maxwell.cyber_ware_port.CyberWare/]: [CW-DBG] Pre fired
[219月2026 21:40:17.544] [Render thread/INFO] [com.maxwell.cyber_ware_port.CyberWare/]: [CW-DBG] Pre fired
[219月2026 21:40:17.559] [Render thread/INFO] [com.maxwell.cyber_ware_port.CyberWare/]: [CW-DBG] Pre fired
[219月2026 21:40:17.575] [Render thread/INFO] [com.maxwell.cyber_ware_port.CyberWare/]: [CW-DBG] Pre fired
[219月2026 21:40:17.583] [Render thread/INFO] [com.maxwell.cyber_ware_port.CyberWare/]: [CW-DBG] Pre fired
[219月2026 21:40:17.592] [Render thread/INFO] [com.maxwell.cyber_ware_port.CyberWare/]: [CW-DBG] Pre fired
[219月2026 21:40:17.600] [Render thread/INFO] [com.maxwell.cyber_ware_port.CyberWare/]: [CW-DBG] Pre fired
[219月2026 21:40:17.618] [Render thread/INFO] [com.maxwell.cyber_ware_port.CyberWare/]: [CW-DBG] Pre fired
[219月2026 21:40:17.630] [Render thread/INFO] [com.maxwell.cyber_ware_port.CyberWare/]: [CW-DBG] Pre fired
[219月2026 21:40:17.640] [Render thread/INFO] [com.maxwell.cyber_ware_port.CyberWare/]: [CW-DBG] Pre fired
[219月2026 21:40:17.649] [Render thread/INFO] [com.maxwell.cyber_ware_port.CyberWare/]: [CW-DBG] Pre fired
[219月2026 21:40:17.662] [Render thread/INFO] [com.maxwell.cyber_ware_port.CyberWare/]: [CW-DBG] Pre fired
[219月2026 21:40:17.672] [Render thread/INFO] [com.maxwell.cyber_ware_port.CyberWare/]: [CW-DBG] Pre fired
[219月2026 21:40:17.683] [Render thread/INFO] [com.maxwell.cyber_ware_port.CyberWare/]: [CW-DBG] Pre fired
[219月2026 21:40:17.693] [Render thread/INFO] [com.maxwell.cyber_ware_port.CyberWare/]: [CW-DBG] Pre fired
[219月2026 21:40:17.703] [Render thread/INFO] [com.maxwell.cyber_ware_port.CyberWare/]: [CW-DBG] Pre fired
[219月2026 21:40:17.716] [Render thread/INFO] [com.maxwell.cyber_ware_port.CyberWare/]: [CW-DBG] Pre fired
[219月2026 21:40:17.726] [Render thread/INFO] [com.maxwell.cyber_ware_port.CyberWare/]: [CW-DBG] Pre fired
[219月2026 21:40:17.736] [Render thread/INFO] [com.maxwell.cyber_ware_port.CyberWare/]: [CW-DBG] Pre fired
[219月2026 21:40:17.748] [Render thread/INFO] [com.maxwell.cyber_ware_port.CyberWare/]: [CW-DBG] Pre fired
[219月2026 21:40:17.763] [Render thread/INFO] [com.maxwell.cyber_ware_port.CyberWare/]: [CW-DBG] Pre fired
[219月2026 21:40:17.774] [Render thread/INFO] [com.maxwell.cyber_ware_port.CyberWare/]: [CW-DBG] Pre fired
[219月2026 21:40:17.786] [Render thread/INFO] [com.maxwell.cyber_ware_port.CyberWare/]: [CW-DBG] Pre fired
[219月2026 21:40:17.813] [Render thread/INFO] [com.maxwell.cyber_ware_port.CyberWare/]: [CW-DBG] Pre fired
[219月2026 21:40:17.829] [Render thread/INFO] [com.maxwell.cyber_ware_port.CyberWare/]: [CW-DBG] Pre fired
[219月2026 21:40:17.842] [Render thread/INFO] [com.maxwell.cyber_ware_port.CyberWare/]: [CW-DBG] Pre fired
[219月2026 21:40:17.862] [Render thread/INFO] [com.maxwell.cyber_ware_port.CyberWare/]: [CW-DBG] Pre fired
[219月2026 21:40:17.878] [Render thread/INFO] [com.maxwell.cyber_ware_port.CyberWare/]: [CW-DBG] Pre fired
[219月2026 21:40:17.889] [Render thread/INFO] [com.maxwell.cyber_ware_port.CyberWare/]: [CW-DBG] Pre fired
[219月2026 21:40:17.913] [Render thread/INFO] [com.maxwell.cyber_ware_port.CyberWare/]: [CW-DBG] Pre fired
[219月2026 21:40:17.929] [Render thread/INFO] [com.maxwell.cyber_ware_port.CyberWare/]: [CW-DBG] Pre fired
[219月2026 21:40:17.943] [Render thread/INFO] [com.maxwell.cyber_ware_port.CyberWare/]: [CW-DBG] Pre fired
[219月2026 21:40:17.962] [Render thread/INFO] [com.maxwell.cyber_ware_port.CyberWare/]: [CW-DBG] Pre fired
[219月2026 21:40:17.976] [Render thread/INFO] [com.maxwell.cyber_ware_port.CyberWare/]: [CW-DBG] Pre fired
[219月2026 21:40:17.987] [Render thread/INFO] [com.maxwell.cyber_ware_port.CyberWare/]: [CW-DBG] Pre fired
[219月2026 21:40:18.002] [Render thread/INFO] [com.maxwell.cyber_ware_port.CyberWare/]: [CW-DBG] Pre fired
[219月2026 21:40:18.022] [Render thread/INFO] [com.maxwell.cyber_ware_port.CyberWare/]: [CW-DBG] Pre fired
[219月2026 21:40:18.033] [Render thread/INFO] [net.minecraft.client.gui.components.ChatComponent/]: [System] [CHAT] Distant Horizons: G1 Garbage collector detected.\nThis can cause FPS stuttering. \nIt's recommended to use a concurrent garbage collector \nlike ZGC (Java 21+) or Shenandoah (Java 8 through 17) \nfor a smoother experience. \nThis warning can be disabled in the DH config.
[219月2026 21:40:18.037] [Render thread/INFO] [com.maxwell.cyber_ware_port.CyberWare/]: [CW-DBG] Pre fired
[219月2026 21:40:18.051] [Render thread/INFO] [com.maxwell.cyber_ware_port.CyberWare/]: [CW-DBG] Pre fired
[219月2026 21:40:18.080] [Render thread/INFO] [com.maxwell.cyber_ware_port.CyberWare/]: [CW-DBG] Pre fired
[219月2026 21:40:18.098] [Render thread/INFO] [com.maxwell.cyber_ware_port.CyberWare/]: [CW-DBG] Pre fired
[219月2026 21:40:18.115] [Render thread/INFO] [com.maxwell.cyber_ware_port.CyberWare/]: [CW-DBG] Pre fired
[219月2026 21:40:18.130] [Render thread/INFO] [com.maxwell.cyber_ware_port.CyberWare/]: [CW-DBG] Pre fired
[219月2026 21:40:18.143] [Render thread/INFO] [com.maxwell.cyber_ware_port.CyberWare/]: [CW-DBG] Pre fired
[219月2026 21:40:18.159] [Render thread/INFO] [com.maxwell.cyber_ware_port.CyberWare/]: [CW-DBG] Pre fired
[219月2026 21:40:18.180] [Render thread/INFO] [com.maxwell.cyber_ware_port.CyberWare/]: [CW-DBG] Pre fired
[219月2026 21:40:18.190] [Render thread/INFO] [com.maxwell.cyber_ware_port.CyberWare/]: [CW-DBG] Pre fired
[219月2026 21:40:18.201] [Render thread/INFO] [com.maxwell.cyber_ware_port.CyberWare/]: [CW-DBG] Pre fired
[219月2026 21:40:18.216] [Render thread/INFO] [com.maxwell.cyber_ware_port.CyberWare/]: [CW-DBG] Pre fired
[219月2026 21:40:18.231] [Render thread/INFO] [com.maxwell.cyber_ware_port.CyberWare/]: [CW-DBG] Pre fired
[219月2026 21:40:18.243] [Render thread/INFO] [com.maxwell.cyber_ware_port.CyberWare/]: [CW-DBG] Pre fired
[219月2026 21:40:18.253] [Render thread/INFO] [com.maxwell.cyber_ware_port.CyberWare/]: [CW-DBG] Pre fired
[219月2026 21:40:18.266] [Render thread/INFO] [com.maxwell.cyber_ware_port.CyberWare/]: [CW-DBG] Pre fired
[219月2026 21:40:18.276] [Render thread/INFO] [com.maxwell.cyber_ware_port.CyberWare/]: [CW-DBG] Pre fired
[219月2026 21:40:18.287] [Render thread/INFO] [com.maxwell.cyber_ware_port.CyberWare/]: [CW-DBG] Pre fired
[219月2026 21:40:18.297] [Render thread/INFO] [com.maxwell.cyber_ware_port.CyberWare/]: [CW-DBG] Pre fired
[219月2026 21:40:18.311] [Render thread/INFO] [com.maxwell.cyber_ware_port.CyberWare/]: [CW-DBG] Pre fired
[219月2026 21:40:18.323] [Render thread/INFO] [com.maxwell.cyber_ware_port.CyberWare/]: [CW-DBG] Pre fired
[219月2026 21:40:18.336] [Render thread/INFO] [com.maxwell.cyber_ware_port.CyberWare/]: [CW-DBG] Pre fired
[219月2026 21:40:18.349] [Render thread/INFO] [com.maxwell.cyber_ware_port.CyberWare/]: [CW-DBG] Pre fired
[219月2026 21:40:18.364] [Render thread/INFO] [com.maxwell.cyber_ware_port.CyberWare/]: [CW-DBG] Pre fired
[219月2026 21:40:18.379] [Render thread/INFO] [com.maxwell.cyber_ware_port.CyberWare/]: [CW-DBG] Pre fired
[219月2026 21:40:18.391] [Render thread/INFO] [com.maxwell.cyber_ware_port.CyberWare/]: [CW-DBG] Pre fired
[219月2026 21:40:18.407] [Render thread/INFO] [com.maxwell.cyber_ware_port.CyberWare/]: [CW-DBG] Pre fired
[219月2026 21:40:18.439] [Render thread/INFO] [com.maxwell.cyber_ware_port.CyberWare/]: [CW-DBG] Pre fired
[219月2026 21:40:18.451] [Render thread/INFO] [com.maxwell.cyber_ware_port.CyberWare/]: [CW-DBG] Pre fired
[219月2026 21:40:18.467] [Render thread/INFO] [com.maxwell.cyber_ware_port.CyberWare/]: [CW-DBG] Pre fired
[219月2026 21:40:18.483] [Render thread/INFO] [com.maxwell.cyber_ware_port.CyberWare/]: [CW-DBG] Pre fired
[219月2026 21:40:18.497] [Render thread/INFO] [com.maxwell.cyber_ware_port.CyberWare/]: [CW-DBG] Pre fired
[219月2026 21:40:18.515] [Render thread/INFO] [com.maxwell.cyber_ware_port.CyberWare/]: [CW-DBG] Pre fired
[219月2026 21:40:18.530] [Render thread/INFO] [com.maxwell.cyber_ware_port.CyberWare/]: [CW-DBG] Pre fired
[219月2026 21:40:18.544] [Render thread/INFO] [com.maxwell.cyber_ware_port.CyberWare/]: [CW-DBG] Pre fired
[219月2026 21:40:18.561] [Render thread/INFO] [com.maxwell.cyber_ware_port.CyberWare/]: [CW-DBG] Pre fired
[219月2026 21:40:18.577] [Render thread/INFO] [com.maxwell.cyber_ware_port.CyberWare/]: [CW-DBG] Pre fired
[219月2026 21:40:18.592] [Render thread/INFO] [com.maxwell.cyber_ware_port.CyberWare/]: [CW-DBG] Pre fired
[219月2026 21:40:18.606] [Render thread/INFO] [com.maxwell.cyber_ware_port.CyberWare/]: [CW-DBG] Pre fired
[219月2026 21:40:18.625] [Render thread/INFO] [com.maxwell.cyber_ware_port.CyberWare/]: [CW-DBG] Pre fired
[219月2026 21:40:18.637] [Render thread/INFO] [com.maxwell.cyber_ware_port.CyberWare/]: [CW-DBG] Pre fired
[219月2026 21:40:18.648] [Render thread/INFO] [com.maxwell.cyber_ware_port.CyberWare/]: [CW-DBG] Pre fired
[219月2026 21:40:18.659] [Render thread/INFO] [com.maxwell.cyber_ware_port.CyberWare/]: [CW-DBG] Pre fired
[219月2026 21:40:18.670] [Render thread/INFO] [com.maxwell.cyber_ware_port.CyberWare/]: [CW-DBG] Pre fired
[219月2026 21:40:18.679] [Render thread/INFO] [com.maxwell.cyber_ware_port.CyberWare/]: [CW-DBG] Pre fired
[219月2026 21:40:18.691] [Render thread/INFO] [com.maxwell.cyber_ware_port.CyberWare/]: [CW-DBG] Pre fired
[219月2026 21:40:18.718] [Render thread/INFO] [com.maxwell.cyber_ware_port.CyberWare/]: [CW-DBG] Pre fired
[219月2026 21:40:18.728] [Render thread/INFO] [com.maxwell.cyber_ware_port.CyberWare/]: [CW-DBG] Pre fired
[219月2026 21:40:18.741] [Render thread/INFO] [com.maxwell.cyber_ware_port.CyberWare/]: [CW-DBG] Pre fired
[219月2026 21:40:18.753] [Render thread/INFO] [com.maxwell.cyber_ware_port.CyberWare/]: [CW-DBG] Pre fired
[219月2026 21:40:18.769] [Render thread/INFO] [com.maxwell.cyber_ware_port.CyberWare/]: [CW-DBG] Pre fired
[219月2026 21:40:18.783] [Render thread/INFO] [com.maxwell.cyber_ware_port.CyberWare/]: [CW-DBG] Pre fired
[219月2026 21:40:18.793] [Render thread/INFO] [com.maxwell.cyber_ware_port.CyberWare/]: [CW-DBG] Pre fired
[219月2026 21:40:18.809] [Render thread/INFO] [com.maxwell.cyber_ware_port.CyberWare/]: [CW-DBG] Pre fired
[219月2026 21:40:18.822] [Render thread/INFO] [com.maxwell.cyber_ware_port.CyberWare/]: [CW-DBG] Pre fired
[219月2026 21:40:18.838] [Render thread/INFO] [com.maxwell.cyber_ware_port.CyberWare/]: [CW-DBG] Pre fired
[219月2026 21:40:18.851] [Render thread/INFO] [com.maxwell.cyber_ware_port.CyberWare/]: [CW-DBG] Pre fired
[219月2026 21:40:18.867] [Render thread/INFO] [com.maxwell.cyber_ware_port.CyberWare/]: [CW-DBG] Pre fired
[219月2026 21:40:18.879] [Render thread/INFO] [com.maxwell.cyber_ware_port.CyberWare/]: [CW-DBG] Pre fired
[219月2026 21:40:18.891] [Render thread/INFO] [com.maxwell.cyber_ware_port.CyberWare/]: [CW-DBG] Pre fired
[219月2026 21:40:18.903] [Render thread/INFO] [com.maxwell.cyber_ware_port.CyberWare/]: [CW-DBG] Pre fired
[219月2026 21:40:18.920] [Render thread/INFO] [com.maxwell.cyber_ware_port.CyberWare/]: [CW-DBG] Pre fired
[219月2026 21:40:18.930] [Render thread/INFO] [com.maxwell.cyber_ware_port.CyberWare/]: [CW-DBG] Pre fired
[219月2026 21:40:18.939] [Render thread/INFO] [com.maxwell.cyber_ware_port.CyberWare/]: [CW-DBG] Pre fired
[219月2026 21:40:18.949] [Render thread/INFO] [com.maxwell.cyber_ware_port.CyberWare/]: [CW-DBG] Pre fired
[219月2026 21:40:18.961] [Render thread/INFO] [com.maxwell.cyber_ware_port.CyberWare/]: [CW-DBG] Pre fired
[219月2026 21:40:18.971] [Render thread/INFO] [com.maxwell.cyber_ware_port.CyberWare/]: [CW-DBG] Pre fired
[219月2026 21:40:18.980] [Render thread/INFO] [com.maxwell.cyber_ware_port.CyberWare/]: [CW-DBG] Pre fired
[219月2026 21:40:18.992] [Render thread/INFO] [com.maxwell.cyber_ware_port.CyberWare/]: [CW-DBG] Pre fired
[219月2026 21:40:19.007] [Render thread/INFO] [com.maxwell.cyber_ware_port.CyberWare/]: [CW-DBG] Pre fired
[219月2026 21:40:19.032] [Render thread/INFO] [com.maxwell.cyber_ware_port.CyberWare/]: [CW-DBG] Pre fired
[219月2026 21:40:19.044] [Render thread/INFO] [com.maxwell.cyber_ware_port.CyberWare/]: [CW-DBG] Pre fired
[219月2026 21:40:19.059] [Render thread/INFO] [com.maxwell.cyber_ware_port.CyberWare/]: [CW-DBG] Pre fired
[219月2026 21:40:19.069] [Render thread/INFO] [com.maxwell.cyber_ware_port.CyberWare/]: [CW-DBG] Pre fired
[219月2026 21:40:19.082] [Render thread/INFO] [com.maxwell.cyber_ware_port.CyberWare/]: [CW-DBG] Pre fired
[219月2026 21:40:19.092] [Render thread/INFO] [com.maxwell.cyber_ware_port.CyberWare/]: [CW-DBG] Pre fired
[219月2026 21:40:19.102] [Render thread/INFO] [com.maxwell.cyber_ware_port.CyberWare/]: [CW-DBG] Pre fired
[219月2026 21:40:19.115] [Render thread/INFO] [com.maxwell.cyber_ware_port.CyberWare/]: [CW-DBG] Pre fired
[219月2026 21:40:19.124] [Render thread/INFO] [com.maxwell.cyber_ware_port.CyberWare/]: [CW-DBG] Pre fired
[219月2026 21:40:19.134] [Render thread/INFO] [com.maxwell.cyber_ware_port.CyberWare/]: [CW-DBG] Pre fired
[219月2026 21:40:19.144] [Render thread/INFO] [com.maxwell.cyber_ware_port.CyberWare/]: [CW-DBG] Pre fired
[219月2026 21:40:19.155] [Render thread/INFO] [com.maxwell.cyber_ware_port.CyberWare/]: [CW-DBG] Pre fired
[219月2026 21:40:19.163] [Render thread/INFO] [com.maxwell.cyber_ware_port.CyberWare/]: [CW-DBG] Pre fired
[219月2026 21:40:19.172] [Render thread/INFO] [com.maxwell.cyber_ware_port.CyberWare/]: [CW-DBG] Pre fired
[219月2026 21:40:19.181] [Render thread/INFO] [com.maxwell.cyber_ware_port.CyberWare/]: [CW-DBG] Pre fired
[219月2026 21:40:19.189] [Render thread/INFO] [com.maxwell.cyber_ware_port.CyberWare/]: [CW-DBG] Pre fired
[219月2026 21:40:19.197] [Render thread/INFO] [com.maxwell.cyber_ware_port.CyberWare/]: [CW-DBG] Pre fired
[219月2026 21:40:19.211] [Render thread/INFO] [com.maxwell.cyber_ware_port.CyberWare/]: [CW-DBG] Pre fired
[219月2026 21:40:19.221] [Render thread/INFO] [com.maxwell.cyber_ware_port.CyberWare/]: [CW-DBG] Pre fired
[219月2026 21:40:19.231] [Render thread/INFO] [com.maxwell.cyber_ware_port.CyberWare/]: [CW-DBG] Pre fired
[219月2026 21:40:19.239] [Render thread/INFO] [com.maxwell.cyber_ware_port.CyberWare/]: [CW-DBG] Pre fired
[219月2026 21:40:19.248] [Render thread/INFO] [com.maxwell.cyber_ware_port.CyberWare/]: [CW-DBG] Pre fired
[219月2026 21:40:19.258] [Render thread/INFO] [com.maxwell.cyber_ware_port.CyberWare/]: [CW-DBG] Pre fired
[219月2026 21:40:19.266] [Render thread/INFO] [com.maxwell.cyber_ware_port.CyberWare/]: [CW-DBG] Pre fired
[219月2026 21:40:19.276] [Render thread/INFO] [com.maxwell.cyber_ware_port.CyberWare/]: [CW-DBG] Pre fired
[219月2026 21:40:19.285] [Render thread/INFO] [com.maxwell.cyber_ware_port.CyberWare/]: [CW-DBG] Pre fired
[219月2026 21:40:19.296] [Render thread/INFO] [com.maxwell.cyber_ware_port.CyberWare/]: [CW-DBG] Pre fired
[219月2026 21:40:19.307] [Render thread/INFO] [com.maxwell.cyber_ware_port.CyberWare/]: [CW-DBG] Pre fired
[219月2026 21:40:19.318] [Render thread/INFO] [com.maxwell.cyber_ware_port.CyberWare/]: [CW-DBG] Pre fired
[219月2026 21:40:19.330] [Render thread/INFO] [com.maxwell.cyber_ware_port.CyberWare/]: [CW-DBG] Pre fired
[219月2026 21:40:19.339] [Render thread/INFO] [com.maxwell.cyber_ware_port.CyberWare/]: [CW-DBG] Pre fired
[219月2026 21:40:19.351] [Render thread/INFO] [com.maxwell.cyber_ware_port.CyberWare/]: [CW-DBG] Pre fired
[219月2026 21:40:19.366] [Render thread/INFO] [com.maxwell.cyber_ware_port.CyberWare/]: [CW-DBG] Pre fired
[219月2026 21:40:19.377] [Render thread/INFO] [com.maxwell.cyber_ware_port.CyberWare/]: [CW-DBG] Pre fired
[219月2026 21:40:19.388] [Render thread/INFO] [com.maxwell.cyber_ware_port.CyberWare/]: [CW-DBG] Pre fired
[219月2026 21:40:19.406] [Render thread/INFO] [com.maxwell.cyber_ware_port.CyberWare/]: [CW-DBG] Pre fired
[219月2026 21:40:19.423] [Render thread/INFO] [com.maxwell.cyber_ware_port.CyberWare/]: [CW-DBG] Pre fired
[219月2026 21:40:19.434] [Render thread/INFO] [com.maxwell.cyber_ware_port.CyberWare/]: [CW-DBG] Pre fired
[219月2026 21:40:19.447] [Render thread/INFO] [com.maxwell.cyber_ware_port.CyberWare/]: [CW-DBG] Pre fired
[219月2026 21:40:19.463] [Render thread/INFO] [com.maxwell.cyber_ware_port.CyberWare/]: [CW-DBG] Pre fired
[219月2026 21:40:19.476] [Render thread/INFO] [com.maxwell.cyber_ware_port.CyberWare/]: [CW-DBG] Pre fired
[219月2026 21:40:19.487] [Render thread/INFO] [com.maxwell.cyber_ware_port.CyberWare/]: [CW-DBG] Pre fired
[219月2026 21:40:19.498] [Render thread/INFO] [com.maxwell.cyber_ware_port.CyberWare/]: [CW-DBG] Pre fired
[219月2026 21:40:19.513] [Render thread/INFO] [com.maxwell.cyber_ware_port.CyberWare/]: [CW-DBG] Pre fired
[219月2026 21:40:19.590] [Render thread/INFO] [com.maxwell.cyber_ware_port.CyberWare/]: [CW-DBG] Pre fired
[219月2026 21:40:19.603] [Render thread/INFO] [com.maxwell.cyber_ware_port.CyberWare/]: [CW-DBG] Pre fired
[219月2026 21:40:19.632] [Render thread/INFO] [com.maxwell.cyber_ware_port.CyberWare/]: [CW-DBG] Pre fired
[219月2026 21:40:19.642] [Render thread/INFO] [com.maxwell.cyber_ware_port.CyberWare/]: [CW-DBG] Pre fired
[219月2026 21:40:19.653] [Render thread/INFO] [com.maxwell.cyber_ware_port.CyberWare/]: [CW-DBG] Pre fired
[219月2026 21:40:19.665] [Render thread/INFO] [com.maxwell.cyber_ware_port.CyberWare/]: [CW-DBG] Pre fired
[219月2026 21:40:19.674] [Render thread/INFO] [com.maxwell.cyber_ware_port.CyberWare/]: [CW-DBG] Pre fired
[219月2026 21:40:19.683] [Render thread/INFO] [com.maxwell.cyber_ware_port.CyberWare/]: [CW-DBG] Pre fired
[219月2026 21:40:19.693] [Render thread/INFO] [com.maxwell.cyber_ware_port.CyberWare/]: [CW-DBG] Pre fired
[219月2026 21:40:19.702] [Render thread/INFO] [com.maxwell.cyber_ware_port.CyberWare/]: [CW-DBG] Pre fired
[219月2026 21:40:19.731] [Render thread/INFO] [com.maxwell.cyber_ware_port.CyberWare/]: [CW-DBG] Pre fired
[219月2026 21:40:19.744] [Render thread/INFO] [com.maxwell.cyber_ware_port.CyberWare/]: [CW-DBG] Pre fired
[219月2026 21:40:19.756] [Render thread/INFO] [com.maxwell.cyber_ware_port.CyberWare/]: [CW-DBG] Pre fired
[219月2026 21:40:19.766] [Render thread/INFO] [com.maxwell.cyber_ware_port.CyberWare/]: [CW-DBG] Pre fired
[219月2026 21:40:19.774] [Render thread/INFO] [com.maxwell.cyber_ware_port.CyberWare/]: [CW-DBG] Pre fired
[219月2026 21:40:19.784] [Render thread/INFO] [com.maxwell.cyber_ware_port.CyberWare/]: [CW-DBG] Pre fired
[219月2026 21:40:19.793] [Render thread/INFO] [com.maxwell.cyber_ware_port.CyberWare/]: [CW-DBG] Pre fired
[219月2026 21:40:19.803] [Render thread/INFO] [com.maxwell.cyber_ware_port.CyberWare/]: [CW-DBG] Pre fired
[219月2026 21:40:19.818] [Render thread/INFO] [com.maxwell.cyber_ware_port.CyberWare/]: [CW-DBG] Pre fired
[219月2026 21:40:19.824] [Render thread/INFO] [com.maxwell.cyber_ware_port.CyberWare/]: [CW-DBG] Pre fired
[219月2026 21:40:19.834] [Render thread/INFO] [com.maxwell.cyber_ware_port.CyberWare/]: [CW-DBG] Pre fired
[219月2026 21:40:19.843] [Render thread/INFO] [com.maxwell.cyber_ware_port.CyberWare/]: [CW-DBG] Pre fired
[219月2026 21:40:19.851] [Render thread/INFO] [com.maxwell.cyber_ware_port.CyberWare/]: [CW-DBG] Pre fired
[219月2026 21:40:19.863] [Render thread/INFO] [com.maxwell.cyber_ware_port.CyberWare/]: [CW-DBG] Pre fired
[219月2026 21:40:19.872] [Render thread/INFO] [com.maxwell.cyber_ware_port.CyberWare/]: [CW-DBG] Pre fired
[219月2026 21:40:19.880] [Render thread/INFO] [com.maxwell.cyber_ware_port.CyberWare/]: [CW-DBG] Pre fired
[219月2026 21:40:19.888] [Render thread/INFO] [com.maxwell.cyber_ware_port.CyberWare/]: [CW-DBG] Pre fired
[219月2026 21:40:19.904] [Render thread/INFO] [com.maxwell.cyber_ware_port.CyberWare/]: [CW-DBG] Pre fired
[219月2026 21:40:19.915] [Render thread/INFO] [com.maxwell.cyber_ware_port.CyberWare/]: [CW-DBG] Pre fired
[219月2026 21:40:19.923] [Render thread/INFO] [com.maxwell.cyber_ware_port.CyberWare/]: [CW-DBG] Pre fired
[219月2026 21:40:19.932] [Render thread/INFO] [com.maxwell.cyber_ware_port.CyberWare/]: [CW-DBG] Pre fired
[219月2026 21:40:19.939] [Render thread/INFO] [com.maxwell.cyber_ware_port.CyberWare/]: [CW-DBG] Pre fired
[219月2026 21:40:19.949] [Render thread/INFO] [com.maxwell.cyber_ware_port.CyberWare/]: [CW-DBG] Pre fired
[219月2026 21:40:19.960] [Render thread/INFO] [com.maxwell.cyber_ware_port.CyberWare/]: [CW-DBG] Pre fired
[219月2026 21:40:19.968] [Render thread/INFO] [com.maxwell.cyber_ware_port.CyberWare/]: [CW-DBG] Pre fired
[219月2026 21:40:19.977] [Render thread/INFO] [com.maxwell.cyber_ware_port.CyberWare/]: [CW-DBG] Pre fired
[219月2026 21:40:19.984] [Render thread/INFO] [com.maxwell.cyber_ware_port.CyberWare/]: [CW-DBG] Pre fired
[219月2026 21:40:19.993] [Render thread/INFO] [com.maxwell.cyber_ware_port.CyberWare/]: [CW-DBG] Pre fired
[219月2026 21:40:20.002] [Render thread/INFO] [com.maxwell.cyber_ware_port.CyberWare/]: [CW-DBG] Pre fired
[219月2026 21:40:20.013] [Render thread/INFO] [com.maxwell.cyber_ware_port.CyberWare/]: [CW-DBG] Pre fired
[219月2026 21:40:20.021] [Render thread/INFO] [com.maxwell.cyber_ware_port.CyberWare/]: [CW-DBG] Pre fired
[219月2026 21:40:20.030] [Render thread/INFO] [com.maxwell.cyber_ware_port.CyberWare/]: [CW-DBG] Pre fired
[219月2026 21:40:20.038] [Render thread/INFO] [com.maxwell.cyber_ware_port.CyberWare/]: [CW-DBG] Pre fired
[219月2026 21:40:20.046] [Render thread/INFO] [com.maxwell.cyber_ware_port.CyberWare/]: [CW-DBG] Pre fired
[219月2026 21:40:20.057] [Render thread/INFO] [com.maxwell.cyber_ware_port.CyberWare/]: [CW-DBG] Pre fired
[219月2026 21:40:20.063] [Render thread/INFO] [com.maxwell.cyber_ware_port.CyberWare/]: [CW-DBG] Pre fired
[219月2026 21:40:20.073] [Render thread/INFO] [com.maxwell.cyber_ware_port.CyberWare/]: [CW-DBG] Pre fired
[219月2026 21:40:20.081] [Render thread/INFO] [com.maxwell.cyber_ware_port.CyberWare/]: [CW-DBG] Pre fired
[219月2026 21:40:20.091] [Render thread/INFO] [com.maxwell.cyber_ware_port.CyberWare/]: [CW-DBG] Pre fired
[219月2026 21:40:20.099] [Render thread/INFO] [com.maxwell.cyber_ware_port.CyberWare/]: [CW-DBG] Pre fired
[219月2026 21:40:20.110] [Render thread/INFO] [com.maxwell.cyber_ware_port.CyberWare/]: [CW-DBG] Pre fired
[219月2026 21:40:20.118] [Render thread/INFO] [com.maxwell.cyber_ware_port.CyberWare/]: [CW-DBG] Pre fired
[219月2026 21:40:20.127] [Render thread/INFO] [com.maxwell.cyber_ware_port.CyberWare/]: [CW-DBG] Pre fired
[219月2026 21:40:20.134] [Render thread/INFO] [com.maxwell.cyber_ware_port.CyberWare/]: [CW-DBG] Pre fired
[219月2026 21:40:20.143] [Render thread/INFO] [com.maxwell.cyber_ware_port.CyberWare/]: [CW-DBG] Pre fired
[219月2026 21:40:20.153] [Render thread/INFO] [com.maxwell.cyber_ware_port.CyberWare/]: [CW-DBG] Pre fired
[219月2026 21:40:20.163] [Render thread/INFO] [com.maxwell.cyber_ware_port.CyberWare/]: [CW-DBG] Pre fired
[219月2026 21:40:20.170] [Render thread/INFO] [com.maxwell.cyber_ware_port.CyberWare/]: [CW-DBG] Pre fired
[219月2026 21:40:20.180] [Render thread/INFO] [com.maxwell.cyber_ware_port.CyberWare/]: [CW-DBG] Pre fired
[219月2026 21:40:20.188] [Render thread/INFO] [com.maxwell.cyber_ware_port.CyberWare/]: [CW-DBG] Pre fired
[219月2026 21:40:20.197] [Render thread/INFO] [com.maxwell.cyber_ware_port.CyberWare/]: [CW-DBG] Pre fired
[219月2026 21:40:20.208] [Render thread/INFO] [com.maxwell.cyber_ware_port.CyberWare/]: [CW-DBG] Pre fired
[219月2026 21:40:20.217] [Render thread/INFO] [com.maxwell.cyber_ware_port.CyberWare/]: [CW-DBG] Pre fired
[219月2026 21:40:20.226] [Render thread/INFO] [com.maxwell.cyber_ware_port.CyberWare/]: [CW-DBG] Pre fired
[219月2026 21:40:20.235] [Render thread/INFO] [com.maxwell.cyber_ware_port.CyberWare/]: [CW-DBG] Pre fired
[219月2026 21:40:20.242] [Render thread/INFO] [com.maxwell.cyber_ware_port.CyberWare/]: [CW-DBG] Pre fired
[219月2026 21:40:20.250] [Render thread/INFO] [com.maxwell.cyber_ware_port.CyberWare/]: [CW-DBG] Pre fired
[219月2026 21:40:20.261] [Render thread/INFO] [com.maxwell.cyber_ware_port.CyberWare/]: [CW-DBG] Pre fired
[219月2026 21:40:20.268] [Render thread/INFO] [com.maxwell.cyber_ware_port.CyberWare/]: [CW-DBG] Pre fired
[219月2026 21:40:20.276] [Render thread/INFO] [com.maxwell.cyber_ware_port.CyberWare/]: [CW-DBG] Pre fired
[219月2026 21:40:20.285] [Render thread/INFO] [com.maxwell.cyber_ware_port.CyberWare/]: [CW-DBG] Pre fired
[219月2026 21:40:20.293] [Render thread/INFO] [com.maxwell.cyber_ware_port.CyberWare/]: [CW-DBG] Pre fired
[219月2026 21:40:20.301] [Render thread/INFO] [com.maxwell.cyber_ware_port.CyberWare/]: [CW-DBG] Pre fired
[219月2026 21:40:20.316] [Render thread/INFO] [com.maxwell.cyber_ware_port.CyberWare/]: [CW-DBG] Pre fired
[219月2026 21:40:20.324] [Render thread/INFO] [com.maxwell.cyber_ware_port.CyberWare/]: [CW-DBG] Pre fired
[219月2026 21:40:20.332] [Render thread/INFO] [com.maxwell.cyber_ware_port.CyberWare/]: [CW-DBG] Pre fired
[219月2026 21:40:20.341] [Render thread/INFO] [com.maxwell.cyber_ware_port.CyberWare/]: [CW-DBG] Pre fired
[219月2026 21:40:20.348] [Render thread/INFO] [com.maxwell.cyber_ware_port.CyberWare/]: [CW-DBG] Pre fired
[219月2026 21:40:20.360] [Render thread/INFO] [com.maxwell.cyber_ware_port.CyberWare/]: [CW-DBG] Pre fired
[219月2026 21:40:20.367] [Render thread/INFO] [com.maxwell.cyber_ware_port.CyberWare/]: [CW-DBG] Pre fired
[219月2026 21:40:20.374] [Render thread/INFO] [com.maxwell.cyber_ware_port.CyberWare/]: [CW-DBG] Pre fired
[219月2026 21:40:20.383] [Render thread/INFO] [com.maxwell.cyber_ware_port.CyberWare/]: [CW-DBG] Pre fired
[219月2026 21:40:20.392] [Render thread/INFO] [com.maxwell.cyber_ware_port.CyberWare/]: [CW-DBG] Pre fired
[219月2026 21:40:20.400] [Render thread/INFO] [com.maxwell.cyber_ware_port.CyberWare/]: [CW-DBG] Pre fired
[219月2026 21:40:20.411] [Render thread/INFO] [com.maxwell.cyber_ware_port.CyberWare/]: [CW-DBG] Pre fired
[219月2026 21:40:20.417] [Render thread/INFO] [com.maxwell.cyber_ware_port.CyberWare/]: [CW-DBG] Pre fired
[219月2026 21:40:20.426] [Render thread/INFO] [com.maxwell.cyber_ware_port.CyberWare/]: [CW-DBG] Pre fired
[219月2026 21:40:20.433] [Render thread/INFO] [com.maxwell.cyber_ware_port.CyberWare/]: [CW-DBG] Pre fired
[219月2026 21:40:20.442] [Render thread/INFO] [com.maxwell.cyber_ware_port.CyberWare/]: [CW-DBG] Pre fired
[219月2026 21:40:20.451] [Render thread/INFO] [com.maxwell.cyber_ware_port.CyberWare/]: [CW-DBG] Pre fired
[219月2026 21:40:20.463] [Render thread/INFO] [com.maxwell.cyber_ware_port.CyberWare/]: [CW-DBG] Pre fired
[219月2026 21:40:20.471] [Render thread/INFO] [com.maxwell.cyber_ware_port.CyberWare/]: [CW-DBG] Pre fired
[219月2026 21:40:20.479] [Render thread/INFO] [com.maxwell.cyber_ware_port.CyberWare/]: [CW-DBG] Pre fired
[219月2026 21:40:20.487] [Render thread/INFO] [com.maxwell.cyber_ware_port.CyberWare/]: [CW-DBG] Pre fired
[219月2026 21:40:20.496] [Render thread/INFO] [com.maxwell.cyber_ware_port.CyberWare/]: [CW-DBG] Pre fired
[219月2026 21:40:20.507] [Render thread/INFO] [com.maxwell.cyber_ware_port.CyberWare/]: [CW-DBG] Pre fired
[219月2026 21:40:20.515] [Render thread/INFO] [com.maxwell.cyber_ware_port.CyberWare/]: [CW-DBG] Pre fired
[219月2026 21:40:20.523] [Render thread/INFO] [com.maxwell.cyber_ware_port.CyberWare/]: [CW-DBG] Pre fired
[219月2026 21:40:20.532] [Render thread/INFO] [com.maxwell.cyber_ware_port.CyberWare/]: [CW-DBG] Pre fired
[219月2026 21:40:20.539] [Render thread/INFO] [com.maxwell.cyber_ware_port.CyberWare/]: [CW-DBG] Pre fired
[219月2026 21:40:20.547] [Render thread/INFO] [com.maxwell.cyber_ware_port.CyberWare/]: [CW-DBG] Pre fired
[219月2026 21:40:20.559] [Render thread/INFO] [com.maxwell.cyber_ware_port.CyberWare/]: [CW-DBG] Pre fired
[219月2026 21:40:20.566] [Render thread/INFO] [com.maxwell.cyber_ware_port.CyberWare/]: [CW-DBG] Pre fired
[219月2026 21:40:20.573] [Render thread/INFO] [com.maxwell.cyber_ware_port.CyberWare/]: [CW-DBG] Pre fired
[219月2026 21:40:20.582] [Render thread/INFO] [com.maxwell.cyber_ware_port.CyberWare/]: [CW-DBG] Pre fired
[219月2026 21:40:20.590] [Render thread/INFO] [com.maxwell.cyber_ware_port.CyberWare/]: [CW-DBG] Pre fired
[219月2026 21:40:20.598] [Render thread/INFO] [com.maxwell.cyber_ware_port.CyberWare/]: [CW-DBG] Pre fired
[219月2026 21:40:20.609] [Render thread/INFO] [com.maxwell.cyber_ware_port.CyberWare/]: [CW-DBG] Pre fired
[219月2026 21:40:20.617] [Render thread/INFO] [com.maxwell.cyber_ware_port.CyberWare/]: [CW-DBG] Pre fired
[219月2026 21:40:20.625] [Render thread/INFO] [com.maxwell.cyber_ware_port.CyberWare/]: [CW-DBG] Pre fired
[219月2026 21:40:20.634] [Render thread/INFO] [com.maxwell.cyber_ware_port.CyberWare/]: [CW-DBG] Pre fired
[219月2026 21:40:20.643] [Render thread/INFO] [com.maxwell.cyber_ware_port.CyberWare/]: [CW-DBG] Pre fired
[219月2026 21:40:20.651] [Render thread/INFO] [com.maxwell.cyber_ware_port.CyberWare/]: [CW-DBG] Pre fired
[219月2026 21:40:20.662] [Render thread/INFO] [com.maxwell.cyber_ware_port.CyberWare/]: [CW-DBG] Pre fired
[219月2026 21:40:20.669] [Render thread/INFO] [com.maxwell.cyber_ware_port.CyberWare/]: [CW-DBG] Pre fired
[219月2026 21:40:20.679] [Render thread/INFO] [com.maxwell.cyber_ware_port.CyberWare/]: [CW-DBG] Pre fired
[219月2026 21:40:20.687] [Render thread/INFO] [com.maxwell.cyber_ware_port.CyberWare/]: [CW-DBG] Pre fired
[219月2026 21:40:20.694] [Render thread/INFO] [com.maxwell.cyber_ware_port.CyberWare/]: [CW-DBG] Pre fired
[219月2026 21:40:20.706] [Render thread/INFO] [com.maxwell.cyber_ware_port.CyberWare/]: [CW-DBG] Pre fired
[219月2026 21:40:20.712] [Render thread/INFO] [com.maxwell.cyber_ware_port.CyberWare/]: [CW-DBG] Pre fired
[219月2026 21:40:20.721] [Render thread/INFO] [com.maxwell.cyber_ware_port.CyberWare/]: [CW-DBG] Pre fired
[219月2026 21:40:20.729] [Render thread/INFO] [com.maxwell.cyber_ware_port.CyberWare/]: [CW-DBG] Pre fired
[219月2026 21:40:20.737] [Render thread/INFO] [com.maxwell.cyber_ware_port.CyberWare/]: [CW-DBG] Pre fired
[219月2026 21:40:20.746] [Render thread/INFO] [com.maxwell.cyber_ware_port.CyberWare/]: [CW-DBG] Pre fired
[219月2026 21:40:20.756] [Render thread/INFO] [com.maxwell.cyber_ware_port.CyberWare/]: [CW-DBG] Pre fired
[219月2026 21:40:20.762] [Render thread/INFO] [com.maxwell.cyber_ware_port.CyberWare/]: [CW-DBG] Pre fired
[219月2026 21:40:20.772] [Render thread/INFO] [com.maxwell.cyber_ware_port.CyberWare/]: [CW-DBG] Pre fired
[219月2026 21:40:20.779] [Render thread/INFO] [com.maxwell.cyber_ware_port.CyberWare/]: [CW-DBG] Pre fired
[219月2026 21:40:20.787] [Render thread/INFO] [com.maxwell.cyber_ware_port.CyberWare/]: [CW-DBG] Pre fired
[219月2026 21:40:20.797] [Render thread/INFO] [com.maxwell.cyber_ware_port.CyberWare/]: [CW-DBG] Pre fired
[219月2026 21:40:20.807] [Render thread/INFO] [com.maxwell.cyber_ware_port.CyberWare/]: [CW-DBG] Pre fired
[219月2026 21:40:20.813] [Render thread/INFO] [com.maxwell.cyber_ware_port.CyberWare/]: [CW-DBG] Pre fired
[219月2026 21:40:20.822] [Render thread/INFO] [com.maxwell.cyber_ware_port.CyberWare/]: [CW-DBG] Pre fired
[219月2026 21:40:20.830] [Render thread/INFO] [com.maxwell.cyber_ware_port.CyberWare/]: [CW-DBG] Pre fired
[219月2026 21:40:20.838] [Render thread/INFO] [com.maxwell.cyber_ware_port.CyberWare/]: [CW-DBG] Pre fired
[219月2026 21:40:20.846] [Render thread/INFO] [com.maxwell.cyber_ware_port.CyberWare/]: [CW-DBG] Pre fired
[219月2026 21:40:20.861] [Render thread/INFO] [com.maxwell.cyber_ware_port.CyberWare/]: [CW-DBG] Pre fired
[219月2026 21:40:20.881] [Render thread/INFO] [com.maxwell.cyber_ware_port.CyberWare/]: [CW-DBG] Pre fired
[219月2026 21:40:20.888] [Render thread/INFO] [com.maxwell.cyber_ware_port.CyberWare/]: [CW-DBG] Pre fired
[219月2026 21:40:20.896] [Render thread/INFO] [com.maxwell.cyber_ware_port.CyberWare/]: [CW-DBG] Pre fired
[219月2026 21:40:20.908] [Render thread/INFO] [com.maxwell.cyber_ware_port.CyberWare/]: [CW-DBG] Pre fired
[219月2026 21:40:20.915] [Render thread/INFO] [com.maxwell.cyber_ware_port.CyberWare/]: [CW-DBG] Pre fired
[219月2026 21:40:20.925] [Render thread/INFO] [com.maxwell.cyber_ware_port.CyberWare/]: [CW-DBG] Pre fired
[219月2026 21:40:20.933] [Render thread/INFO] [com.maxwell.cyber_ware_port.CyberWare/]: [CW-DBG] Pre fired
[219月2026 21:40:20.942] [Render thread/INFO] [com.maxwell.cyber_ware_port.CyberWare/]: [CW-DBG] Pre fired
[219月2026 21:40:20.951] [Render thread/INFO] [com.maxwell.cyber_ware_port.CyberWare/]: [CW-DBG] Pre fired
[219月2026 21:40:20.961] [Render thread/INFO] [com.maxwell.cyber_ware_port.CyberWare/]: [CW-DBG] Pre fired
[219月2026 21:40:20.968] [Render thread/INFO] [com.maxwell.cyber_ware_port.CyberWare/]: [CW-DBG] Pre fired
[219月2026 21:40:20.977] [Render thread/INFO] [com.maxwell.cyber_ware_port.CyberWare/]: [CW-DBG] Pre fired
[219月2026 21:40:20.986] [Render thread/INFO] [com.maxwell.cyber_ware_port.CyberWare/]: [CW-DBG] Pre fired
[219月2026 21:40:20.993] [Render thread/INFO] [com.maxwell.cyber_ware_port.CyberWare/]: [CW-DBG] Pre fired
[219月2026 21:40:21.001] [Render thread/INFO] [com.maxwell.cyber_ware_port.CyberWare/]: [CW-DBG] Pre fired
[219月2026 21:40:21.012] [Render thread/INFO] [com.maxwell.cyber_ware_port.CyberWare/]: [CW-DBG] Pre fired
[219月2026 21:40:21.019] [Render thread/INFO] [com.maxwell.cyber_ware_port.CyberWare/]: [CW-DBG] Pre fired
[219月2026 21:40:21.029] [Render thread/INFO] [com.maxwell.cyber_ware_port.CyberWare/]: [CW-DBG] Pre fired
[219月2026 21:40:21.038] [Render thread/INFO] [com.maxwell.cyber_ware_port.CyberWare/]: [CW-DBG] Pre fired
[219月2026 21:40:21.045] [Render thread/INFO] [com.maxwell.cyber_ware_port.CyberWare/]: [CW-DBG] Pre fired
[219月2026 21:40:21.056] [Render thread/INFO] [com.maxwell.cyber_ware_port.CyberWare/]: [CW-DBG] Pre fired
[219月2026 21:40:21.064] [Render thread/INFO] [com.maxwell.cyber_ware_port.CyberWare/]: [CW-DBG] Pre fired
[219月2026 21:40:21.078] [Render thread/INFO] [com.maxwell.cyber_ware_port.CyberWare/]: [CW-DBG] Pre fired
[219月2026 21:40:21.088] [Render thread/INFO] [com.maxwell.cyber_ware_port.CyberWare/]: [CW-DBG] Pre fired
[219月2026 21:40:21.100] [Render thread/INFO] [com.maxwell.cyber_ware_port.CyberWare/]: [CW-DBG] Pre fired
[219月2026 21:40:21.115] [Render thread/INFO] [com.maxwell.cyber_ware_port.CyberWare/]: [CW-DBG] Pre fired
[219月2026 21:40:21.123] [Render thread/INFO] [com.maxwell.cyber_ware_port.CyberWare/]: [CW-DBG] Pre fired
[219月2026 21:40:21.133] [Render thread/INFO] [com.maxwell.cyber_ware_port.CyberWare/]: [CW-DBG] Pre fired
[219月2026 21:40:21.142] [Render thread/INFO] [com.maxwell.cyber_ware_port.CyberWare/]: [CW-DBG] Pre fired
[219月2026 21:40:21.149] [Render thread/INFO] [com.maxwell.cyber_ware_port.CyberWare/]: [CW-DBG] Pre fired
[219月2026 21:40:21.161] [Render thread/INFO] [com.maxwell.cyber_ware_port.CyberWare/]: [CW-DBG] Pre fired
[219月2026 21:40:21.173] [Render thread/INFO] [com.maxwell.cyber_ware_port.CyberWare/]: [CW-DBG] Pre fired
[219月2026 21:40:21.182] [Render thread/INFO] [com.maxwell.cyber_ware_port.CyberWare/]: [CW-DBG] Pre fired
[219月2026 21:40:21.192] [Render thread/INFO] [com.maxwell.cyber_ware_port.CyberWare/]: [CW-DBG] Pre fired
[219月2026 21:40:21.200] [Render thread/INFO] [com.maxwell.cyber_ware_port.CyberWare/]: [CW-DBG] Pre fired
[219月2026 21:40:21.212] [Render thread/INFO] [com.maxwell.cyber_ware_port.CyberWare/]: [CW-DBG] Pre fired
[219月2026 21:40:21.222] [Render thread/INFO] [com.maxwell.cyber_ware_port.CyberWare/]: [CW-DBG] Pre fired
[219月2026 21:40:21.230] [Render thread/INFO] [com.maxwell.cyber_ware_port.CyberWare/]: [CW-DBG] Pre fired
[219月2026 21:40:21.240] [Render thread/INFO] [com.maxwell.cyber_ware_port.CyberWare/]: [CW-DBG] Pre fired
[219月2026 21:40:21.247] [Render thread/INFO] [com.maxwell.cyber_ware_port.CyberWare/]: [CW-DBG] Pre fired
[219月2026 21:40:21.259] [Render thread/INFO] [com.maxwell.cyber_ware_port.CyberWare/]: [CW-DBG] Pre fired
[219月2026 21:40:21.266] [Render thread/INFO] [com.maxwell.cyber_ware_port.CyberWare/]: [CW-DBG] Pre fired
[219月2026 21:40:21.275] [Render thread/INFO] [com.maxwell.cyber_ware_port.CyberWare/]: [CW-DBG] Pre fired
[219月2026 21:40:21.282] [Render thread/INFO] [com.maxwell.cyber_ware_port.CyberWare/]: [CW-DBG] Pre fired
[219月2026 21:40:21.292] [Render thread/INFO] [com.maxwell.cyber_ware_port.CyberWare/]: [CW-DBG] Pre fired
[219月2026 21:40:21.299] [Render thread/INFO] [com.maxwell.cyber_ware_port.CyberWare/]: [CW-DBG] Pre fired
[219月2026 21:40:21.312] [Render thread/INFO] [com.maxwell.cyber_ware_port.CyberWare/]: [CW-DBG] Pre fired
[219月2026 21:40:21.319] [Render thread/INFO] [com.maxwell.cyber_ware_port.CyberWare/]: [CW-DBG] Pre fired
[219月2026 21:40:21.328] [Render thread/INFO] [com.maxwell.cyber_ware_port.CyberWare/]: [CW-DBG] Pre fired
[219月2026 21:40:21.337] [Render thread/INFO] [com.maxwell.cyber_ware_port.CyberWare/]: [CW-DBG] Pre fired
[219月2026 21:40:21.344] [Render thread/INFO] [com.maxwell.cyber_ware_port.CyberWare/]: [CW-DBG] Pre fired
[219月2026 21:40:21.356] [Render thread/INFO] [com.maxwell.cyber_ware_port.CyberWare/]: [CW-DBG] Pre fired
[219月2026 21:40:21.365] [Render thread/INFO] [com.maxwell.cyber_ware_port.CyberWare/]: [CW-DBG] Pre fired
[219月2026 21:40:21.374] [Render thread/INFO] [com.maxwell.cyber_ware_port.CyberWare/]: [CW-DBG] Pre fired
[219月2026 21:40:21.382] [Render thread/INFO] [com.maxwell.cyber_ware_port.CyberWare/]: [CW-DBG] Pre fired
[219月2026 21:40:21.391] [Render thread/INFO] [com.maxwell.cyber_ware_port.CyberWare/]: [CW-DBG] Pre fired
[219月2026 21:40:21.400] [Render thread/INFO] [com.maxwell.cyber_ware_port.CyberWare/]: [CW-DBG] Pre fired
[219月2026 21:40:21.410] [Render thread/INFO] [com.maxwell.cyber_ware_port.CyberWare/]: [CW-DBG] Pre fired
[219月2026 21:40:21.416] [Render thread/INFO] [com.maxwell.cyber_ware_port.CyberWare/]: [CW-DBG] Pre fired
[219月2026 21:40:21.426] [Render thread/INFO] [com.maxwell.cyber_ware_port.CyberWare/]: [CW-DBG] Pre fired
[219月2026 21:40:21.433] [Render thread/INFO] [com.maxwell.cyber_ware_port.CyberWare/]: [CW-DBG] Pre fired
[219月2026 21:40:21.441] [Render thread/INFO] [com.maxwell.cyber_ware_port.CyberWare/]: [CW-DBG] Pre fired
[219月2026 21:40:21.458] [Render thread/INFO] [com.maxwell.cyber_ware_port.CyberWare/]: [CW-DBG] Pre fired
[219月2026 21:40:21.466] [Render thread/INFO] [com.maxwell.cyber_ware_port.CyberWare/]: [CW-DBG] Pre fired
[219月2026 21:40:21.473] [Render thread/INFO] [com.maxwell.cyber_ware_port.CyberWare/]: [CW-DBG] Pre fired
[219月2026 21:40:21.482] [Render thread/INFO] [com.maxwell.cyber_ware_port.CyberWare/]: [CW-DBG] Pre fired
[219月2026 21:40:21.489] [Render thread/INFO] [com.maxwell.cyber_ware_port.CyberWare/]: [CW-DBG] Pre fired
[219月2026 21:40:21.498] [Render thread/INFO] [com.maxwell.cyber_ware_port.CyberWare/]: [CW-DBG] Pre fired
[219月2026 21:40:21.508] [Render thread/INFO] [com.maxwell.cyber_ware_port.CyberWare/]: [CW-DBG] Pre fired
[219月2026 21:40:21.521] [Render thread/INFO] [com.maxwell.cyber_ware_port.CyberWare/]: [CW-DBG] Pre fired
[219月2026 21:40:21.528] [Render thread/INFO] [com.maxwell.cyber_ware_port.CyberWare/]: [CW-DBG] Pre fired
[219月2026 21:40:21.537] [Render thread/INFO] [com.maxwell.cyber_ware_port.CyberWare/]: [CW-DBG] Pre fired
[219月2026 21:40:21.544] [Render thread/INFO] [com.maxwell.cyber_ware_port.CyberWare/]: [CW-DBG] Pre fired
[219月2026 21:40:21.554] [Render thread/INFO] [com.maxwell.cyber_ware_port.CyberWare/]: [CW-DBG] Pre fired
[219月2026 21:40:21.562] [Render thread/INFO] [com.maxwell.cyber_ware_port.CyberWare/]: [CW-DBG] Pre fired
[219月2026 21:40:21.571] [Render thread/INFO] [com.maxwell.cyber_ware_port.CyberWare/]: [CW-DBG] Pre fired
[219月2026 21:40:21.577] [Render thread/INFO] [com.maxwell.cyber_ware_port.CyberWare/]: [CW-DBG] Pre fired
[219月2026 21:40:21.586] [Render thread/INFO] [com.maxwell.cyber_ware_port.CyberWare/]: [CW-DBG] Pre fired
[219月2026 21:40:21.594] [Render thread/INFO] [com.maxwell.cyber_ware_port.CyberWare/]: [CW-DBG] Pre fired
[219月2026 21:40:21.606] [Render thread/INFO] [com.maxwell.cyber_ware_port.CyberWare/]: [CW-DBG] Pre fired
[219月2026 21:40:21.613] [Render thread/INFO] [com.maxwell.cyber_ware_port.CyberWare/]: [CW-DBG] Pre fired
[219月2026 21:40:21.622] [Render thread/INFO] [com.maxwell.cyber_ware_port.CyberWare/]: [CW-DBG] Pre fired
[219月2026 21:40:21.639] [Render thread/INFO] [com.maxwell.cyber_ware_port.CyberWare/]: [CW-DBG] Pre fired
[219月2026 21:40:21.646] [Render thread/INFO] [com.maxwell.cyber_ware_port.CyberWare/]: [CW-DBG] Pre fired
[219月2026 21:40:21.659] [Render thread/INFO] [com.maxwell.cyber_ware_port.CyberWare/]: [CW-DBG] Pre fired
[219月2026 21:40:21.664] [Render thread/INFO] [com.maxwell.cyber_ware_port.CyberWare/]: [CW-DBG] Pre fired
[219月2026 21:40:21.674] [Render thread/INFO] [com.maxwell.cyber_ware_port.CyberWare/]: [CW-DBG] Pre fired
[219月2026 21:40:21.682] [Render thread/INFO] [com.maxwell.cyber_ware_port.CyberWare/]: [CW-DBG] Pre fired
[219月2026 21:40:21.690] [Render thread/INFO] [com.maxwell.cyber_ware_port.CyberWare/]: [CW-DBG] Pre fired
[219月2026 21:40:21.700] [Render thread/INFO] [com.maxwell.cyber_ware_port.CyberWare/]: [CW-DBG] Pre fired
[219月2026 21:40:21.711] [Render thread/INFO] [com.maxwell.cyber_ware_port.CyberWare/]: [CW-DBG] Pre fired
[219月2026 21:40:21.718] [Render thread/INFO] [com.maxwell.cyber_ware_port.CyberWare/]: [CW-DBG] Pre fired
[219月2026 21:40:21.725] [Render thread/INFO] [com.maxwell.cyber_ware_port.CyberWare/]: [CW-DBG] Pre fired
[219月2026 21:40:21.733] [Render thread/INFO] [com.maxwell.cyber_ware_port.CyberWare/]: [CW-DBG] Pre fired
[219月2026 21:40:21.741] [Render thread/INFO] [com.maxwell.cyber_ware_port.CyberWare/]: [CW-DBG] Pre fired
[219月2026 21:40:21.750] [Render thread/INFO] [com.maxwell.cyber_ware_port.CyberWare/]: [CW-DBG] Pre fired
[219月2026 21:40:21.761] [Render thread/INFO] [com.maxwell.cyber_ware_port.CyberWare/]: [CW-DBG] Pre fired
[219月2026 21:40:21.767] [Render thread/INFO] [com.maxwell.cyber_ware_port.CyberWare/]: [CW-DBG] Pre fired
[219月2026 21:40:21.775] [Render thread/INFO] [com.maxwell.cyber_ware_port.CyberWare/]: [CW-DBG] Pre fired
[219月2026 21:40:21.784] [Render thread/INFO] [com.maxwell.cyber_ware_port.CyberWare/]: [CW-DBG] Pre fired
[219月2026 21:40:21.792] [Render thread/INFO] [com.maxwell.cyber_ware_port.CyberWare/]: [CW-DBG] Pre fired
[219月2026 21:40:21.800] [Render thread/INFO] [com.maxwell.cyber_ware_port.CyberWare/]: [CW-DBG] Pre fired
[219月2026 21:40:21.812] [Render thread/INFO] [com.maxwell.cyber_ware_port.CyberWare/]: [CW-DBG] Pre fired
[219月2026 21:40:21.817] [Render thread/INFO] [com.maxwell.cyber_ware_port.CyberWare/]: [CW-DBG] Pre fired
[219月2026 21:40:21.826] [Render thread/INFO] [com.maxwell.cyber_ware_port.CyberWare/]: [CW-DBG] Pre fired
[219月2026 21:40:21.835] [Render thread/INFO] [com.maxwell.cyber_ware_port.CyberWare/]: [CW-DBG] Pre fired
[219月2026 21:40:21.844] [Render thread/INFO] [com.maxwell.cyber_ware_port.CyberWare/]: [CW-DBG] Pre fired
[219月2026 21:40:21.854] [Render thread/INFO] [com.maxwell.cyber_ware_port.CyberWare/]: [CW-DBG] Pre fired
[219月2026 21:40:21.860] [Render thread/INFO] [com.maxwell.cyber_ware_port.CyberWare/]: [CW-DBG] Pre fired
[219月2026 21:40:21.868] [Render thread/INFO] [com.maxwell.cyber_ware_port.CyberWare/]: [CW-DBG] Pre fired
[219月2026 21:40:21.878] [Render thread/INFO] [com.maxwell.cyber_ware_port.CyberWare/]: [CW-DBG] Pre fired
[219月2026 21:40:21.887] [Render thread/INFO] [com.maxwell.cyber_ware_port.CyberWare/]: [CW-DBG] Pre fired
[219月2026 21:40:21.895] [Render thread/INFO] [com.maxwell.cyber_ware_port.CyberWare/]: [CW-DBG] Pre fired
[219月2026 21:40:21.906] [Render thread/INFO] [com.maxwell.cyber_ware_port.CyberWare/]: [CW-DBG] Pre fired
[219月2026 21:40:21.912] [Render thread/INFO] [com.maxwell.cyber_ware_port.CyberWare/]: [CW-DBG] Pre fired
[219月2026 21:40:21.919] [Render thread/INFO] [com.maxwell.cyber_ware_port.CyberWare/]: [CW-DBG] Pre fired
[219月2026 21:40:21.928] [Render thread/INFO] [com.maxwell.cyber_ware_port.CyberWare/]: [CW-DBG] Pre fired
[219月2026 21:40:21.937] [Render thread/INFO] [com.maxwell.cyber_ware_port.CyberWare/]: [CW-DBG] Pre fired
[219月2026 21:40:21.945] [Render thread/INFO] [com.maxwell.cyber_ware_port.CyberWare/]: [CW-DBG] Pre fired
[219月2026 21:40:21.956] [Render thread/INFO] [com.maxwell.cyber_ware_port.CyberWare/]: [CW-DBG] Pre fired
[219月2026 21:40:21.962] [Render thread/INFO] [com.maxwell.cyber_ware_port.CyberWare/]: [CW-DBG] Pre fired
[219月2026 21:40:21.970] [Render thread/INFO] [com.maxwell.cyber_ware_port.CyberWare/]: [CW-DBG] Pre fired
[219月2026 21:40:21.978] [Render thread/INFO] [com.maxwell.cyber_ware_port.CyberWare/]: [CW-DBG] Pre fired
[219月2026 21:40:21.987] [Render thread/INFO] [com.maxwell.cyber_ware_port.CyberWare/]: [CW-DBG] Pre fired
[219月2026 21:40:21.995] [Render thread/INFO] [com.maxwell.cyber_ware_port.CyberWare/]: [CW-DBG] Pre fired
[219月2026 21:40:22.006] [Render thread/INFO] [com.maxwell.cyber_ware_port.CyberWare/]: [CW-DBG] Pre fired
[219月2026 21:40:22.013] [Render thread/INFO] [com.maxwell.cyber_ware_port.CyberWare/]: [CW-DBG] Pre fired
[219月2026 21:40:22.021] [Render thread/INFO] [com.maxwell.cyber_ware_port.CyberWare/]: [CW-DBG] Pre fired
[219月2026 21:40:22.029] [Render thread/INFO] [com.maxwell.cyber_ware_port.CyberWare/]: [CW-DBG] Pre fired
[219月2026 21:40:22.038] [Render thread/INFO] [com.maxwell.cyber_ware_port.CyberWare/]: [CW-DBG] Pre fired
[219月2026 21:40:22.046] [Render thread/INFO] [com.maxwell.cyber_ware_port.CyberWare/]: [CW-DBG] Pre fired
[219月2026 21:40:22.057] [Render thread/INFO] [com.maxwell.cyber_ware_port.CyberWare/]: [CW-DBG] Pre fired
[219月2026 21:40:22.063] [Render thread/INFO] [com.maxwell.cyber_ware_port.CyberWare/]: [CW-DBG] Pre fired
[219月2026 21:40:22.071] [Render thread/INFO] [com.maxwell.cyber_ware_port.CyberWare/]: [CW-DBG] Pre fired
[219月2026 21:40:22.080] [Render thread/INFO] [com.maxwell.cyber_ware_port.CyberWare/]: [CW-DBG] Pre fired
[219月2026 21:40:22.088] [Render thread/INFO] [com.maxwell.cyber_ware_port.CyberWare/]: [CW-DBG] Pre fired
[219月2026 21:40:22.097] [Render thread/INFO] [com.maxwell.cyber_ware_port.CyberWare/]: [CW-DBG] Pre fired
[219月2026 21:40:22.108] [Render thread/INFO] [com.maxwell.cyber_ware_port.CyberWare/]: [CW-DBG] Pre fired
[219月2026 21:40:22.113] [Render thread/INFO] [com.maxwell.cyber_ware_port.CyberWare/]: [CW-DBG] Pre fired
[219月2026 21:40:22.122] [Render thread/INFO] [com.maxwell.cyber_ware_port.CyberWare/]: [CW-DBG] Pre fired
[219月2026 21:40:22.130] [Render thread/INFO] [com.maxwell.cyber_ware_port.CyberWare/]: [CW-DBG] Pre fired
[219月2026 21:40:22.139] [Render thread/INFO] [com.maxwell.cyber_ware_port.CyberWare/]: [CW-DBG] Pre fired
[219月2026 21:40:22.148] [Render thread/INFO] [com.maxwell.cyber_ware_port.CyberWare/]: [CW-DBG] Pre fired
[219月2026 21:40:22.160] [Render thread/INFO] [com.maxwell.cyber_ware_port.CyberWare/]: [CW-DBG] Pre fired
[219月2026 21:40:22.165] [Render thread/INFO] [com.maxwell.cyber_ware_port.CyberWare/]: [CW-DBG] Pre fired
[219月2026 21:40:22.173] [Render thread/INFO] [com.maxwell.cyber_ware_port.CyberWare/]: [CW-DBG] Pre fired
[219月2026 21:40:22.182] [Render thread/INFO] [com.maxwell.cyber_ware_port.CyberWare/]: [CW-DBG] Pre fired
[219月2026 21:40:22.190] [Render thread/INFO] [com.maxwell.cyber_ware_port.CyberWare/]: [CW-DBG] Pre fired
[219月2026 21:40:22.198] [Render thread/INFO] [com.maxwell.cyber_ware_port.CyberWare/]: [CW-DBG] Pre fired
[219月2026 21:40:22.210] [Render thread/INFO] [com.maxwell.cyber_ware_port.CyberWare/]: [CW-DBG] Pre fired
[219月2026 21:40:22.214] [Render thread/INFO] [com.maxwell.cyber_ware_port.CyberWare/]: [CW-DBG] Pre fired
[219月2026 21:40:22.224] [Render thread/INFO] [com.maxwell.cyber_ware_port.CyberWare/]: [CW-DBG] Pre fired
[219月2026 21:40:22.231] [Render thread/INFO] [com.maxwell.cyber_ware_port.CyberWare/]: [CW-DBG] Pre fired
[219月2026 21:40:22.242] [Render thread/INFO] [com.maxwell.cyber_ware_port.CyberWare/]: [CW-DBG] Pre fired
[219月2026 21:40:22.250] [Render thread/INFO] [com.maxwell.cyber_ware_port.CyberWare/]: [CW-DBG] Pre fired
[219月2026 21:40:22.260] [Render thread/INFO] [com.maxwell.cyber_ware_port.CyberWare/]: [CW-DBG] Pre fired
[219月2026 21:40:22.266] [Render thread/INFO] [com.maxwell.cyber_ware_port.CyberWare/]: [CW-DBG] Pre fired
[219月2026 21:40:22.275] [Render thread/INFO] [com.maxwell.cyber_ware_port.CyberWare/]: [CW-DBG] Pre fired
[219月2026 21:40:22.283] [Render thread/INFO] [com.maxwell.cyber_ware_port.CyberWare/]: [CW-DBG] Pre fired
[219月2026 21:40:22.292] [Render thread/INFO] [com.maxwell.cyber_ware_port.CyberWare/]: [CW-DBG] Pre fired
[219月2026 21:40:22.301] [Render thread/INFO] [com.maxwell.cyber_ware_port.CyberWare/]: [CW-DBG] Pre fired
[219月2026 21:40:22.312] [Render thread/INFO] [com.maxwell.cyber_ware_port.CyberWare/]: [CW-DBG] Pre fired
[219月2026 21:40:22.318] [Render thread/INFO] [com.maxwell.cyber_ware_port.CyberWare/]: [CW-DBG] Pre fired
[219月2026 21:40:22.326] [Render thread/INFO] [com.maxwell.cyber_ware_port.CyberWare/]: [CW-DBG] Pre fired
[219月2026 21:40:22.334] [Render thread/INFO] [com.maxwell.cyber_ware_port.CyberWare/]: [CW-DBG] Pre fired
[219月2026 21:40:22.343] [Render thread/INFO] [com.maxwell.cyber_ware_port.CyberWare/]: [CW-DBG] Pre fired
[219月2026 21:40:22.351] [Render thread/INFO] [com.maxwell.cyber_ware_port.CyberWare/]: [CW-DBG] Pre fired
[219月2026 21:40:22.362] [Render thread/INFO] [com.maxwell.cyber_ware_port.CyberWare/]: [CW-DBG] Pre fired
[219月2026 21:40:22.368] [Render thread/INFO] [com.maxwell.cyber_ware_port.CyberWare/]: [CW-DBG] Pre fired
[219月2026 21:40:22.376] [Render thread/INFO] [com.maxwell.cyber_ware_port.CyberWare/]: [CW-DBG] Pre fired
[219月2026 21:40:22.383] [Render thread/INFO] [com.maxwell.cyber_ware_port.CyberWare/]: [CW-DBG] Pre fired
[219月2026 21:40:22.393] [Render thread/INFO] [com.maxwell.cyber_ware_port.CyberWare/]: [CW-DBG] Pre fired
[219月2026 21:40:22.403] [Render thread/INFO] [com.maxwell.cyber_ware_port.CyberWare/]: [CW-DBG] Pre fired
[219月2026 21:40:22.410] [Render thread/INFO] [com.maxwell.cyber_ware_port.CyberWare/]: [CW-DBG] Pre fired
[219月2026 21:40:22.418] [Render thread/INFO] [com.maxwell.cyber_ware_port.CyberWare/]: [CW-DBG] Pre fired
[219月2026 21:40:22.426] [Render thread/INFO] [com.maxwell.cyber_ware_port.CyberWare/]: [CW-DBG] Pre fired
[219月2026 21:40:22.435] [Render thread/INFO] [com.maxwell.cyber_ware_port.CyberWare/]: [CW-DBG] Pre fired
[219月2026 21:40:22.442] [Render thread/INFO] [com.maxwell.cyber_ware_port.CyberWare/]: [CW-DBG] Pre fired
[219月2026 21:40:22.453] [Render thread/INFO] [com.maxwell.cyber_ware_port.CyberWare/]: [CW-DBG] Pre fired
[219月2026 21:40:22.460] [Render thread/INFO] [com.maxwell.cyber_ware_port.CyberWare/]: [CW-DBG] Pre fired
[219月2026 21:40:22.468] [Render thread/INFO] [com.maxwell.cyber_ware_port.CyberWare/]: [CW-DBG] Pre fired
[219月2026 21:40:22.477] [Render thread/INFO] [com.maxwell.cyber_ware_port.CyberWare/]: [CW-DBG] Pre fired
[219月2026 21:40:22.485] [Render thread/INFO] [com.maxwell.cyber_ware_port.CyberWare/]: [CW-DBG] Pre fired
[219月2026 21:40:22.492] [Render thread/INFO] [com.maxwell.cyber_ware_port.CyberWare/]: [CW-DBG] Pre fired
[219月2026 21:40:22.503] [Render thread/INFO] [com.maxwell.cyber_ware_port.CyberWare/]: [CW-DBG] Pre fired
[219月2026 21:40:22.508] [Render thread/INFO] [com.maxwell.cyber_ware_port.CyberWare/]: [CW-DBG] Pre fired
[219月2026 21:40:22.518] [Render thread/INFO] [com.maxwell.cyber_ware_port.CyberWare/]: [CW-DBG] Pre fired
[219月2026 21:40:22.526] [Render thread/INFO] [com.maxwell.cyber_ware_port.CyberWare/]: [CW-DBG] Pre fired
[219月2026 21:40:22.535] [Render thread/INFO] [com.maxwell.cyber_ware_port.CyberWare/]: [CW-DBG] Pre fired
[219月2026 21:40:22.543] [Render thread/INFO] [com.maxwell.cyber_ware_port.CyberWare/]: [CW-DBG] Pre fired
[219月2026 21:40:22.553] [Render thread/INFO] [com.maxwell.cyber_ware_port.CyberWare/]: [CW-DBG] Pre fired
[219月2026 21:40:22.560] [Render thread/INFO] [com.maxwell.cyber_ware_port.CyberWare/]: [CW-DBG] Pre fired
[219月2026 21:40:22.567] [Render thread/INFO] [com.maxwell.cyber_ware_port.CyberWare/]: [CW-DBG] Pre fired
[219月2026 21:40:22.576] [Render thread/INFO] [com.maxwell.cyber_ware_port.CyberWare/]: [CW-DBG] Pre fired
[219月2026 21:40:22.585] [Render thread/INFO] [com.maxwell.cyber_ware_port.CyberWare/]: [CW-DBG] Pre fired
[219月2026 21:40:22.593] [Render thread/INFO] [com.maxwell.cyber_ware_port.CyberWare/]: [CW-DBG] Pre fired
[219月2026 21:40:22.603] [Render thread/INFO] [com.maxwell.cyber_ware_port.CyberWare/]: [CW-DBG] Pre fired
[219月2026 21:40:22.610] [Render thread/INFO] [com.maxwell.cyber_ware_port.CyberWare/]: [CW-DBG] Pre fired
[219月2026 21:40:22.618] [Render thread/INFO] [com.maxwell.cyber_ware_port.CyberWare/]: [CW-DBG] Pre fired
[219月2026 21:40:22.627] [Render thread/INFO] [com.maxwell.cyber_ware_port.CyberWare/]: [CW-DBG] Pre fired
[219月2026 21:40:22.636] [Render thread/INFO] [com.maxwell.cyber_ware_port.CyberWare/]: [CW-DBG] Pre fired
[219月2026 21:40:22.643] [Render thread/INFO] [com.maxwell.cyber_ware_port.CyberWare/]: [CW-DBG] Pre fired
[219月2026 21:40:22.654] [Render thread/INFO] [com.maxwell.cyber_ware_port.CyberWare/]: [CW-DBG] Pre fired
[219月2026 21:40:22.660] [Render thread/INFO] [com.maxwell.cyber_ware_port.CyberWare/]: [CW-DBG] Pre fired
[219月2026 21:40:22.668] [Render thread/INFO] [com.maxwell.cyber_ware_port.CyberWare/]: [CW-DBG] Pre fired
[219月2026 21:40:22.677] [Render thread/INFO] [com.maxwell.cyber_ware_port.CyberWare/]: [CW-DBG] Pre fired
[219月2026 21:40:22.685] [Render thread/INFO] [com.maxwell.cyber_ware_port.CyberWare/]: [CW-DBG] Pre fired
[219月2026 21:40:22.694] [Render thread/INFO] [com.maxwell.cyber_ware_port.CyberWare/]: [CW-DBG] Pre fired
[219月2026 21:40:22.705] [Render thread/INFO] [com.maxwell.cyber_ware_port.CyberWare/]: [CW-DBG] Pre fired
[219月2026 21:40:22.712] [Render thread/INFO] [com.maxwell.cyber_ware_port.CyberWare/]: [CW-DBG] Pre fired
[219月2026 21:40:22.719] [Render thread/INFO] [com.maxwell.cyber_ware_port.CyberWare/]: [CW-DBG] Pre fired
[219月2026 21:40:22.727] [Render thread/INFO] [com.maxwell.cyber_ware_port.CyberWare/]: [CW-DBG] Pre fired
[219月2026 21:40:22.737] [Render thread/INFO] [com.maxwell.cyber_ware_port.CyberWare/]: [CW-DBG] Pre fired
[219月2026 21:40:22.744] [Render thread/INFO] [com.maxwell.cyber_ware_port.CyberWare/]: [CW-DBG] Pre fired
[219月2026 21:40:22.756] [Render thread/INFO] [com.maxwell.cyber_ware_port.CyberWare/]: [CW-DBG] Pre fired
[219月2026 21:40:22.761] [Render thread/INFO] [com.maxwell.cyber_ware_port.CyberWare/]: [CW-DBG] Pre fired
[219月2026 21:40:22.769] [Render thread/INFO] [com.maxwell.cyber_ware_port.CyberWare/]: [CW-DBG] Pre fired
[219月2026 21:40:22.778] [Render thread/INFO] [com.maxwell.cyber_ware_port.CyberWare/]: [CW-DBG] Pre fired
[219月2026 21:40:22.786] [Render thread/INFO] [com.maxwell.cyber_ware_port.CyberWare/]: [CW-DBG] Pre fired
[219月2026 21:40:22.794] [Render thread/INFO] [com.maxwell.cyber_ware_port.CyberWare/]: [CW-DBG] Pre fired
[219月2026 21:40:22.806] [Render thread/INFO] [com.maxwell.cyber_ware_port.CyberWare/]: [CW-DBG] Pre fired
[219月2026 21:40:22.812] [Render thread/INFO] [com.maxwell.cyber_ware_port.CyberWare/]: [CW-DBG] Pre fired
[219月2026 21:40:22.820] [Render thread/INFO] [com.maxwell.cyber_ware_port.CyberWare/]: [CW-DBG] Pre fired
[219月2026 21:40:22.828] [Render thread/INFO] [com.maxwell.cyber_ware_port.CyberWare/]: [CW-DBG] Pre fired
[219月2026 21:40:22.836] [Render thread/INFO] [com.maxwell.cyber_ware_port.CyberWare/]: [CW-DBG] Pre fired
[219月2026 21:40:22.844] [Render thread/INFO] [com.maxwell.cyber_ware_port.CyberWare/]: [CW-DBG] Pre fired
[219月2026 21:40:22.856] [Render thread/INFO] [com.maxwell.cyber_ware_port.CyberWare/]: [CW-DBG] Pre fired
[219月2026 21:40:22.862] [Render thread/INFO] [com.maxwell.cyber_ware_port.CyberWare/]: [CW-DBG] Pre fired
[219月2026 21:40:22.871] [Render thread/INFO] [com.maxwell.cyber_ware_port.CyberWare/]: [CW-DBG] Pre fired
[219月2026 21:40:22.878] [Render thread/INFO] [com.maxwell.cyber_ware_port.CyberWare/]: [CW-DBG] Pre fired
[219月2026 21:40:22.886] [Render thread/INFO] [com.maxwell.cyber_ware_port.CyberWare/]: [CW-DBG] Pre fired
[219月2026 21:40:22.895] [Render thread/INFO] [com.maxwell.cyber_ware_port.CyberWare/]: [CW-DBG] Pre fired
[219月2026 21:40:22.907] [Render thread/INFO] [com.maxwell.cyber_ware_port.CyberWare/]: [CW-DBG] Pre fired
[219月2026 21:40:22.913] [Render thread/INFO] [com.maxwell.cyber_ware_port.CyberWare/]: [CW-DBG] Pre fired
[219月2026 21:40:22.921] [Render thread/INFO] [com.maxwell.cyber_ware_port.CyberWare/]: [CW-DBG] Pre fired
[219月2026 21:40:22.928] [Render thread/INFO] [com.maxwell.cyber_ware_port.CyberWare/]: [CW-DBG] Pre fired
[219月2026 21:40:22.938] [Render thread/INFO] [com.maxwell.cyber_ware_port.CyberWare/]: [CW-DBG] Pre fired
[219月2026 21:40:22.946] [Render thread/INFO] [com.maxwell.cyber_ware_port.CyberWare/]: [CW-DBG] Pre fired
[219月2026 21:40:22.957] [Render thread/INFO] [com.maxwell.cyber_ware_port.CyberWare/]: [CW-DBG] Pre fired
[219月2026 21:40:22.963] [Render thread/INFO] [com.maxwell.cyber_ware_port.CyberWare/]: [CW-DBG] Pre fired
[219月2026 21:40:22.971] [Render thread/INFO] [com.maxwell.cyber_ware_port.CyberWare/]: [CW-DBG] Pre fired
[219月2026 21:40:22.979] [Render thread/INFO] [com.maxwell.cyber_ware_port.CyberWare/]: [CW-DBG] Pre fired
[219月2026 21:40:22.988] [Render thread/INFO] [com.maxwell.cyber_ware_port.CyberWare/]: [CW-DBG] Pre fired
[219月2026 21:40:22.996] [Render thread/INFO] [com.maxwell.cyber_ware_port.CyberWare/]: [CW-DBG] Pre fired
[219月2026 21:40:23.007] [Render thread/INFO] [com.maxwell.cyber_ware_port.CyberWare/]: [CW-DBG] Pre fired
[219月2026 21:40:23.013] [Render thread/INFO] [com.maxwell.cyber_ware_port.CyberWare/]: [CW-DBG] Pre fired
[219月2026 21:40:23.021] [Render thread/INFO] [com.maxwell.cyber_ware_port.CyberWare/]: [CW-DBG] Pre fired
[219月2026 21:40:23.029] [Render thread/INFO] [com.maxwell.cyber_ware_port.CyberWare/]: [CW-DBG] Pre fired
[219月2026 21:40:23.038] [Render thread/INFO] [com.maxwell.cyber_ware_port.CyberWare/]: [CW-DBG] Pre fired
[219月2026 21:40:23.047] [Render thread/INFO] [com.maxwell.cyber_ware_port.CyberWare/]: [CW-DBG] Pre fired
[219月2026 21:40:23.057] [Render thread/INFO] [com.maxwell.cyber_ware_port.CyberWare/]: [CW-DBG] Pre fired
[219月2026 21:40:23.063] [Render thread/INFO] [com.maxwell.cyber_ware_port.CyberWare/]: [CW-DBG] Pre fired
[219月2026 21:40:23.072] [Render thread/INFO] [com.maxwell.cyber_ware_port.CyberWare/]: [CW-DBG] Pre fired
[219月2026 21:40:23.081] [Render thread/INFO] [com.maxwell.cyber_ware_port.CyberWare/]: [CW-DBG] Pre fired
[219月2026 21:40:23.090] [Render thread/INFO] [com.maxwell.cyber_ware_port.CyberWare/]: [CW-DBG] Pre fired
[219月2026 21:40:23.098] [Render thread/INFO] [com.maxwell.cyber_ware_port.CyberWare/]: [CW-DBG] Pre fired
[219月2026 21:40:23.109] [Render thread/INFO] [com.maxwell.cyber_ware_port.CyberWare/]: [CW-DBG] Pre fired
[219月2026 21:40:23.114] [Render thread/INFO] [com.maxwell.cyber_ware_port.CyberWare/]: [CW-DBG] Pre fired
[219月2026 21:40:23.122] [Render thread/INFO] [com.maxwell.cyber_ware_port.CyberWare/]: [CW-DBG] Pre fired
[219月2026 21:40:23.132] [Render thread/INFO] [com.maxwell.cyber_ware_port.CyberWare/]: [CW-DBG] Pre fired
[219月2026 21:40:23.139] [Render thread/INFO] [com.maxwell.cyber_ware_port.CyberWare/]: [CW-DBG] Pre fired
[219月2026 21:40:23.147] [Render thread/INFO] [com.maxwell.cyber_ware_port.CyberWare/]: [CW-DBG] Pre fired
[219月2026 21:40:23.159] [Render thread/INFO] [com.maxwell.cyber_ware_port.CyberWare/]: [CW-DBG] Pre fired
[219月2026 21:40:23.164] [Render thread/INFO] [com.maxwell.cyber_ware_port.CyberWare/]: [CW-DBG] Pre fired
[219月2026 21:40:23.174] [Render thread/INFO] [com.maxwell.cyber_ware_port.CyberWare/]: [CW-DBG] Pre fired
[219月2026 21:40:23.182] [Render thread/INFO] [com.maxwell.cyber_ware_port.CyberWare/]: [CW-DBG] Pre fired
[219月2026 21:40:23.190] [Render thread/INFO] [com.maxwell.cyber_ware_port.CyberWare/]: [CW-DBG] Pre fired
[219月2026 21:40:23.199] [Render thread/INFO] [com.maxwell.cyber_ware_port.CyberWare/]: [CW-DBG] Pre fired
[219月2026 21:40:23.208] [Render thread/INFO] [com.maxwell.cyber_ware_port.CyberWare/]: [CW-DBG] Pre fired
[219月2026 21:40:23.215] [Render thread/INFO] [com.maxwell.cyber_ware_port.CyberWare/]: [CW-DBG] Pre fired
[219月2026 21:40:23.223] [Render thread/INFO] [com.maxwell.cyber_ware_port.CyberWare/]: [CW-DBG] Pre fired
[219月2026 21:40:23.232] [Render thread/INFO] [com.maxwell.cyber_ware_port.CyberWare/]: [CW-DBG] Pre fired
[219月2026 21:40:23.239] [Render thread/INFO] [com.maxwell.cyber_ware_port.CyberWare/]: [CW-DBG] Pre fired
[219月2026 21:40:23.249] [Render thread/INFO] [com.maxwell.cyber_ware_port.CyberWare/]: [CW-DBG] Pre fired
[219月2026 21:40:23.259] [Render thread/INFO] [com.maxwell.cyber_ware_port.CyberWare/]: [CW-DBG] Pre fired
[219月2026 21:40:23.265] [Render thread/INFO] [com.maxwell.cyber_ware_port.CyberWare/]: [CW-DBG] Pre fired
[219月2026 21:40:23.274] [Render thread/INFO] [com.maxwell.cyber_ware_port.CyberWare/]: [CW-DBG] Pre fired
[219月2026 21:40:23.282] [Render thread/INFO] [com.maxwell.cyber_ware_port.CyberWare/]: [CW-DBG] Pre fired
[219月2026 21:40:23.290] [Render thread/INFO] [com.maxwell.cyber_ware_port.CyberWare/]: [CW-DBG] Pre fired
[219月2026 21:40:23.298] [Render thread/INFO] [com.maxwell.cyber_ware_port.CyberWare/]: [CW-DBG] Pre fired
[219月2026 21:40:23.309] [Render thread/INFO] [com.maxwell.cyber_ware_port.CyberWare/]: [CW-DBG] Pre fired
[219月2026 21:40:23.314] [Render thread/INFO] [com.maxwell.cyber_ware_port.CyberWare/]: [CW-DBG] Pre fired
[219月2026 21:40:23.324] [Render thread/INFO] [com.maxwell.cyber_ware_port.CyberWare/]: [CW-DBG] Pre fired
[219月2026 21:40:23.332] [Render thread/INFO] [com.maxwell.cyber_ware_port.CyberWare/]: [CW-DBG] Pre fired
[219月2026 21:40:23.340] [Render thread/INFO] [com.maxwell.cyber_ware_port.CyberWare/]: [CW-DBG] Pre fired
[219月2026 21:40:23.348] [Render thread/INFO] [com.maxwell.cyber_ware_port.CyberWare/]: [CW-DBG] Pre fired
[219月2026 21:40:23.359] [Render thread/INFO] [com.maxwell.cyber_ware_port.CyberWare/]: [CW-DBG] Pre fired
[219月2026 21:40:23.366] [Render thread/INFO] [com.maxwell.cyber_ware_port.CyberWare/]: [CW-DBG] Pre fired
[219月2026 21:40:23.374] [Render thread/INFO] [com.maxwell.cyber_ware_port.CyberWare/]: [CW-DBG] Pre fired
[219月2026 21:40:23.382] [Render thread/INFO] [com.maxwell.cyber_ware_port.CyberWare/]: [CW-DBG] Pre fired
[219月2026 21:40:23.391] [Render thread/INFO] [com.maxwell.cyber_ware_port.CyberWare/]: [CW-DBG] Pre fired
[219月2026 21:40:23.399] [Render thread/INFO] [com.maxwell.cyber_ware_port.CyberWare/]: [CW-DBG] Pre fired
[219月2026 21:40:23.410] [Render thread/INFO] [com.maxwell.cyber_ware_port.CyberWare/]: [CW-DBG] Pre fired
[219月2026 21:40:23.416] [Render thread/INFO] [com.maxwell.cyber_ware_port.CyberWare/]: [CW-DBG] Pre fired
[219月2026 21:40:23.426] [Render thread/INFO] [com.maxwell.cyber_ware_port.CyberWare/]: [CW-DBG] Pre fired
[219月2026 21:40:23.433] [Render thread/INFO] [com.maxwell.cyber_ware_port.CyberWare/]: [CW-DBG] Pre fired
[219月2026 21:40:23.443] [Render thread/INFO] [com.maxwell.cyber_ware_port.CyberWare/]: [CW-DBG] Pre fired
[219月2026 21:40:23.452] [Render thread/INFO] [com.maxwell.cyber_ware_port.CyberWare/]: [CW-DBG] Pre fired
[219月2026 21:40:23.459] [Render thread/INFO] [com.maxwell.cyber_ware_port.CyberWare/]: [CW-DBG] Pre fired
[219月2026 21:40:23.467] [Render thread/INFO] [com.maxwell.cyber_ware_port.CyberWare/]: [CW-DBG] Pre fired
[219月2026 21:40:23.477] [Render thread/INFO] [com.maxwell.cyber_ware_port.CyberWare/]: [CW-DBG] Pre fired
[219月2026 21:40:23.484] [Render thread/INFO] [com.maxwell.cyber_ware_port.CyberWare/]: [CW-DBG] Pre fired
[219月2026 21:40:23.493] [Render thread/INFO] [com.maxwell.cyber_ware_port.CyberWare/]: [CW-DBG] Pre fired
[219月2026 21:40:23.504] [Render thread/INFO] [com.maxwell.cyber_ware_port.CyberWare/]: [CW-DBG] Pre fired
[219月2026 21:40:23.510] [Render thread/INFO] [com.maxwell.cyber_ware_port.CyberWare/]: [CW-DBG] Pre fired
[219月2026 21:40:23.519] [Render thread/INFO] [com.maxwell.cyber_ware_port.CyberWare/]: [CW-DBG] Pre fired
[219月2026 21:40:23.526] [Render thread/INFO] [com.maxwell.cyber_ware_port.CyberWare/]: [CW-DBG] Pre fired
[219月2026 21:40:23.535] [Render thread/INFO] [com.maxwell.cyber_ware_port.CyberWare/]: [CW-DBG] Pre fired
[219月2026 21:40:23.543] [Render thread/INFO] [com.maxwell.cyber_ware_port.CyberWare/]: [CW-DBG] Pre fired
[219月2026 21:40:23.554] [Render thread/INFO] [com.maxwell.cyber_ware_port.CyberWare/]: [CW-DBG] Pre fired
[219月2026 21:40:23.561] [Render thread/INFO] [com.maxwell.cyber_ware_port.CyberWare/]: [CW-DBG] Pre fired
[219月2026 21:40:23.569] [Render thread/INFO] [com.maxwell.cyber_ware_port.CyberWare/]: [CW-DBG] Pre fired
[219月2026 21:40:23.578] [Render thread/INFO] [com.maxwell.cyber_ware_port.CyberWare/]: [CW-DBG] Pre fired
[219月2026 21:40:23.587] [Render thread/INFO] [com.maxwell.cyber_ware_port.CyberWare/]: [CW-DBG] Pre fired
[219月2026 21:40:23.594] [Render thread/INFO] [com.maxwell.cyber_ware_port.CyberWare/]: [CW-DBG] Pre fired
[219月2026 21:40:23.606] [Render thread/INFO] [com.maxwell.cyber_ware_port.CyberWare/]: [CW-DBG] Pre fired
[219月2026 21:40:23.613] [Render thread/INFO] [com.maxwell.cyber_ware_port.CyberWare/]: [CW-DBG] Pre fired
[219月2026 21:40:23.621] [Render thread/INFO] [com.maxwell.cyber_ware_port.CyberWare/]: [CW-DBG] Pre fired
[219月2026 21:40:23.629] [Render thread/INFO] [com.maxwell.cyber_ware_port.CyberWare/]: [CW-DBG] Pre fired
[219月2026 21:40:23.638] [Render thread/INFO] [com.maxwell.cyber_ware_port.CyberWare/]: [CW-DBG] Pre fired
[219月2026 21:40:23.644] [Render thread/INFO] [com.maxwell.cyber_ware_port.CyberWare/]: [CW-DBG] Pre fired
[219月2026 21:40:23.656] [Render thread/INFO] [com.maxwell.cyber_ware_port.CyberWare/]: [CW-DBG] Pre fired
[219月2026 21:40:23.662] [Render thread/INFO] [com.maxwell.cyber_ware_port.CyberWare/]: [CW-DBG] Pre fired
[219月2026 21:40:23.671] [Render thread/INFO] [com.maxwell.cyber_ware_port.CyberWare/]: [CW-DBG] Pre fired
[219月2026 21:40:23.679] [Render thread/INFO] [com.maxwell.cyber_ware_port.CyberWare/]: [CW-DBG] Pre fired
[219月2026 21:40:23.689] [Render thread/INFO] [com.maxwell.cyber_ware_port.CyberWare/]: [CW-DBG] Pre fired
[219月2026 21:40:23.697] [Render thread/INFO] [com.maxwell.cyber_ware_port.CyberWare/]: [CW-DBG] Pre fired
[219月2026 21:40:23.707] [Render thread/INFO] [com.maxwell.cyber_ware_port.CyberWare/]: [CW-DBG] Pre fired
[219月2026 21:40:23.714] [Render thread/INFO] [com.maxwell.cyber_ware_port.CyberWare/]: [CW-DBG] Pre fired
[219月2026 21:40:23.722] [Render thread/INFO] [com.maxwell.cyber_ware_port.CyberWare/]: [CW-DBG] Pre fired
[219月2026 21:40:23.730] [Render thread/INFO] [com.maxwell.cyber_ware_port.CyberWare/]: [CW-DBG] Pre fired
[219月2026 21:40:23.738] [Render thread/INFO] [com.maxwell.cyber_ware_port.CyberWare/]: [CW-DBG] Pre fired
[219月2026 21:40:23.747] [Render thread/INFO] [com.maxwell.cyber_ware_port.CyberWare/]: [CW-DBG] Pre fired
[219月2026 21:40:23.758] [Render thread/INFO] [com.maxwell.cyber_ware_port.CyberWare/]: [CW-DBG] Pre fired
[219月2026 21:40:23.764] [Render thread/INFO] [com.maxwell.cyber_ware_port.CyberWare/]: [CW-DBG] Pre fired
[219月2026 21:40:23.772] [Render thread/INFO] [com.maxwell.cyber_ware_port.CyberWare/]: [CW-DBG] Pre fired
[219月2026 21:40:23.781] [Render thread/INFO] [com.maxwell.cyber_ware_port.CyberWare/]: [CW-DBG] Pre fired
[219月2026 21:40:23.789] [Render thread/INFO] [com.maxwell.cyber_ware_port.CyberWare/]: [CW-DBG] Pre fired
[219月2026 21:40:23.798] [Render thread/INFO] [com.maxwell.cyber_ware_port.CyberWare/]: [CW-DBG] Pre fired
[219月2026 21:40:23.809] [Render thread/INFO] [com.maxwell.cyber_ware_port.CyberWare/]: [CW-DBG] Pre fired
[219月2026 21:40:23.814] [Render thread/INFO] [com.maxwell.cyber_ware_port.CyberWare/]: [CW-DBG] Pre fired
[219月2026 21:40:23.823] [Render thread/INFO] [com.maxwell.cyber_ware_port.CyberWare/]: [CW-DBG] Pre fired
[219月2026 21:40:23.831] [Render thread/INFO] [com.maxwell.cyber_ware_port.CyberWare/]: [CW-DBG] Pre fired
[219月2026 21:40:23.840] [Render thread/INFO] [com.maxwell.cyber_ware_port.CyberWare/]: [CW-DBG] Pre fired
[219月2026 21:40:23.848] [Render thread/INFO] [com.maxwell.cyber_ware_port.CyberWare/]: [CW-DBG] Pre fired
[219月2026 21:40:23.858] [Render thread/INFO] [com.maxwell.cyber_ware_port.CyberWare/]: [CW-DBG] Pre fired
[219月2026 21:40:23.859] [Render thread/INFO] [com.maxwell.cyber_ware_port.CyberWare/]: [CW-DBG] Layer: headVis=true bodyVis=true lArmVis=true lLegVis=true
[219月2026 21:40:23.865] [Render thread/INFO] [com.maxwell.cyber_ware_port.CyberWare/]: [CW-DBG] Pre fired
[219月2026 21:40:23.865] [Render thread/INFO] [com.maxwell.cyber_ware_port.CyberWare/]: [CW-DBG] Layer: headVis=true bodyVis=true lArmVis=true lLegVis=true
[219月2026 21:40:23.874] [Render thread/INFO] [com.maxwell.cyber_ware_port.CyberWare/]: [CW-DBG] Pre fired
[219月2026 21:40:23.874] [Render thread/INFO] [com.maxwell.cyber_ware_port.CyberWare/]: [CW-DBG] Layer: headVis=true bodyVis=true lArmVis=true lLegVis=true
[219月2026 21:40:23.882] [Render thread/INFO] [com.maxwell.cyber_ware_port.CyberWare/]: [CW-DBG] Pre fired
[219月2026 21:40:23.882] [Render thread/INFO] [com.maxwell.cyber_ware_port.CyberWare/]: [CW-DBG] Layer: headVis=true bodyVis=true lArmVis=true lLegVis=true
[219月2026 21:40:23.890] [Render thread/INFO] [com.maxwell.cyber_ware_port.CyberWare/]: [CW-DBG] Pre fired
[219月2026 21:40:23.890] [Render thread/INFO] [com.maxwell.cyber_ware_port.CyberWare/]: [CW-DBG] Layer: headVis=true bodyVis=true lArmVis=true lLegVis=true
[219月2026 21:40:23.899] [Render thread/INFO] [com.maxwell.cyber_ware_port.CyberWare/]: [CW-DBG] Pre fired
[219月2026 21:40:23.899] [Render thread/INFO] [com.maxwell.cyber_ware_port.CyberWare/]: [CW-DBG] Layer: headVis=true bodyVis=true lArmVis=true lLegVis=true
[219月2026 21:40:23.910] [Render thread/INFO] [com.maxwell.cyber_ware_port.CyberWare/]: [CW-DBG] Pre fired
[219月2026 21:40:23.918] [Render thread/INFO] [com.maxwell.cyber_ware_port.CyberWare/]: [CW-DBG] Pre fired
[219月2026 21:40:23.919] [Server thread/ERROR] [net.minecraft.world.level.chunk.storage.ChunkSerializer/]: Recoverable errors when loading section [38, -3, -6]: (Unknown registry key in ResourceKey[minecraft:root / minecraft:block]: gtceu:tuff_redstone_ore -> using default); (Unknown registry key in ResourceKey[minecraft:root / minecraft:block]: gtceu:deepslate_redstone_ore -> using default); (Unknown registry key in ResourceKey[minecraft:root / minecraft:block]: gtceu:tuff_cinnabar_ore -> using default)
[219月2026 21:40:23.919] [Server thread/ERROR] [net.minecraft.world.level.chunk.storage.ChunkSerializer/]: Recoverable errors when loading section [38, -2, -6]: (Unknown registry key in ResourceKey[minecraft:root / minecraft:block]: gtceu:deepslate_ruby_ore -> using default); (Unknown registry key in ResourceKey[minecraft:root / minecraft:block]: gtceu:deepslate_cinnabar_ore -> using default); (Unknown registry key in ResourceKey[minecraft:root / minecraft:block]: gtceu:tuff_ruby_ore -> using default); (Unknown registry key in ResourceKey[minecraft:root / minecraft:block]: gtceu:tuff_redstone_ore -> using default); (Unknown registry key in ResourceKey[minecraft:root / minecraft:block]: gtceu:deepslate_redstone_ore -> using default)
[219月2026 21:40:23.920] [Server thread/ERROR] [net.minecraft.world.level.chunk.storage.ChunkSerializer/]: Recoverable errors when loading section [38, -1, -6]: (Unknown registry key in ResourceKey[minecraft:root / minecraft:block]: gtceu:deepslate_redstone_ore -> using default); (Unknown registry key in ResourceKey[minecraft:root / minecraft:block]: gtceu:deepslate_ruby_ore -> using default)
[219月2026 21:40:23.920] [Server thread/ERROR] [net.minecraft.world.level.chunk.storage.ChunkSerializer/]: Recoverable errors when loading section [38, 1, -6]: (Unknown registry key in ResourceKey[minecraft:root / minecraft:block]: gtceu:realgar_ore -> using default); (Unknown registry key in ResourceKey[minecraft:root / minecraft:block]: gtceu:cassiterite_ore -> using default); (Unknown registry key in ResourceKey[minecraft:root / minecraft:block]: gtceu:zeolite_ore -> using default); (Unknown registry key in ResourceKey[minecraft:root / minecraft:block]: gtceu:chalcopyrite_ore -> using default)
[219月2026 21:40:23.920] [Server thread/ERROR] [net.minecraft.world.level.chunk.storage.ChunkSerializer/]: Recoverable errors when loading section [38, 2, -6]: (Unknown registry key in ResourceKey[minecraft:root / minecraft:block]: gtceu:andesite_cassiterite_ore -> using default); (Unknown registry key in ResourceKey[minecraft:root / minecraft:block]: gtceu:andesite_zeolite_ore -> using default); (Unknown registry key in ResourceKey[minecraft:root / minecraft:block]: gtceu:andesite_chalcopyrite_ore -> using default)
[219月2026 21:40:23.920] [Server thread/ERROR] [net.minecraft.world.level.chunk.storage.ChunkSerializer/]: Recoverable errors when loading section [38, 4, -6]: (Unknown registry key in ResourceKey[minecraft:root / minecraft:block]: gtceu:chalcopyrite_indicator -> using default)
[219月2026 21:40:23.921] [Server thread/ERROR] [net.minecraft.world.level.chunk.storage.ChunkSerializer/]: Recoverable errors when loading section [39, -3, -6]: (Unknown registry key in ResourceKey[minecraft:root / minecraft:block]: gtceu:tuff_redstone_ore -> using default); (Unknown registry key in ResourceKey[minecraft:root / minecraft:block]: gtceu:tuff_cinnabar_ore -> using default); (Unknown registry key in ResourceKey[minecraft:root / minecraft:block]: gtceu:tuff_ruby_ore -> using default); (Unknown registry key in ResourceKey[minecraft:root / minecraft:block]: gtceu:deepslate_cinnabar_ore -> using default); (Unknown registry key in ResourceKey[minecraft:root / minecraft:block]: gtceu:deepslate_ruby_ore -> using default); (Unknown registry key in ResourceKey[minecraft:root / minecraft:block]: gtceu:deepslate_redstone_ore -> using default)
[219月2026 21:40:23.921] [Server thread/ERROR] [net.minecraft.world.level.chunk.storage.ChunkSerializer/]: Recoverable errors when loading section [39, -2, -6]: (Unknown registry key in ResourceKey[minecraft:root / minecraft:block]: gtceu:tuff_cinnabar_ore -> using default); (Unknown registry key in ResourceKey[minecraft:root / minecraft:block]: gtceu:deepslate_cinnabar_ore -> using default); (Unknown registry key in ResourceKey[minecraft:root / minecraft:block]: gtceu:tuff_ruby_ore -> using default); (Unknown registry key in ResourceKey[minecraft:root / minecraft:block]: gtceu:deepslate_ruby_ore -> using default); (Unknown registry key in ResourceKey[minecraft:root / minecraft:block]: gtceu:tuff_redstone_ore -> using default); (Unknown registry key in ResourceKey[minecraft:root / minecraft:block]: gtceu:deepslate_redstone_ore -> using default)
[219月2026 21:40:23.921] [Server thread/ERROR] [net.minecraft.world.level.chunk.storage.ChunkSerializer/]: Recoverable errors when loading section [39, -1, -6]: (Unknown registry key in ResourceKey[minecraft:root / minecraft:block]: gtceu:deepslate_cinnabar_ore -> using default); (Unknown registry key in ResourceKey[minecraft:root / minecraft:block]: gtceu:deepslate_redstone_ore -> using default); (Unknown registry key in ResourceKey[minecraft:root / minecraft:block]: gtceu:deepslate_ruby_ore -> using default)
[219月2026 21:40:23.921] [Server thread/ERROR] [net.minecraft.world.level.chunk.storage.ChunkSerializer/]: Recoverable errors when loading section [39, 0, -6]: (Unknown registry key in ResourceKey[minecraft:root / minecraft:block]: gtceu:granite_zeolite_ore -> using default)
[219月2026 21:40:23.922] [Server thread/ERROR] [net.minecraft.world.level.chunk.storage.ChunkSerializer/]: Recoverable errors when loading section [39, 1, -6]: (Unknown registry key in ResourceKey[minecraft:root / minecraft:block]: gtceu:diorite_cassiterite_ore -> using default); (Unknown registry key in ResourceKey[minecraft:root / minecraft:block]: gtceu:andesite_cassiterite_ore -> using default); (Unknown registry key in ResourceKey[minecraft:root / minecraft:block]: gtceu:andesite_zeolite_ore -> using default); (Unknown registry key in ResourceKey[minecraft:root / minecraft:block]: gtceu:diorite_chalcopyrite_ore -> using default); (Unknown registry key in ResourceKey[minecraft:root / minecraft:block]: gtceu:cassiterite_ore -> using default); (Unknown registry key in ResourceKey[minecraft:root / minecraft:block]: gtceu:andesite_realgar_ore -> using default); (Unknown registry key in ResourceKey[minecraft:root / minecraft:block]: gtceu:andesite_chalcopyrite_ore -> using default); (Unknown registry key in ResourceKey[minecraft:root / minecraft:block]: gtceu:chalcopyrite_ore -> using default); (Unknown registry key in ResourceKey[minecraft:root / minecraft:block]: gtceu:realgar_ore -> using default); (Unknown registry key in ResourceKey[minecraft:root / minecraft:block]: gtceu:zeolite_ore -> using default); (Unknown registry key in ResourceKey[minecraft:root / minecraft:block]: gtceu:granite_realgar_ore -> using default); (Unknown registry key in ResourceKey[minecraft:root / minecraft:block]: gtceu:granite_cassiterite_ore -> using default); (Unknown registry key in ResourceKey[minecraft:root / minecraft:block]: gtceu:granite_zeolite_ore -> using default); (Unknown registry key in ResourceKey[minecraft:root / minecraft:block]: gtceu:granite_chalcopyrite_ore -> using default)
[219月2026 21:40:23.922] [Server thread/ERROR] [net.minecraft.world.level.chunk.storage.ChunkSerializer/]: Recoverable errors when loading section [39, 2, -6]: (Unknown registry key in ResourceKey[minecraft:root / minecraft:block]: gtceu:realgar_ore -> using default); (Unknown registry key in ResourceKey[minecraft:root / minecraft:block]: gtceu:cassiterite_ore -> using default); (Unknown registry key in ResourceKey[minecraft:root / minecraft:block]: gtceu:chalcopyrite_ore -> using default); (Unknown registry key in ResourceKey[minecraft:root / minecraft:block]: gtceu:zeolite_ore -> using default); (Unknown registry key in ResourceKey[minecraft:root / minecraft:block]: gtceu:diorite_zeolite_ore -> using default); (Unknown registry key in ResourceKey[minecraft:root / minecraft:block]: gtceu:diorite_cassiterite_ore -> using default); (Unknown registry key in ResourceKey[minecraft:root / minecraft:block]: gtceu:andesite_zeolite_ore -> using default); (Unknown registry key in ResourceKey[minecraft:root / minecraft:block]: gtceu:diorite_chalcopyrite_ore -> using default); (Unknown registry key in ResourceKey[minecraft:root / minecraft:block]: gtceu:diorite_realgar_ore -> using default); (Unknown registry key in ResourceKey[minecraft:root / minecraft:block]: gtceu:andesite_chalcopyrite_ore -> using default); (Unknown registry key in ResourceKey[minecraft:root / minecraft:block]: gtceu:andesite_realgar_ore -> using default); (Unknown registry key in ResourceKey[minecraft:root / minecraft:block]: gtceu:andesite_cassiterite_ore -> using default)
[219月2026 21:40:23.922] [Server thread/ERROR] [net.minecraft.world.level.chunk.storage.ChunkSerializer/]: Recoverable errors when loading section [39, 4, -6]: (Unknown registry key in ResourceKey[minecraft:root / minecraft:block]: gtceu:chalcopyrite_indicator -> using default)
[219月2026 21:40:23.925] [Render thread/INFO] [com.maxwell.cyber_ware_port.CyberWare/]: [CW-DBG] Pre fired
[219月2026 21:40:23.933] [Render thread/INFO] [com.maxwell.cyber_ware_port.CyberWare/]: [CW-DBG] Pre fired
[219月2026 21:40:23.934] [Server thread/ERROR] [net.minecraft.world.level.chunk.storage.ChunkSerializer/]: Recoverable errors when loading section [40, -3, -6]: (Unknown registry key in ResourceKey[minecraft:root / minecraft:block]: gtceu:deepslate_cinnabar_ore -> using default); (Unknown registry key in ResourceKey[minecraft:root / minecraft:block]: gtceu:deepslate_ruby_ore -> using default); (Unknown registry key in ResourceKey[minecraft:root / minecraft:block]: gtceu:deepslate_redstone_ore -> using default)
[219月2026 21:40:23.935] [Server thread/ERROR] [net.minecraft.world.level.chunk.storage.ChunkSerializer/]: Recoverable errors when loading section [40, -2, -6]: (Unknown registry key in ResourceKey[minecraft:root / minecraft:block]: gtceu:tuff_cinnabar_ore -> using default); (Unknown registry key in ResourceKey[minecraft:root / minecraft:block]: gtceu:tuff_redstone_ore -> using default); (Unknown registry key in ResourceKey[minecraft:root / minecraft:block]: gtceu:deepslate_cinnabar_ore -> using default); (Unknown registry key in ResourceKey[minecraft:root / minecraft:block]: gtceu:deepslate_ruby_ore -> using default); (Unknown registry key in ResourceKey[minecraft:root / minecraft:block]: gtceu:deepslate_redstone_ore -> using default)
[219月2026 21:40:23.935] [Server thread/ERROR] [net.minecraft.world.level.chunk.storage.ChunkSerializer/]: Recoverable errors when loading section [40, -1, -6]: (Unknown registry key in ResourceKey[minecraft:root / minecraft:block]: gtceu:tuff_cinnabar_ore -> using default); (Unknown registry key in ResourceKey[minecraft:root / minecraft:block]: gtceu:deepslate_cinnabar_ore -> using default); (Unknown registry key in ResourceKey[minecraft:root / minecraft:block]: gtceu:tuff_redstone_ore -> using default); (Unknown registry key in ResourceKey[minecraft:root / minecraft:block]: gtceu:deepslate_redstone_ore -> using default); (Unknown registry key in ResourceKey[minecraft:root / minecraft:block]: gtceu:tuff_ruby_ore -> using default); (Unknown registry key in ResourceKey[minecraft:root / minecraft:block]: gtceu:deepslate_ruby_ore -> using default)
[219月2026 21:40:23.936] [Server thread/ERROR] [net.minecraft.world.level.chunk.storage.ChunkSerializer/]: Recoverable errors when loading section [40, 1, -6]: (Unknown registry key in ResourceKey[minecraft:root / minecraft:block]: gtceu:cassiterite_sand_ore -> using default)
[219月2026 21:40:23.936] [Server thread/ERROR] [net.minecraft.world.level.chunk.storage.ChunkSerializer/]: Recoverable errors when loading section [40, 2, -6]: (Unknown registry key in ResourceKey[minecraft:root / minecraft:block]: gtceu:chalcopyrite_ore -> using default); (Unknown registry key in ResourceKey[minecraft:root / minecraft:block]: gtceu:cassiterite_ore -> using default); (Unknown registry key in ResourceKey[minecraft:root / minecraft:block]: gtceu:realgar_ore -> using default); (Unknown registry key in ResourceKey[minecraft:root / minecraft:block]: gtceu:asbestos_ore -> using default); (Unknown registry key in ResourceKey[minecraft:root / minecraft:block]: gtceu:cassiterite_sand_ore -> using default)
[219月2026 21:40:23.936] [Server thread/ERROR] [net.minecraft.world.level.chunk.storage.ChunkSerializer/]: Recoverable errors when loading section [40, 4, -6]: (Unknown registry key in ResourceKey[minecraft:root / minecraft:block]: gtceu:rubber_leaves -> using default); (Unknown registry key in ResourceKey[minecraft:root / minecraft:block]: gtceu:rubber_leaves -> using default); (Unknown registry key in ResourceKey[minecraft:root / minecraft:block]: gtceu:rubber_leaves -> using default); (Unknown registry key in ResourceKey[minecraft:root / minecraft:block]: gtceu:rubber_leaves -> using default); (Unknown registry key in ResourceKey[minecraft:root / minecraft:block]: gtceu:rubber_leaves -> using default); (Unknown registry key in ResourceKey[minecraft:root / minecraft:block]: gtceu:rubber_leaves -> using default); (Unknown registry key in ResourceKey[minecraft:root / minecraft:block]: gtceu:rubber_leaves -> using default); (Unknown registry key in ResourceKey[minecraft:root / minecraft:block]: gtceu:rubber_log -> using default)
[219月2026 21:40:23.940] [Render thread/INFO] [com.maxwell.cyber_ware_port.CyberWare/]: [CW-DBG] Pre fired
[219月2026 21:40:23.949] [Render thread/INFO] [com.maxwell.cyber_ware_port.CyberWare/]: [CW-DBG] Pre fired
[219月2026 21:40:23.961] [Render thread/INFO] [com.maxwell.cyber_ware_port.CyberWare/]: [CW-DBG] Pre fired
[219月2026 21:40:23.967] [Render thread/INFO] [com.maxwell.cyber_ware_port.CyberWare/]: [CW-DBG] Pre fired
[219月2026 21:40:23.977] [Render thread/INFO] [com.maxwell.cyber_ware_port.CyberWare/]: [CW-DBG] Pre fired
[219月2026 21:40:23.985] [Render thread/INFO] [com.maxwell.cyber_ware_port.CyberWare/]: [CW-DBG] Pre fired
[219月2026 21:40:23.993] [Render thread/INFO] [com.maxwell.cyber_ware_port.CyberWare/]: [CW-DBG] Pre fired
[219月2026 21:40:24.001] [Render thread/INFO] [com.maxwell.cyber_ware_port.CyberWare/]: [CW-DBG] Pre fired
[219月2026 21:40:24.011] [Render thread/INFO] [com.maxwell.cyber_ware_port.CyberWare/]: [CW-DBG] Pre fired
[219月2026 21:40:24.016] [Render thread/INFO] [com.maxwell.cyber_ware_port.CyberWare/]: [CW-DBG] Pre fired
[219月2026 21:40:24.026] [Render thread/INFO] [com.maxwell.cyber_ware_port.CyberWare/]: [CW-DBG] Pre fired
[219月2026 21:40:24.034] [Render thread/INFO] [com.maxwell.cyber_ware_port.CyberWare/]: [CW-DBG] Pre fired
[219月2026 21:40:24.042] [Render thread/INFO] [com.maxwell.cyber_ware_port.CyberWare/]: [CW-DBG] Pre fired
[219月2026 21:40:24.053] [Render thread/INFO] [com.maxwell.cyber_ware_port.CyberWare/]: [CW-DBG] Pre fired
[219月2026 21:40:24.059] [Render thread/INFO] [com.maxwell.cyber_ware_port.CyberWare/]: [CW-DBG] Pre fired
[219月2026 21:40:24.067] [Render thread/INFO] [com.maxwell.cyber_ware_port.CyberWare/]: [CW-DBG] Pre fired
[219月2026 21:40:24.076] [Render thread/INFO] [com.maxwell.cyber_ware_port.CyberWare/]: [CW-DBG] Pre fired
[219月2026 21:40:24.084] [Render thread/INFO] [com.maxwell.cyber_ware_port.CyberWare/]: [CW-DBG] Pre fired
[219月2026 21:40:24.092] [Render thread/INFO] [com.maxwell.cyber_ware_port.CyberWare/]: [CW-DBG] Pre fired
[219月2026 21:40:24.102] [Render thread/INFO] [com.maxwell.cyber_ware_port.CyberWare/]: [CW-DBG] Pre fired
[219月2026 21:40:24.110] [Render thread/INFO] [com.maxwell.cyber_ware_port.CyberWare/]: [CW-DBG] Pre fired
[219月2026 21:40:24.118] [Render thread/INFO] [com.maxwell.cyber_ware_port.CyberWare/]: [CW-DBG] Pre fired
[219月2026 21:40:24.126] [Render thread/INFO] [com.maxwell.cyber_ware_port.CyberWare/]: [CW-DBG] Pre fired
[219月2026 21:40:24.135] [Render thread/INFO] [com.maxwell.cyber_ware_port.CyberWare/]: [CW-DBG] Pre fired
[219月2026 21:40:24.142] [Render thread/INFO] [com.maxwell.cyber_ware_port.CyberWare/]: [CW-DBG] Pre fired
[219月2026 21:40:24.154] [Render thread/INFO] [com.maxwell.cyber_ware_port.CyberWare/]: [CW-DBG] Pre fired
[219月2026 21:40:24.159] [Render thread/INFO] [com.maxwell.cyber_ware_port.CyberWare/]: [CW-DBG] Pre fired
[219月2026 21:40:24.168] [Render thread/INFO] [com.maxwell.cyber_ware_port.CyberWare/]: [CW-DBG] Pre fired
[219月2026 21:40:24.176] [Render thread/INFO] [com.maxwell.cyber_ware_port.CyberWare/]: [CW-DBG] Pre fired
[219月2026 21:40:24.185] [Render thread/INFO] [com.maxwell.cyber_ware_port.CyberWare/]: [CW-DBG] Pre fired
[219月2026 21:40:24.192] [Render thread/INFO] [com.maxwell.cyber_ware_port.CyberWare/]: [CW-DBG] Pre fired
[219月2026 21:40:24.202] [Render thread/INFO] [com.maxwell.cyber_ware_port.CyberWare/]: [CW-DBG] Pre fired
[219月2026 21:40:24.211] [Render thread/INFO] [com.maxwell.cyber_ware_port.CyberWare/]: [CW-DBG] Pre fired
[219月2026 21:40:24.219] [Render thread/INFO] [com.maxwell.cyber_ware_port.CyberWare/]: [CW-DBG] Pre fired
[219月2026 21:40:24.227] [Render thread/INFO] [com.maxwell.cyber_ware_port.CyberWare/]: [CW-DBG] Pre fired
[219月2026 21:40:24.236] [Render thread/INFO] [com.maxwell.cyber_ware_port.CyberWare/]: [CW-DBG] Pre fired
[219月2026 21:40:24.244] [Render thread/INFO] [com.maxwell.cyber_ware_port.CyberWare/]: [CW-DBG] Pre fired
[219月2026 21:40:24.255] [Render thread/INFO] [com.maxwell.cyber_ware_port.CyberWare/]: [CW-DBG] Pre fired
[219月2026 21:40:24.261] [Render thread/INFO] [com.maxwell.cyber_ware_port.CyberWare/]: [CW-DBG] Pre fired
[219月2026 21:40:24.270] [Render thread/INFO] [com.maxwell.cyber_ware_port.CyberWare/]: [CW-DBG] Pre fired
[219月2026 21:40:24.278] [Render thread/INFO] [com.maxwell.cyber_ware_port.CyberWare/]: [CW-DBG] Pre fired
[219月2026 21:40:24.286] [Render thread/INFO] [com.maxwell.cyber_ware_port.CyberWare/]: [CW-DBG] Pre fired
[219月2026 21:40:24.295] [Render thread/INFO] [com.maxwell.cyber_ware_port.CyberWare/]: [CW-DBG] Pre fired
[219月2026 21:40:24.306] [Render thread/INFO] [com.maxwell.cyber_ware_port.CyberWare/]: [CW-DBG] Pre fired
[219月2026 21:40:24.312] [Render thread/INFO] [com.maxwell.cyber_ware_port.CyberWare/]: [CW-DBG] Pre fired
[219月2026 21:40:24.320] [Render thread/INFO] [com.maxwell.cyber_ware_port.CyberWare/]: [CW-DBG] Pre fired
[219月2026 21:40:24.329] [Render thread/INFO] [com.maxwell.cyber_ware_port.CyberWare/]: [CW-DBG] Pre fired
[219月2026 21:40:24.337] [Render thread/INFO] [com.maxwell.cyber_ware_port.CyberWare/]: [CW-DBG] Pre fired
[219月2026 21:40:24.345] [Render thread/INFO] [com.maxwell.cyber_ware_port.CyberWare/]: [CW-DBG] Pre fired
[219月2026 21:40:24.356] [Render thread/INFO] [com.maxwell.cyber_ware_port.CyberWare/]: [CW-DBG] Pre fired
[219月2026 21:40:24.362] [Render thread/INFO] [com.maxwell.cyber_ware_port.CyberWare/]: [CW-DBG] Pre fired
[219月2026 21:40:24.370] [Render thread/INFO] [com.maxwell.cyber_ware_port.CyberWare/]: [CW-DBG] Pre fired
[219月2026 21:40:24.379] [Render thread/INFO] [com.maxwell.cyber_ware_port.CyberWare/]: [CW-DBG] Pre fired
[219月2026 21:40:24.387] [Render thread/INFO] [com.maxwell.cyber_ware_port.CyberWare/]: [CW-DBG] Pre fired
[219月2026 21:40:24.396] [Render thread/INFO] [com.maxwell.cyber_ware_port.CyberWare/]: [CW-DBG] Pre fired
[219月2026 21:40:24.406] [Render thread/INFO] [com.maxwell.cyber_ware_port.CyberWare/]: [CW-DBG] Pre fired
[219月2026 21:40:24.412] [Render thread/INFO] [com.maxwell.cyber_ware_port.CyberWare/]: [CW-DBG] Pre fired
[219月2026 21:40:24.421] [Render thread/INFO] [com.maxwell.cyber_ware_port.CyberWare/]: [CW-DBG] Pre fired
[219月2026 21:40:24.430] [Render thread/INFO] [com.maxwell.cyber_ware_port.CyberWare/]: [CW-DBG] Pre fired
[219月2026 21:40:24.438] [Render thread/INFO] [com.maxwell.cyber_ware_port.CyberWare/]: [CW-DBG] Pre fired
[219月2026 21:40:24.446] [Render thread/INFO] [com.maxwell.cyber_ware_port.CyberWare/]: [CW-DBG] Pre fired
[219月2026 21:40:24.456] [Render thread/INFO] [com.maxwell.cyber_ware_port.CyberWare/]: [CW-DBG] Pre fired
[219月2026 21:40:24.462] [Render thread/INFO] [com.maxwell.cyber_ware_port.CyberWare/]: [CW-DBG] Pre fired
[219月2026 21:40:24.471] [Render thread/INFO] [com.maxwell.cyber_ware_port.CyberWare/]: [CW-DBG] Pre fired
[219月2026 21:40:24.481] [Render thread/INFO] [com.maxwell.cyber_ware_port.CyberWare/]: [CW-DBG] Pre fired
[219月2026 21:40:24.489] [Render thread/INFO] [com.maxwell.cyber_ware_port.CyberWare/]: [CW-DBG] Pre fired
[219月2026 21:40:24.497] [Render thread/INFO] [com.maxwell.cyber_ware_port.CyberWare/]: [CW-DBG] Pre fired
[219月2026 21:40:24.508] [Render thread/INFO] [com.maxwell.cyber_ware_port.CyberWare/]: [CW-DBG] Pre fired
[219月2026 21:40:24.515] [Render thread/INFO] [com.maxwell.cyber_ware_port.CyberWare/]: [CW-DBG] Pre fired
[219月2026 21:40:24.524] [Render thread/INFO] [com.maxwell.cyber_ware_port.CyberWare/]: [CW-DBG] Pre fired
[219月2026 21:40:24.532] [Render thread/INFO] [com.maxwell.cyber_ware_port.CyberWare/]: [CW-DBG] Pre fired
[219月2026 21:40:24.539] [Render thread/INFO] [com.maxwell.cyber_ware_port.CyberWare/]: [CW-DBG] Pre fired
[219月2026 21:40:24.548] [Render thread/INFO] [com.maxwell.cyber_ware_port.CyberWare/]: [CW-DBG] Pre fired
[219月2026 21:40:24.558] [Render thread/INFO] [com.maxwell.cyber_ware_port.CyberWare/]: [CW-DBG] Pre fired
[219月2026 21:40:24.565] [Render thread/INFO] [com.maxwell.cyber_ware_port.CyberWare/]: [CW-DBG] Pre fired
[219月2026 21:40:24.573] [Render thread/INFO] [com.maxwell.cyber_ware_port.CyberWare/]: [CW-DBG] Pre fired
[219月2026 21:40:24.581] [Render thread/INFO] [com.maxwell.cyber_ware_port.CyberWare/]: [CW-DBG] Pre fired
[219月2026 21:40:24.590] [Render thread/INFO] [com.maxwell.cyber_ware_port.CyberWare/]: [CW-DBG] Pre fired
[219月2026 21:40:24.598] [Render thread/INFO] [com.maxwell.cyber_ware_port.CyberWare/]: [CW-DBG] Pre fired
[219月2026 21:40:24.608] [Render thread/INFO] [com.maxwell.cyber_ware_port.CyberWare/]: [CW-DBG] Pre fired
[219月2026 21:40:24.615] [Render thread/INFO] [com.maxwell.cyber_ware_port.CyberWare/]: [CW-DBG] Pre fired
[219月2026 21:40:24.624] [Render thread/INFO] [com.maxwell.cyber_ware_port.CyberWare/]: [CW-DBG] Pre fired
[219月2026 21:40:24.632] [Render thread/INFO] [com.maxwell.cyber_ware_port.CyberWare/]: [CW-DBG] Pre fired
[219月2026 21:40:24.640] [Render thread/INFO] [com.maxwell.cyber_ware_port.CyberWare/]: [CW-DBG] Pre fired
[219月2026 21:40:24.649] [Render thread/INFO] [com.maxwell.cyber_ware_port.CyberWare/]: [CW-DBG] Pre fired
[219月2026 21:40:24.660] [Render thread/INFO] [com.maxwell.cyber_ware_port.CyberWare/]: [CW-DBG] Pre fired
[219月2026 21:40:24.666] [Render thread/INFO] [com.maxwell.cyber_ware_port.CyberWare/]: [CW-DBG] Pre fired
[219月2026 21:40:24.674] [Render thread/INFO] [com.maxwell.cyber_ware_port.CyberWare/]: [CW-DBG] Pre fired
[219月2026 21:40:24.682] [Render thread/INFO] [com.maxwell.cyber_ware_port.CyberWare/]: [CW-DBG] Pre fired
[219月2026 21:40:24.690] [Render thread/INFO] [com.maxwell.cyber_ware_port.CyberWare/]: [CW-DBG] Pre fired
[219月2026 21:40:24.699] [Render thread/INFO] [com.maxwell.cyber_ware_port.CyberWare/]: [CW-DBG] Pre fired
[219月2026 21:40:24.709] [Render thread/INFO] [com.maxwell.cyber_ware_port.CyberWare/]: [CW-DBG] Pre fired
[219月2026 21:40:24.716] [Render thread/INFO] [com.maxwell.cyber_ware_port.CyberWare/]: [CW-DBG] Pre fired
[219月2026 21:40:24.724] [Render thread/INFO] [com.maxwell.cyber_ware_port.CyberWare/]: [CW-DBG] Pre fired
[219月2026 21:40:24.731] [Render thread/INFO] [com.maxwell.cyber_ware_port.CyberWare/]: [CW-DBG] Pre fired
[219月2026 21:40:24.740] [Render thread/INFO] [com.maxwell.cyber_ware_port.CyberWare/]: [CW-DBG] Pre fired
[219月2026 21:40:24.749] [Render thread/INFO] [com.maxwell.cyber_ware_port.CyberWare/]: [CW-DBG] Pre fired
[219月2026 21:40:24.760] [Render thread/INFO] [com.maxwell.cyber_ware_port.CyberWare/]: [CW-DBG] Pre fired
[219月2026 21:40:24.766] [Render thread/INFO] [com.maxwell.cyber_ware_port.CyberWare/]: [CW-DBG] Pre fired
[219月2026 21:40:24.775] [Render thread/INFO] [com.maxwell.cyber_ware_port.CyberWare/]: [CW-DBG] Pre fired
[219月2026 21:40:24.783] [Render thread/INFO] [com.maxwell.cyber_ware_port.CyberWare/]: [CW-DBG] Pre fired
[219月2026 21:40:24.792] [Render thread/INFO] [com.maxwell.cyber_ware_port.CyberWare/]: [CW-DBG] Pre fired
[219月2026 21:40:24.802] [Render thread/INFO] [com.maxwell.cyber_ware_port.CyberWare/]: [CW-DBG] Pre fired
[219月2026 21:40:24.810] [Render thread/INFO] [com.maxwell.cyber_ware_port.CyberWare/]: [CW-DBG] Pre fired
[219月2026 21:40:24.817] [Render thread/INFO] [com.maxwell.cyber_ware_port.CyberWare/]: [CW-DBG] Pre fired
[219月2026 21:40:24.826] [Render thread/INFO] [com.maxwell.cyber_ware_port.CyberWare/]: [CW-DBG] Pre fired
[219月2026 21:40:24.835] [Render thread/INFO] [com.maxwell.cyber_ware_port.CyberWare/]: [CW-DBG] Pre fired
[219月2026 21:40:24.843] [Render thread/INFO] [com.maxwell.cyber_ware_port.CyberWare/]: [CW-DBG] Pre fired
[219月2026 21:40:24.853] [Render thread/INFO] [com.maxwell.cyber_ware_port.CyberWare/]: [CW-DBG] Pre fired
[219月2026 21:40:24.860] [Render thread/INFO] [com.maxwell.cyber_ware_port.CyberWare/]: [CW-DBG] Pre fired
[219月2026 21:40:24.869] [Render thread/INFO] [com.maxwell.cyber_ware_port.CyberWare/]: [CW-DBG] Pre fired
[219月2026 21:40:24.877] [Render thread/INFO] [com.maxwell.cyber_ware_port.CyberWare/]: [CW-DBG] Pre fired
[219月2026 21:40:24.886] [Render thread/INFO] [com.maxwell.cyber_ware_port.CyberWare/]: [CW-DBG] Pre fired
[219月2026 21:40:24.894] [Render thread/INFO] [com.maxwell.cyber_ware_port.CyberWare/]: [CW-DBG] Pre fired
[219月2026 21:40:24.904] [Render thread/INFO] [com.maxwell.cyber_ware_port.CyberWare/]: [CW-DBG] Pre fired
[219月2026 21:40:24.911] [Render thread/INFO] [com.maxwell.cyber_ware_port.CyberWare/]: [CW-DBG] Pre fired
[219月2026 21:40:24.920] [Render thread/INFO] [com.maxwell.cyber_ware_port.CyberWare/]: [CW-DBG] Pre fired
[219月2026 21:40:24.927] [Render thread/INFO] [com.maxwell.cyber_ware_port.CyberWare/]: [CW-DBG] Pre fired
[219月2026 21:40:24.937] [Render thread/INFO] [com.maxwell.cyber_ware_port.CyberWare/]: [CW-DBG] Pre fired
[219月2026 21:40:24.945] [Render thread/INFO] [com.maxwell.cyber_ware_port.CyberWare/]: [CW-DBG] Pre fired
[219月2026 21:40:24.956] [Render thread/INFO] [com.maxwell.cyber_ware_port.CyberWare/]: [CW-DBG] Pre fired
[219月2026 21:40:24.994] [Render thread/INFO] [com.maxwell.cyber_ware_port.CyberWare/]: [CW-DBG] Pre fired
[219月2026 21:40:25.005] [Render thread/INFO] [com.maxwell.cyber_ware_port.CyberWare/]: [CW-DBG] Pre fired
[219月2026 21:40:25.011] [Render thread/INFO] [com.maxwell.cyber_ware_port.CyberWare/]: [CW-DBG] Pre fired
[219月2026 21:40:25.020] [Render thread/INFO] [com.maxwell.cyber_ware_port.CyberWare/]: [CW-DBG] Pre fired
[219月2026 21:40:25.029] [Render thread/INFO] [com.maxwell.cyber_ware_port.CyberWare/]: [CW-DBG] Pre fired
[219月2026 21:40:25.037] [Render thread/INFO] [com.maxwell.cyber_ware_port.CyberWare/]: [CW-DBG] Pre fired
[219月2026 21:40:25.045] [Render thread/INFO] [com.maxwell.cyber_ware_port.CyberWare/]: [CW-DBG] Pre fired
[219月2026 21:40:25.067] [Render thread/INFO] [com.maxwell.cyber_ware_port.CyberWare/]: [CW-DBG] Pre fired
[219月2026 21:40:25.072] [Render thread/INFO] [com.maxwell.cyber_ware_port.CyberWare/]: [CW-DBG] Pre fired
[219月2026 21:40:25.082] [Render thread/INFO] [com.maxwell.cyber_ware_port.CyberWare/]: [CW-DBG] Pre fired
[219月2026 21:40:25.090] [Render thread/INFO] [com.maxwell.cyber_ware_port.CyberWare/]: [CW-DBG] Pre fired
[219月2026 21:40:25.098] [Render thread/INFO] [com.maxwell.cyber_ware_port.CyberWare/]: [CW-DBG] Pre fired
[219月2026 21:40:25.108] [Render thread/INFO] [com.maxwell.cyber_ware_port.CyberWare/]: [CW-DBG] Pre fired
[219月2026 21:40:25.114] [Render thread/INFO] [com.maxwell.cyber_ware_port.CyberWare/]: [CW-DBG] Pre fired
[219月2026 21:40:25.124] [Render thread/INFO] [com.maxwell.cyber_ware_port.CyberWare/]: [CW-DBG] Pre fired
[219月2026 21:40:25.131] [Render thread/INFO] [com.maxwell.cyber_ware_port.CyberWare/]: [CW-DBG] Pre fired
[219月2026 21:40:25.140] [Render thread/INFO] [com.maxwell.cyber_ware_port.CyberWare/]: [CW-DBG] Pre fired
[219月2026 21:40:25.149] [Render thread/INFO] [com.maxwell.cyber_ware_port.CyberWare/]: [CW-DBG] Pre fired
[219月2026 21:40:25.158] [Render thread/INFO] [com.maxwell.cyber_ware_port.CyberWare/]: [CW-DBG] Pre fired
[219月2026 21:40:25.164] [Render thread/INFO] [com.maxwell.cyber_ware_port.CyberWare/]: [CW-DBG] Pre fired
[219月2026 21:40:25.174] [Render thread/INFO] [com.maxwell.cyber_ware_port.CyberWare/]: [CW-DBG] Pre fired
[219月2026 21:40:25.182] [Render thread/INFO] [com.maxwell.cyber_ware_port.CyberWare/]: [CW-DBG] Pre fired
[219月2026 21:40:25.191] [Render thread/INFO] [com.maxwell.cyber_ware_port.CyberWare/]: [CW-DBG] Pre fired
[219月2026 21:40:25.200] [Render thread/INFO] [com.maxwell.cyber_ware_port.CyberWare/]: [CW-DBG] Pre fired
[219月2026 21:40:25.211] [Render thread/INFO] [com.maxwell.cyber_ware_port.CyberWare/]: [CW-DBG] Pre fired
[219月2026 21:40:25.218] [Render thread/INFO] [com.maxwell.cyber_ware_port.CyberWare/]: [CW-DBG] Pre fired
[219月2026 21:40:25.228] [Render thread/INFO] [com.maxwell.cyber_ware_port.CyberWare/]: [CW-DBG] Pre fired
[219月2026 21:40:25.236] [Render thread/INFO] [com.maxwell.cyber_ware_port.CyberWare/]: [CW-DBG] Pre fired
[219月2026 21:40:25.244] [Render thread/INFO] [com.maxwell.cyber_ware_port.CyberWare/]: [CW-DBG] Pre fired
[219月2026 21:40:25.254] [Render thread/INFO] [com.maxwell.cyber_ware_port.CyberWare/]: [CW-DBG] Pre fired
[219月2026 21:40:25.261] [Render thread/INFO] [com.maxwell.cyber_ware_port.CyberWare/]: [CW-DBG] Pre fired
[219月2026 21:40:25.271] [Render thread/INFO] [com.maxwell.cyber_ware_port.CyberWare/]: [CW-DBG] Pre fired
[219月2026 21:40:25.279] [Render thread/INFO] [com.maxwell.cyber_ware_port.CyberWare/]: [CW-DBG] Pre fired
[219月2026 21:40:25.287] [Render thread/INFO] [com.maxwell.cyber_ware_port.CyberWare/]: [CW-DBG] Pre fired
[219月2026 21:40:25.296] [Render thread/INFO] [com.maxwell.cyber_ware_port.CyberWare/]: [CW-DBG] Pre fired
[219月2026 21:40:25.306] [Render thread/INFO] [com.maxwell.cyber_ware_port.CyberWare/]: [CW-DBG] Pre fired
[219月2026 21:40:25.312] [Render thread/INFO] [com.maxwell.cyber_ware_port.CyberWare/]: [CW-DBG] Pre fired
[219月2026 21:40:25.322] [Render thread/INFO] [com.maxwell.cyber_ware_port.CyberWare/]: [CW-DBG] Pre fired
[219月2026 21:40:25.330] [Render thread/INFO] [com.maxwell.cyber_ware_port.CyberWare/]: [CW-DBG] Pre fired
[219月2026 21:40:25.338] [Render thread/INFO] [com.maxwell.cyber_ware_port.CyberWare/]: [CW-DBG] Pre fired
[219月2026 21:40:25.346] [Render thread/INFO] [com.maxwell.cyber_ware_port.CyberWare/]: [CW-DBG] Pre fired
[219月2026 21:40:25.358] [Render thread/INFO] [com.maxwell.cyber_ware_port.CyberWare/]: [CW-DBG] Pre fired
[219月2026 21:40:25.364] [Render thread/INFO] [com.maxwell.cyber_ware_port.CyberWare/]: [CW-DBG] Pre fired
[219月2026 21:40:25.372] [Render thread/INFO] [com.maxwell.cyber_ware_port.CyberWare/]: [CW-DBG] Pre fired
[219月2026 21:40:25.381] [Render thread/INFO] [com.maxwell.cyber_ware_port.CyberWare/]: [CW-DBG] Pre fired
[219月2026 21:40:25.388] [Render thread/INFO] [com.maxwell.cyber_ware_port.CyberWare/]: [CW-DBG] Pre fired
[219月2026 21:40:25.397] [Render thread/INFO] [com.maxwell.cyber_ware_port.CyberWare/]: [CW-DBG] Pre fired
[219月2026 21:40:25.408] [Render thread/INFO] [com.maxwell.cyber_ware_port.CyberWare/]: [CW-DBG] Pre fired
[219月2026 21:40:25.414] [Render thread/INFO] [com.maxwell.cyber_ware_port.CyberWare/]: [CW-DBG] Pre fired
[219月2026 21:40:25.422] [Render thread/INFO] [com.maxwell.cyber_ware_port.CyberWare/]: [CW-DBG] Pre fired
[219月2026 21:40:25.430] [Render thread/INFO] [com.maxwell.cyber_ware_port.CyberWare/]: [CW-DBG] Pre fired
[219月2026 21:40:25.439] [Render thread/INFO] [com.maxwell.cyber_ware_port.CyberWare/]: [CW-DBG] Pre fired
[219月2026 21:40:25.447] [Render thread/INFO] [com.maxwell.cyber_ware_port.CyberWare/]: [CW-DBG] Pre fired
[219月2026 21:40:25.458] [Render thread/INFO] [com.maxwell.cyber_ware_port.CyberWare/]: [CW-DBG] Pre fired
[219月2026 21:40:25.464] [Render thread/INFO] [com.maxwell.cyber_ware_port.CyberWare/]: [CW-DBG] Pre fired
[219月2026 21:40:25.473] [Render thread/INFO] [com.maxwell.cyber_ware_port.CyberWare/]: [CW-DBG] Pre fired
[219月2026 21:40:25.482] [Render thread/INFO] [com.maxwell.cyber_ware_port.CyberWare/]: [CW-DBG] Pre fired
[219月2026 21:40:25.490] [Render thread/INFO] [com.maxwell.cyber_ware_port.CyberWare/]: [CW-DBG] Pre fired
[219月2026 21:40:25.498] [Render thread/INFO] [com.maxwell.cyber_ware_port.CyberWare/]: [CW-DBG] Pre fired
[219月2026 21:40:25.510] [Render thread/INFO] [com.maxwell.cyber_ware_port.CyberWare/]: [CW-DBG] Pre fired
[219月2026 21:40:25.515] [Render thread/INFO] [com.maxwell.cyber_ware_port.CyberWare/]: [CW-DBG] Pre fired
[219月2026 21:40:25.524] [Render thread/INFO] [com.maxwell.cyber_ware_port.CyberWare/]: [CW-DBG] Pre fired
[219月2026 21:40:25.534] [Render thread/INFO] [com.maxwell.cyber_ware_port.CyberWare/]: [CW-DBG] Pre fired
[219月2026 21:40:25.542] [Render thread/INFO] [com.maxwell.cyber_ware_port.CyberWare/]: [CW-DBG] Pre fired
[219月2026 21:40:25.550] [Render thread/INFO] [com.maxwell.cyber_ware_port.CyberWare/]: [CW-DBG] Pre fired
[219月2026 21:40:25.562] [Render thread/INFO] [com.maxwell.cyber_ware_port.CyberWare/]: [CW-DBG] Pre fired
[219月2026 21:40:25.568] [Render thread/INFO] [com.maxwell.cyber_ware_port.CyberWare/]: [CW-DBG] Pre fired
[219月2026 21:40:25.576] [Render thread/INFO] [com.maxwell.cyber_ware_port.CyberWare/]: [CW-DBG] Pre fired
[219月2026 21:40:25.585] [Render thread/INFO] [com.maxwell.cyber_ware_port.CyberWare/]: [CW-DBG] Pre fired
[219月2026 21:40:25.594] [Render thread/INFO] [com.maxwell.cyber_ware_port.CyberWare/]: [CW-DBG] Pre fired
[219月2026 21:40:25.602] [Render thread/INFO] [com.maxwell.cyber_ware_port.CyberWare/]: [CW-DBG] Pre fired
[219月2026 21:40:25.612] [Render thread/INFO] [com.maxwell.cyber_ware_port.CyberWare/]: [CW-DBG] Pre fired
[219月2026 21:40:25.620] [Render thread/INFO] [com.maxwell.cyber_ware_port.CyberWare/]: [CW-DBG] Pre fired
[219月2026 21:40:25.627] [Render thread/INFO] [com.maxwell.cyber_ware_port.CyberWare/]: [CW-DBG] Pre fired
[219月2026 21:40:25.635] [Render thread/INFO] [com.maxwell.cyber_ware_port.CyberWare/]: [CW-DBG] Pre fired
[219月2026 21:40:25.643] [Render thread/INFO] [com.maxwell.cyber_ware_port.CyberWare/]: [CW-DBG] Pre fired
[219月2026 21:40:25.653] [Render thread/INFO] [com.maxwell.cyber_ware_port.CyberWare/]: [CW-DBG] Pre fired
[219月2026 21:40:25.659] [Render thread/INFO] [com.maxwell.cyber_ware_port.CyberWare/]: [CW-DBG] Pre fired
[219月2026 21:40:25.667] [Render thread/INFO] [com.maxwell.cyber_ware_port.CyberWare/]: [CW-DBG] Pre fired
[219月2026 21:40:25.676] [Render thread/INFO] [com.maxwell.cyber_ware_port.CyberWare/]: [CW-DBG] Pre fired
[219月2026 21:40:25.684] [Render thread/INFO] [com.maxwell.cyber_ware_port.CyberWare/]: [CW-DBG] Pre fired
[219月2026 21:40:25.693] [Render thread/INFO] [com.maxwell.cyber_ware_port.CyberWare/]: [CW-DBG] Pre fired
[219月2026 21:40:25.703] [Render thread/INFO] [com.maxwell.cyber_ware_port.CyberWare/]: [CW-DBG] Pre fired
[219月2026 21:40:25.712] [Render thread/INFO] [com.maxwell.cyber_ware_port.CyberWare/]: [CW-DBG] Pre fired
[219月2026 21:40:25.720] [Render thread/INFO] [com.maxwell.cyber_ware_port.CyberWare/]: [CW-DBG] Pre fired
[219月2026 21:40:25.726] [Render thread/INFO] [com.maxwell.cyber_ware_port.CyberWare/]: [CW-DBG] Pre fired
[219月2026 21:40:25.736] [Render thread/INFO] [com.maxwell.cyber_ware_port.CyberWare/]: [CW-DBG] Pre fired
[219月2026 21:40:25.744] [Render thread/INFO] [com.maxwell.cyber_ware_port.CyberWare/]: [CW-DBG] Pre fired
[219月2026 21:40:25.754] [Render thread/INFO] [com.maxwell.cyber_ware_port.CyberWare/]: [CW-DBG] Pre fired
[219月2026 21:40:25.761] [Render thread/INFO] [com.maxwell.cyber_ware_port.CyberWare/]: [CW-DBG] Pre fired
[219月2026 21:40:25.770] [Render thread/INFO] [com.maxwell.cyber_ware_port.CyberWare/]: [CW-DBG] Pre fired
[219月2026 21:40:25.777] [Render thread/INFO] [com.maxwell.cyber_ware_port.CyberWare/]: [CW-DBG] Pre fired
[219月2026 21:40:25.785] [Render thread/INFO] [com.maxwell.cyber_ware_port.CyberWare/]: [CW-DBG] Pre fired
[219月2026 21:40:25.793] [Render thread/INFO] [com.maxwell.cyber_ware_port.CyberWare/]: [CW-DBG] Pre fired
[219月2026 21:40:25.804] [Render thread/INFO] [com.maxwell.cyber_ware_port.CyberWare/]: [CW-DBG] Pre fired
[219月2026 21:40:25.812] [Render thread/INFO] [com.maxwell.cyber_ware_port.CyberWare/]: [CW-DBG] Pre fired
[219月2026 21:40:25.820] [Render thread/INFO] [com.maxwell.cyber_ware_port.CyberWare/]: [CW-DBG] Pre fired
[219月2026 21:40:25.835] [Render thread/INFO] [com.maxwell.cyber_ware_port.CyberWare/]: [CW-DBG] Pre fired
[219月2026 21:40:25.844] [Render thread/INFO] [com.maxwell.cyber_ware_port.CyberWare/]: [CW-DBG] Pre fired
[219月2026 21:40:25.857] [Render thread/INFO] [com.maxwell.cyber_ware_port.CyberWare/]: [CW-DBG] Pre fired
[219月2026 21:40:25.865] [Render thread/INFO] [com.maxwell.cyber_ware_port.CyberWare/]: [CW-DBG] Pre fired
[219月2026 21:40:25.874] [Render thread/INFO] [com.maxwell.cyber_ware_port.CyberWare/]: [CW-DBG] Pre fired
[219月2026 21:40:25.882] [Render thread/INFO] [com.maxwell.cyber_ware_port.CyberWare/]: [CW-DBG] Pre fired
[219月2026 21:40:25.889] [Render thread/INFO] [com.maxwell.cyber_ware_port.CyberWare/]: [CW-DBG] Pre fired
[219月2026 21:40:25.898] [Render thread/INFO] [com.maxwell.cyber_ware_port.CyberWare/]: [CW-DBG] Pre fired
[219月2026 21:40:25.909] [Render thread/INFO] [com.maxwell.cyber_ware_port.CyberWare/]: [CW-DBG] Pre fired
[219月2026 21:40:25.916] [Render thread/INFO] [com.maxwell.cyber_ware_port.CyberWare/]: [CW-DBG] Pre fired
[219月2026 21:40:25.925] [Render thread/INFO] [com.maxwell.cyber_ware_port.CyberWare/]: [CW-DBG] Pre fired
[219月2026 21:40:25.933] [Render thread/INFO] [com.maxwell.cyber_ware_port.CyberWare/]: [CW-DBG] Pre fired
[219月2026 21:40:25.941] [Render thread/INFO] [com.maxwell.cyber_ware_port.CyberWare/]: [CW-DBG] Pre fired
[219月2026 21:40:25.950] [Render thread/INFO] [com.maxwell.cyber_ware_port.CyberWare/]: [CW-DBG] Pre fired
[219月2026 21:40:25.960] [Render thread/INFO] [com.maxwell.cyber_ware_port.CyberWare/]: [CW-DBG] Pre fired
[219月2026 21:40:25.968] [Render thread/INFO] [com.maxwell.cyber_ware_port.CyberWare/]: [CW-DBG] Pre fired
[219月2026 21:40:25.976] [Render thread/INFO] [com.maxwell.cyber_ware_port.CyberWare/]: [CW-DBG] Pre fired
[219月2026 21:40:25.984] [Render thread/INFO] [com.maxwell.cyber_ware_port.CyberWare/]: [CW-DBG] Pre fired
[219月2026 21:40:25.992] [Render thread/INFO] [com.maxwell.cyber_ware_port.CyberWare/]: [CW-DBG] Pre fired
[219月2026 21:40:26.002] [Render thread/INFO] [com.maxwell.cyber_ware_port.CyberWare/]: [CW-DBG] Pre fired
[219月2026 21:40:26.013] [Render thread/INFO] [com.maxwell.cyber_ware_port.CyberWare/]: [CW-DBG] Pre fired
[219月2026 21:40:26.020] [Render thread/INFO] [com.maxwell.cyber_ware_port.CyberWare/]: [CW-DBG] Pre fired
[219月2026 21:40:26.030] [Render thread/INFO] [com.maxwell.cyber_ware_port.CyberWare/]: [CW-DBG] Pre fired
[219月2026 21:40:26.038] [Render thread/INFO] [com.maxwell.cyber_ware_port.CyberWare/]: [CW-DBG] Pre fired
[219月2026 21:40:26.046] [Render thread/INFO] [com.maxwell.cyber_ware_port.CyberWare/]: [CW-DBG] Pre fired
[219月2026 21:40:26.056] [Render thread/INFO] [com.maxwell.cyber_ware_port.CyberWare/]: [CW-DBG] Pre fired
[219月2026 21:40:26.063] [Render thread/INFO] [com.maxwell.cyber_ware_port.CyberWare/]: [CW-DBG] Pre fired
[219月2026 21:40:26.070] [Render thread/INFO] [com.maxwell.cyber_ware_port.CyberWare/]: [CW-DBG] Pre fired
[219月2026 21:40:26.081] [Render thread/INFO] [com.maxwell.cyber_ware_port.CyberWare/]: [CW-DBG] Pre fired
[219月2026 21:40:26.087] [Render thread/INFO] [com.maxwell.cyber_ware_port.CyberWare/]: [CW-DBG] Pre fired
[219月2026 21:40:26.095] [Render thread/INFO] [com.maxwell.cyber_ware_port.CyberWare/]: [CW-DBG] Pre fired
[219月2026 21:40:26.106] [Render thread/INFO] [com.maxwell.cyber_ware_port.CyberWare/]: [CW-DBG] Pre fired
[219月2026 21:40:26.111] [Render thread/INFO] [com.maxwell.cyber_ware_port.CyberWare/]: [CW-DBG] Pre fired
[219月2026 21:40:26.122] [Render thread/INFO] [com.maxwell.cyber_ware_port.CyberWare/]: [CW-DBG] Pre fired
[219月2026 21:40:26.129] [Render thread/INFO] [com.maxwell.cyber_ware_port.CyberWare/]: [CW-DBG] Pre fired
[219月2026 21:40:26.137] [Render thread/INFO] [com.maxwell.cyber_ware_port.CyberWare/]: [CW-DBG] Pre fired
[219月2026 21:40:26.146] [Render thread/INFO] [com.maxwell.cyber_ware_port.CyberWare/]: [CW-DBG] Pre fired
[219月2026 21:40:26.156] [Render thread/INFO] [com.maxwell.cyber_ware_port.CyberWare/]: [CW-DBG] Pre fired
[219月2026 21:40:26.162] [Render thread/INFO] [com.maxwell.cyber_ware_port.CyberWare/]: [CW-DBG] Pre fired
[219月2026 21:40:26.171] [Render thread/INFO] [com.maxwell.cyber_ware_port.CyberWare/]: [CW-DBG] Pre fired
[219月2026 21:40:26.180] [Render thread/INFO] [com.maxwell.cyber_ware_port.CyberWare/]: [CW-DBG] Pre fired
[219月2026 21:40:26.188] [Render thread/INFO] [com.maxwell.cyber_ware_port.CyberWare/]: [CW-DBG] Pre fired
[219月2026 21:40:26.197] [Render thread/INFO] [com.maxwell.cyber_ware_port.CyberWare/]: [CW-DBG] Pre fired
[219月2026 21:40:26.208] [Render thread/INFO] [com.maxwell.cyber_ware_port.CyberWare/]: [CW-DBG] Pre fired
[219月2026 21:40:26.213] [Render thread/INFO] [com.maxwell.cyber_ware_port.CyberWare/]: [CW-DBG] Pre fired
[219月2026 21:40:26.222] [Render thread/INFO] [com.maxwell.cyber_ware_port.CyberWare/]: [CW-DBG] Pre fired
[219月2026 21:40:26.230] [Render thread/INFO] [com.maxwell.cyber_ware_port.CyberWare/]: [CW-DBG] Pre fired
[219月2026 21:40:26.238] [Render thread/INFO] [com.maxwell.cyber_ware_port.CyberWare/]: [CW-DBG] Pre fired
[219月2026 21:40:26.247] [Render thread/INFO] [com.maxwell.cyber_ware_port.CyberWare/]: [CW-DBG] Pre fired
[219月2026 21:40:26.257] [Render thread/INFO] [com.maxwell.cyber_ware_port.CyberWare/]: [CW-DBG] Pre fired
[219月2026 21:40:26.263] [Render thread/INFO] [com.maxwell.cyber_ware_port.CyberWare/]: [CW-DBG] Pre fired
[219月2026 21:40:26.272] [Render thread/INFO] [com.maxwell.cyber_ware_port.CyberWare/]: [CW-DBG] Pre fired
[219月2026 21:40:26.280] [Render thread/INFO] [com.maxwell.cyber_ware_port.CyberWare/]: [CW-DBG] Pre fired
[219月2026 21:40:26.289] [Render thread/INFO] [com.maxwell.cyber_ware_port.CyberWare/]: [CW-DBG] Pre fired
[219月2026 21:40:26.298] [Render thread/INFO] [com.maxwell.cyber_ware_port.CyberWare/]: [CW-DBG] Pre fired
[219月2026 21:40:26.310] [Render thread/INFO] [com.maxwell.cyber_ware_port.CyberWare/]: [CW-DBG] Pre fired
[219月2026 21:40:26.314] [Render thread/INFO] [com.maxwell.cyber_ware_port.CyberWare/]: [CW-DBG] Pre fired
[219月2026 21:40:26.324] [Render thread/INFO] [com.maxwell.cyber_ware_port.CyberWare/]: [CW-DBG] Pre fired
[219月2026 21:40:26.334] [Render thread/INFO] [com.maxwell.cyber_ware_port.CyberWare/]: [CW-DBG] Pre fired
[219月2026 21:40:26.342] [Render thread/INFO] [com.maxwell.cyber_ware_port.CyberWare/]: [CW-DBG] Pre fired
[219月2026 21:40:26.350] [Render thread/INFO] [com.maxwell.cyber_ware_port.CyberWare/]: [CW-DBG] Pre fired
[219月2026 21:40:26.359] [Render thread/INFO] [com.maxwell.cyber_ware_port.CyberWare/]: [CW-DBG] Pre fired
[219月2026 21:40:26.369] [Render thread/INFO] [com.maxwell.cyber_ware_port.CyberWare/]: [CW-DBG] Pre fired
[219月2026 21:40:26.374] [Render thread/INFO] [com.maxwell.cyber_ware_port.CyberWare/]: [CW-DBG] Pre fired
[219月2026 21:40:26.383] [Render thread/INFO] [com.maxwell.cyber_ware_port.CyberWare/]: [CW-DBG] Pre fired
[219月2026 21:40:26.391] [Render thread/INFO] [com.maxwell.cyber_ware_port.CyberWare/]: [CW-DBG] Pre fired
[219月2026 21:40:26.399] [Render thread/INFO] [com.maxwell.cyber_ware_port.CyberWare/]: [CW-DBG] Pre fired
[219月2026 21:40:26.410] [Render thread/INFO] [com.maxwell.cyber_ware_port.CyberWare/]: [CW-DBG] Pre fired
[219月2026 21:40:26.416] [Render thread/INFO] [com.maxwell.cyber_ware_port.CyberWare/]: [CW-DBG] Pre fired
[219月2026 21:40:26.424] [Render thread/INFO] [com.maxwell.cyber_ware_port.CyberWare/]: [CW-DBG] Pre fired
[219月2026 21:40:26.433] [Render thread/INFO] [com.maxwell.cyber_ware_port.CyberWare/]: [CW-DBG] Pre fired
[219月2026 21:40:26.452] [Render thread/INFO] [com.maxwell.cyber_ware_port.CyberWare/]: [CW-DBG] Pre fired
[219月2026 21:40:26.464] [Render thread/INFO] [com.maxwell.cyber_ware_port.CyberWare/]: [CW-DBG] Pre fired
[219月2026 21:40:26.468] [Render thread/INFO] [com.maxwell.cyber_ware_port.CyberWare/]: [CW-DBG] Pre fired
[219月2026 21:40:26.477] [Render thread/INFO] [com.maxwell.cyber_ware_port.CyberWare/]: [CW-DBG] Pre fired
[219月2026 21:40:26.486] [Render thread/INFO] [com.maxwell.cyber_ware_port.CyberWare/]: [CW-DBG] Pre fired
[219月2026 21:40:26.496] [Render thread/INFO] [com.maxwell.cyber_ware_port.CyberWare/]: [CW-DBG] Pre fired
[219月2026 21:40:26.506] [Render thread/INFO] [com.maxwell.cyber_ware_port.CyberWare/]: [CW-DBG] Pre fired
[219月2026 21:40:26.514] [Render thread/INFO] [com.maxwell.cyber_ware_port.CyberWare/]: [CW-DBG] Pre fired
[219月2026 21:40:26.523] [Render thread/INFO] [com.maxwell.cyber_ware_port.CyberWare/]: [CW-DBG] Pre fired
[219月2026 21:40:26.531] [Render thread/INFO] [com.maxwell.cyber_ware_port.CyberWare/]: [CW-DBG] Pre fired
[219月2026 21:40:26.538] [Render thread/INFO] [com.maxwell.cyber_ware_port.CyberWare/]: [CW-DBG] Pre fired
[219月2026 21:40:26.547] [Render thread/INFO] [com.maxwell.cyber_ware_port.CyberWare/]: [CW-DBG] Pre fired
[219月2026 21:40:26.561] [Render thread/INFO] [com.maxwell.cyber_ware_port.CyberWare/]: [CW-DBG] Pre fired
[219月2026 21:40:26.569] [Render thread/INFO] [com.maxwell.cyber_ware_port.CyberWare/]: [CW-DBG] Pre fired
[219月2026 21:40:26.576] [Render thread/INFO] [com.maxwell.cyber_ware_port.CyberWare/]: [CW-DBG] Pre fired
[219月2026 21:40:26.586] [Render thread/INFO] [com.maxwell.cyber_ware_port.CyberWare/]: [CW-DBG] Pre fired
[219月2026 21:40:26.594] [Render thread/INFO] [com.maxwell.cyber_ware_port.CyberWare/]: [CW-DBG] Pre fired
[219月2026 21:40:26.606] [Render thread/INFO] [com.maxwell.cyber_ware_port.CyberWare/]: [CW-DBG] Pre fired
[219月2026 21:40:26.611] [Render thread/INFO] [com.maxwell.cyber_ware_port.CyberWare/]: [CW-DBG] Pre fired
[219月2026 21:40:26.619] [Render thread/INFO] [com.maxwell.cyber_ware_port.CyberWare/]: [CW-DBG] Pre fired
[219月2026 21:40:26.629] [Render thread/INFO] [com.maxwell.cyber_ware_port.CyberWare/]: [CW-DBG] Pre fired
[219月2026 21:40:26.648] [Render thread/INFO] [com.maxwell.cyber_ware_port.CyberWare/]: [CW-DBG] Pre fired
[219月2026 21:40:26.659] [Render thread/INFO] [com.maxwell.cyber_ware_port.CyberWare/]: [CW-DBG] Pre fired
[219月2026 21:40:26.665] [Render thread/INFO] [com.maxwell.cyber_ware_port.CyberWare/]: [CW-DBG] Pre fired
[219月2026 21:40:26.674] [Render thread/INFO] [com.maxwell.cyber_ware_port.CyberWare/]: [CW-DBG] Pre fired
[219月2026 21:40:26.682] [Render thread/INFO] [com.maxwell.cyber_ware_port.CyberWare/]: [CW-DBG] Pre fired
[219月2026 21:40:26.690] [Render thread/INFO] [com.maxwell.cyber_ware_port.CyberWare/]: [CW-DBG] Pre fired
[219月2026 21:40:26.698] [Render thread/INFO] [com.maxwell.cyber_ware_port.CyberWare/]: [CW-DBG] Pre fired
[219月2026 21:40:26.710] [Render thread/INFO] [com.maxwell.cyber_ware_port.CyberWare/]: [CW-DBG] Pre fired
[219月2026 21:40:26.716] [Render thread/INFO] [com.maxwell.cyber_ware_port.CyberWare/]: [CW-DBG] Pre fired
[219月2026 21:40:26.725] [Render thread/INFO] [com.maxwell.cyber_ware_port.CyberWare/]: [CW-DBG] Pre fired
[219月2026 21:40:26.733] [Render thread/INFO] [com.maxwell.cyber_ware_port.CyberWare/]: [CW-DBG] Pre fired
[219月2026 21:40:26.742] [Render thread/INFO] [com.maxwell.cyber_ware_port.CyberWare/]: [CW-DBG] Pre fired
[219月2026 21:40:26.749] [Render thread/INFO] [com.maxwell.cyber_ware_port.CyberWare/]: [CW-DBG] Pre fired
[219月2026 21:40:26.761] [Render thread/INFO] [com.maxwell.cyber_ware_port.CyberWare/]: [CW-DBG] Pre fired
[219月2026 21:40:26.767] [Render thread/INFO] [com.maxwell.cyber_ware_port.CyberWare/]: [CW-DBG] Pre fired
[219月2026 21:40:26.775] [Render thread/INFO] [com.maxwell.cyber_ware_port.CyberWare/]: [CW-DBG] Pre fired
[219月2026 21:40:26.784] [Render thread/INFO] [com.maxwell.cyber_ware_port.CyberWare/]: [CW-DBG] Pre fired
[219月2026 21:40:26.793] [Render thread/INFO] [com.maxwell.cyber_ware_port.CyberWare/]: [CW-DBG] Pre fired
[219月2026 21:40:26.804] [Render thread/INFO] [com.maxwell.cyber_ware_port.CyberWare/]: [CW-DBG] Pre fired
[219月2026 21:40:26.810] [Render thread/INFO] [com.maxwell.cyber_ware_port.CyberWare/]: [CW-DBG] Pre fired
[219月2026 21:40:26.819] [Render thread/INFO] [com.maxwell.cyber_ware_port.CyberWare/]: [CW-DBG] Pre fired
[219月2026 21:40:26.828] [Render thread/INFO] [com.maxwell.cyber_ware_port.CyberWare/]: [CW-DBG] Pre fired
[219月2026 21:40:26.837] [Render thread/INFO] [com.maxwell.cyber_ware_port.CyberWare/]: [CW-DBG] Pre fired
[219月2026 21:40:26.845] [Render thread/INFO] [com.maxwell.cyber_ware_port.CyberWare/]: [CW-DBG] Pre fired
[219月2026 21:40:26.856] [Render thread/INFO] [com.maxwell.cyber_ware_port.CyberWare/]: [CW-DBG] Pre fired
[219月2026 21:40:26.862] [Render thread/INFO] [com.maxwell.cyber_ware_port.CyberWare/]: [CW-DBG] Pre fired
[219月2026 21:40:26.870] [Render thread/INFO] [com.maxwell.cyber_ware_port.CyberWare/]: [CW-DBG] Pre fired
[219月2026 21:40:26.879] [Render thread/INFO] [com.maxwell.cyber_ware_port.CyberWare/]: [CW-DBG] Pre fired
[219月2026 21:40:26.888] [Render thread/INFO] [com.maxwell.cyber_ware_port.CyberWare/]: [CW-DBG] Pre fired
[219月2026 21:40:26.894] [Render thread/INFO] [com.maxwell.cyber_ware_port.CyberWare/]: [CW-DBG] Pre fired
[219月2026 21:40:26.908] [Render thread/INFO] [com.maxwell.cyber_ware_port.CyberWare/]: [CW-DBG] Pre fired
[219月2026 21:40:26.911] [Render thread/INFO] [com.maxwell.cyber_ware_port.CyberWare/]: [CW-DBG] Pre fired
[219月2026 21:40:26.921] [Render thread/INFO] [com.maxwell.cyber_ware_port.CyberWare/]: [CW-DBG] Pre fired
[219月2026 21:40:26.930] [Render thread/INFO] [com.maxwell.cyber_ware_port.CyberWare/]: [CW-DBG] Pre fired
[219月2026 21:40:26.937] [Render thread/INFO] [com.maxwell.cyber_ware_port.CyberWare/]: [CW-DBG] Pre fired
[219月2026 21:40:26.946] [Render thread/INFO] [com.maxwell.cyber_ware_port.CyberWare/]: [CW-DBG] Pre fired
[219月2026 21:40:26.957] [Render thread/INFO] [com.maxwell.cyber_ware_port.CyberWare/]: [CW-DBG] Pre fired
[219月2026 21:40:26.962] [Render thread/INFO] [com.maxwell.cyber_ware_port.CyberWare/]: [CW-DBG] Pre fired
[219月2026 21:40:26.971] [Render thread/INFO] [com.maxwell.cyber_ware_port.CyberWare/]: [CW-DBG] Pre fired
[219月2026 21:40:26.979] [Render thread/INFO] [com.maxwell.cyber_ware_port.CyberWare/]: [CW-DBG] Pre fired
[219月2026 21:40:26.987] [Render thread/INFO] [com.maxwell.cyber_ware_port.CyberWare/]: [CW-DBG] Pre fired
[219月2026 21:40:26.996] [Render thread/INFO] [com.maxwell.cyber_ware_port.CyberWare/]: [CW-DBG] Pre fired
[219月2026 21:40:27.007] [Render thread/INFO] [com.maxwell.cyber_ware_port.CyberWare/]: [CW-DBG] Pre fired
[219月2026 21:40:27.013] [Render thread/INFO] [com.maxwell.cyber_ware_port.CyberWare/]: [CW-DBG] Pre fired
[219月2026 21:40:27.022] [Render thread/INFO] [com.maxwell.cyber_ware_port.CyberWare/]: [CW-DBG] Pre fired
[219月2026 21:40:27.030] [Render thread/INFO] [com.maxwell.cyber_ware_port.CyberWare/]: [CW-DBG] Pre fired
[219月2026 21:40:27.039] [Render thread/INFO] [com.maxwell.cyber_ware_port.CyberWare/]: [CW-DBG] Pre fired
[219月2026 21:40:27.048] [Render thread/INFO] [com.maxwell.cyber_ware_port.CyberWare/]: [CW-DBG] Pre fired
[219月2026 21:40:27.059] [Render thread/INFO] [com.maxwell.cyber_ware_port.CyberWare/]: [CW-DBG] Pre fired
[219月2026 21:40:27.065] [Render thread/INFO] [com.maxwell.cyber_ware_port.CyberWare/]: [CW-DBG] Pre fired
[219月2026 21:40:27.074] [Render thread/INFO] [com.maxwell.cyber_ware_port.CyberWare/]: [CW-DBG] Pre fired
[219月2026 21:40:27.082] [Render thread/INFO] [com.maxwell.cyber_ware_port.CyberWare/]: [CW-DBG] Pre fired
[219月2026 21:40:27.089] [Render thread/INFO] [com.maxwell.cyber_ware_port.CyberWare/]: [CW-DBG] Pre fired
[219月2026 21:40:27.097] [Render thread/INFO] [com.maxwell.cyber_ware_port.CyberWare/]: [CW-DBG] Pre fired
[219月2026 21:40:27.108] [Render thread/INFO] [com.maxwell.cyber_ware_port.CyberWare/]: [CW-DBG] Pre fired
[219月2026 21:40:27.115] [Render thread/INFO] [com.maxwell.cyber_ware_port.CyberWare/]: [CW-DBG] Pre fired
[219月2026 21:40:27.124] [Render thread/INFO] [com.maxwell.cyber_ware_port.CyberWare/]: [CW-DBG] Pre fired
[219月2026 21:40:27.132] [Render thread/INFO] [com.maxwell.cyber_ware_port.CyberWare/]: [CW-DBG] Pre fired
[219月2026 21:40:27.141] [Render thread/INFO] [com.maxwell.cyber_ware_port.CyberWare/]: [CW-DBG] Pre fired
[219月2026 21:40:27.149] [Render thread/INFO] [com.maxwell.cyber_ware_port.CyberWare/]: [CW-DBG] Pre fired
[219月2026 21:40:27.160] [Render thread/INFO] [com.maxwell.cyber_ware_port.CyberWare/]: [CW-DBG] Pre fired
[219月2026 21:40:27.166] [Render thread/INFO] [com.maxwell.cyber_ware_port.CyberWare/]: [CW-DBG] Pre fired
[219月2026 21:40:27.175] [Render thread/INFO] [com.maxwell.cyber_ware_port.CyberWare/]: [CW-DBG] Pre fired
[219月2026 21:40:27.184] [Render thread/INFO] [com.maxwell.cyber_ware_port.CyberWare/]: [CW-DBG] Pre fired
[219月2026 21:40:27.192] [Render thread/INFO] [com.maxwell.cyber_ware_port.CyberWare/]: [CW-DBG] Pre fired
[219月2026 21:40:27.201] [Render thread/INFO] [com.maxwell.cyber_ware_port.CyberWare/]: [CW-DBG] Pre fired
[219月2026 21:40:27.211] [Render thread/INFO] [com.maxwell.cyber_ware_port.CyberWare/]: [CW-DBG] Pre fired
[219月2026 21:40:27.217] [Render thread/INFO] [com.maxwell.cyber_ware_port.CyberWare/]: [CW-DBG] Pre fired
[219月2026 21:40:27.226] [Render thread/INFO] [com.maxwell.cyber_ware_port.CyberWare/]: [CW-DBG] Pre fired
[219月2026 21:40:27.234] [Render thread/INFO] [com.maxwell.cyber_ware_port.CyberWare/]: [CW-DBG] Pre fired
[219月2026 21:40:27.242] [Render thread/INFO] [com.maxwell.cyber_ware_port.CyberWare/]: [CW-DBG] Pre fired
[219月2026 21:40:27.252] [Render thread/INFO] [com.maxwell.cyber_ware_port.CyberWare/]: [CW-DBG] Pre fired
[219月2026 21:40:27.259] [Render thread/INFO] [com.maxwell.cyber_ware_port.CyberWare/]: [CW-DBG] Pre fired
[219月2026 21:40:27.268] [Render thread/INFO] [com.maxwell.cyber_ware_port.CyberWare/]: [CW-DBG] Pre fired
[219月2026 21:40:27.276] [Render thread/INFO] [com.maxwell.cyber_ware_port.CyberWare/]: [CW-DBG] Pre fired
[219月2026 21:40:27.284] [Render thread/INFO] [com.maxwell.cyber_ware_port.CyberWare/]: [CW-DBG] Pre fired
[219月2026 21:40:27.292] [Render thread/INFO] [com.maxwell.cyber_ware_port.CyberWare/]: [CW-DBG] Pre fired
[219月2026 21:40:27.304] [Render thread/INFO] [com.maxwell.cyber_ware_port.CyberWare/]: [CW-DBG] Pre fired
[219月2026 21:40:27.310] [Render thread/INFO] [com.maxwell.cyber_ware_port.CyberWare/]: [CW-DBG] Pre fired
[219月2026 21:40:27.319] [Render thread/INFO] [com.maxwell.cyber_ware_port.CyberWare/]: [CW-DBG] Pre fired
[219月2026 21:40:27.326] [Render thread/INFO] [com.maxwell.cyber_ware_port.CyberWare/]: [CW-DBG] Pre fired
[219月2026 21:40:27.336] [Render thread/INFO] [com.maxwell.cyber_ware_port.CyberWare/]: [CW-DBG] Pre fired
[219月2026 21:40:27.344] [Render thread/INFO] [com.maxwell.cyber_ware_port.CyberWare/]: [CW-DBG] Pre fired
[219月2026 21:40:27.355] [Render thread/INFO] [com.maxwell.cyber_ware_port.CyberWare/]: [CW-DBG] Pre fired
[219月2026 21:40:27.362] [Render thread/INFO] [com.maxwell.cyber_ware_port.CyberWare/]: [CW-DBG] Pre fired
[219月2026 21:40:27.370] [Render thread/INFO] [com.maxwell.cyber_ware_port.CyberWare/]: [CW-DBG] Pre fired
[219月2026 21:40:27.377] [Render thread/INFO] [com.maxwell.cyber_ware_port.CyberWare/]: [CW-DBG] Pre fired
[219月2026 21:40:27.385] [Render thread/INFO] [com.maxwell.cyber_ware_port.CyberWare/]: [CW-DBG] Pre fired
[219月2026 21:40:27.394] [Render thread/INFO] [com.maxwell.cyber_ware_port.CyberWare/]: [CW-DBG] Pre fired
[219月2026 21:40:27.404] [Render thread/INFO] [com.maxwell.cyber_ware_port.CyberWare/]: [CW-DBG] Pre fired
[219月2026 21:40:27.411] [Render thread/INFO] [com.maxwell.cyber_ware_port.CyberWare/]: [CW-DBG] Pre fired
[219月2026 21:40:27.419] [Render thread/INFO] [com.maxwell.cyber_ware_port.CyberWare/]: [CW-DBG] Pre fired
[219月2026 21:40:27.428] [Render thread/INFO] [com.maxwell.cyber_ware_port.CyberWare/]: [CW-DBG] Pre fired
[219月2026 21:40:27.436] [Render thread/INFO] [com.maxwell.cyber_ware_port.CyberWare/]: [CW-DBG] Pre fired
[219月2026 21:40:27.444] [Render thread/INFO] [com.maxwell.cyber_ware_port.CyberWare/]: [CW-DBG] Pre fired
[219月2026 21:40:27.455] [Render thread/INFO] [com.maxwell.cyber_ware_port.CyberWare/]: [CW-DBG] Pre fired
[219月2026 21:40:27.461] [Render thread/INFO] [com.maxwell.cyber_ware_port.CyberWare/]: [CW-DBG] Pre fired
[219月2026 21:40:27.469] [Render thread/INFO] [com.maxwell.cyber_ware_port.CyberWare/]: [CW-DBG] Pre fired
[219月2026 21:40:27.479] [Render thread/INFO] [com.maxwell.cyber_ware_port.CyberWare/]: [CW-DBG] Pre fired
[219月2026 21:40:27.487] [Render thread/INFO] [com.maxwell.cyber_ware_port.CyberWare/]: [CW-DBG] Pre fired
[219月2026 21:40:27.496] [Render thread/INFO] [com.maxwell.cyber_ware_port.CyberWare/]: [CW-DBG] Pre fired
[219月2026 21:40:27.506] [Render thread/INFO] [com.maxwell.cyber_ware_port.CyberWare/]: [CW-DBG] Pre fired
[219月2026 21:40:27.512] [Render thread/INFO] [com.maxwell.cyber_ware_port.CyberWare/]: [CW-DBG] Pre fired
[219月2026 21:40:27.520] [Render thread/INFO] [com.maxwell.cyber_ware_port.CyberWare/]: [CW-DBG] Pre fired
[219月2026 21:40:27.529] [Render thread/INFO] [com.maxwell.cyber_ware_port.CyberWare/]: [CW-DBG] Pre fired
[219月2026 21:40:27.538] [Render thread/INFO] [com.maxwell.cyber_ware_port.CyberWare/]: [CW-DBG] Pre fired
[219月2026 21:40:27.546] [Render thread/INFO] [com.maxwell.cyber_ware_port.CyberWare/]: [CW-DBG] Pre fired
[219月2026 21:40:27.557] [Render thread/INFO] [com.maxwell.cyber_ware_port.CyberWare/]: [CW-DBG] Pre fired
[219月2026 21:40:27.564] [Render thread/INFO] [com.maxwell.cyber_ware_port.CyberWare/]: [CW-DBG] Pre fired
[219月2026 21:40:27.572] [Render thread/INFO] [com.maxwell.cyber_ware_port.CyberWare/]: [CW-DBG] Pre fired
[219月2026 21:40:27.580] [Render thread/INFO] [com.maxwell.cyber_ware_port.CyberWare/]: [CW-DBG] Pre fired
[219月2026 21:40:27.587] [Render thread/INFO] [com.maxwell.cyber_ware_port.CyberWare/]: [CW-DBG] Pre fired
[219月2026 21:40:27.596] [Render thread/INFO] [com.maxwell.cyber_ware_port.CyberWare/]: [CW-DBG] Pre fired
[219月2026 21:40:27.606] [Render thread/INFO] [com.maxwell.cyber_ware_port.CyberWare/]: [CW-DBG] Pre fired
[219月2026 21:40:27.612] [Render thread/INFO] [com.maxwell.cyber_ware_port.CyberWare/]: [CW-DBG] Pre fired
[219月2026 21:40:27.620] [Render thread/INFO] [com.maxwell.cyber_ware_port.CyberWare/]: [CW-DBG] Pre fired
[219月2026 21:40:27.629] [Render thread/INFO] [com.maxwell.cyber_ware_port.CyberWare/]: [CW-DBG] Pre fired
[219月2026 21:40:27.638] [Render thread/INFO] [com.maxwell.cyber_ware_port.CyberWare/]: [CW-DBG] Pre fired
[219月2026 21:40:27.646] [Render thread/INFO] [com.maxwell.cyber_ware_port.CyberWare/]: [CW-DBG] Pre fired
[219月2026 21:40:27.657] [Render thread/INFO] [com.maxwell.cyber_ware_port.CyberWare/]: [CW-DBG] Pre fired
[219月2026 21:40:27.664] [Render thread/INFO] [com.maxwell.cyber_ware_port.CyberWare/]: [CW-DBG] Pre fired
[219月2026 21:40:27.671] [Render thread/INFO] [com.maxwell.cyber_ware_port.CyberWare/]: [CW-DBG] Pre fired
[219月2026 21:40:27.680] [Render thread/INFO] [com.maxwell.cyber_ware_port.CyberWare/]: [CW-DBG] Pre fired
[219月2026 21:40:27.689] [Render thread/INFO] [com.maxwell.cyber_ware_port.CyberWare/]: [CW-DBG] Pre fired
[219月2026 21:40:27.697] [Render thread/INFO] [com.maxwell.cyber_ware_port.CyberWare/]: [CW-DBG] Pre fired
[219月2026 21:40:27.708] [Render thread/INFO] [com.maxwell.cyber_ware_port.CyberWare/]: [CW-DBG] Pre fired
[219月2026 21:40:27.715] [Render thread/INFO] [com.maxwell.cyber_ware_port.CyberWare/]: [CW-DBG] Pre fired
[219月2026 21:40:27.723] [Render thread/INFO] [com.maxwell.cyber_ware_port.CyberWare/]: [CW-DBG] Pre fired
[219月2026 21:40:27.731] [Render thread/INFO] [com.maxwell.cyber_ware_port.CyberWare/]: [CW-DBG] Pre fired
[219月2026 21:40:27.739] [Render thread/INFO] [com.maxwell.cyber_ware_port.CyberWare/]: [CW-DBG] Pre fired
[219月2026 21:40:27.748] [Render thread/INFO] [com.maxwell.cyber_ware_port.CyberWare/]: [CW-DBG] Pre fired
[219月2026 21:40:27.759] [Render thread/INFO] [com.maxwell.cyber_ware_port.CyberWare/]: [CW-DBG] Pre fired
[219月2026 21:40:27.766] [Render thread/INFO] [com.maxwell.cyber_ware_port.CyberWare/]: [CW-DBG] Pre fired
[219月2026 21:40:27.773] [Render thread/INFO] [com.maxwell.cyber_ware_port.CyberWare/]: [CW-DBG] Pre fired
[219月2026 21:40:27.782] [Render thread/INFO] [com.maxwell.cyber_ware_port.CyberWare/]: [CW-DBG] Pre fired
[219月2026 21:40:27.790] [Render thread/INFO] [com.maxwell.cyber_ware_port.CyberWare/]: [CW-DBG] Pre fired
[219月2026 21:40:27.798] [Render thread/INFO] [com.maxwell.cyber_ware_port.CyberWare/]: [CW-DBG] Pre fired
[219月2026 21:40:27.809] [Render thread/INFO] [com.maxwell.cyber_ware_port.CyberWare/]: [CW-DBG] Pre fired
[219月2026 21:40:27.816] [Render thread/INFO] [com.maxwell.cyber_ware_port.CyberWare/]: [CW-DBG] Pre fired
[219月2026 21:40:27.824] [Render thread/INFO] [com.maxwell.cyber_ware_port.CyberWare/]: [CW-DBG] Pre fired
[219月2026 21:40:27.834] [Render thread/INFO] [com.maxwell.cyber_ware_port.CyberWare/]: [CW-DBG] Pre fired
[219月2026 21:40:27.843] [Render thread/INFO] [com.maxwell.cyber_ware_port.CyberWare/]: [CW-DBG] Pre fired
[219月2026 21:40:27.850] [Render thread/INFO] [com.maxwell.cyber_ware_port.CyberWare/]: [CW-DBG] Pre fired
[219月2026 21:40:27.860] [Render thread/INFO] [com.maxwell.cyber_ware_port.CyberWare/]: [CW-DBG] Pre fired
[219月2026 21:40:27.868] [Render thread/INFO] [com.maxwell.cyber_ware_port.CyberWare/]: [CW-DBG] Pre fired
[219月2026 21:40:27.876] [Render thread/INFO] [com.maxwell.cyber_ware_port.CyberWare/]: [CW-DBG] Pre fired
[219月2026 21:40:27.883] [Render thread/INFO] [com.maxwell.cyber_ware_port.CyberWare/]: [CW-DBG] Pre fired
[219月2026 21:40:27.899] [Render thread/INFO] [com.maxwell.cyber_ware_port.CyberWare/]: [CW-DBG] Pre fired
[219月2026 21:40:27.905] [Render thread/INFO] [com.maxwell.cyber_ware_port.CyberWare/]: [CW-DBG] Pre fired
[219月2026 21:40:27.912] [Render thread/INFO] [com.maxwell.cyber_ware_port.CyberWare/]: [CW-DBG] Pre fired
[219月2026 21:40:27.920] [Render thread/INFO] [com.maxwell.cyber_ware_port.CyberWare/]: [CW-DBG] Pre fired
[219月2026 21:40:27.929] [Render thread/INFO] [com.maxwell.cyber_ware_port.CyberWare/]: [CW-DBG] Pre fired
[219月2026 21:40:27.937] [Render thread/INFO] [com.maxwell.cyber_ware_port.CyberWare/]: [CW-DBG] Pre fired
[219月2026 21:40:27.946] [Render thread/INFO] [com.maxwell.cyber_ware_port.CyberWare/]: [CW-DBG] Pre fired
[219月2026 21:40:27.957] [Render thread/INFO] [com.maxwell.cyber_ware_port.CyberWare/]: [CW-DBG] Pre fired
[219月2026 21:40:27.962] [Render thread/INFO] [com.maxwell.cyber_ware_port.CyberWare/]: [CW-DBG] Pre fired
[219月2026 21:40:27.970] [Render thread/INFO] [com.maxwell.cyber_ware_port.CyberWare/]: [CW-DBG] Pre fired
[219月2026 21:40:27.979] [Render thread/INFO] [com.maxwell.cyber_ware_port.CyberWare/]: [CW-DBG] Pre fired
[219月2026 21:40:27.989] [Render thread/INFO] [com.maxwell.cyber_ware_port.CyberWare/]: [CW-DBG] Pre fired
[219月2026 21:40:27.997] [Render thread/INFO] [com.maxwell.cyber_ware_port.CyberWare/]: [CW-DBG] Pre fired
[219月2026 21:40:28.007] [Render thread/INFO] [com.maxwell.cyber_ware_port.CyberWare/]: [CW-DBG] Pre fired
[219月2026 21:40:28.013] [Render thread/INFO] [com.maxwell.cyber_ware_port.CyberWare/]: [CW-DBG] Pre fired
[219月2026 21:40:28.022] [Render thread/INFO] [com.maxwell.cyber_ware_port.CyberWare/]: [CW-DBG] Pre fired
[219月2026 21:40:28.029] [Render thread/INFO] [com.maxwell.cyber_ware_port.CyberWare/]: [CW-DBG] Pre fired
[219月2026 21:40:28.038] [Render thread/INFO] [com.maxwell.cyber_ware_port.CyberWare/]: [CW-DBG] Pre fired
[219月2026 21:40:28.047] [Render thread/INFO] [com.maxwell.cyber_ware_port.CyberWare/]: [CW-DBG] Pre fired
[219月2026 21:40:28.059] [Render thread/INFO] [com.maxwell.cyber_ware_port.CyberWare/]: [CW-DBG] Pre fired
[219月2026 21:40:28.064] [Render thread/INFO] [com.maxwell.cyber_ware_port.CyberWare/]: [CW-DBG] Pre fired
[219月2026 21:40:28.073] [Render thread/INFO] [com.maxwell.cyber_ware_port.CyberWare/]: [CW-DBG] Pre fired
[219月2026 21:40:28.081] [Render thread/INFO] [com.maxwell.cyber_ware_port.CyberWare/]: [CW-DBG] Pre fired
[219月2026 21:40:28.090] [Render thread/INFO] [com.maxwell.cyber_ware_port.CyberWare/]: [CW-DBG] Pre fired
[219月2026 21:40:28.097] [Render thread/INFO] [com.maxwell.cyber_ware_port.CyberWare/]: [CW-DBG] Pre fired
[219月2026 21:40:28.108] [Render thread/INFO] [com.maxwell.cyber_ware_port.CyberWare/]: [CW-DBG] Pre fired
[219月2026 21:40:28.114] [Render thread/INFO] [com.maxwell.cyber_ware_port.CyberWare/]: [CW-DBG] Pre fired
[219月2026 21:40:28.122] [Render thread/INFO] [com.maxwell.cyber_ware_port.CyberWare/]: [CW-DBG] Pre fired
[219月2026 21:40:28.131] [Render thread/INFO] [com.maxwell.cyber_ware_port.CyberWare/]: [CW-DBG] Pre fired
[219月2026 21:40:28.140] [Render thread/INFO] [com.maxwell.cyber_ware_port.CyberWare/]: [CW-DBG] Pre fired
[219月2026 21:40:28.149] [Render thread/INFO] [com.maxwell.cyber_ware_port.CyberWare/]: [CW-DBG] Pre fired
[219月2026 21:40:28.159] [Render thread/INFO] [com.maxwell.cyber_ware_port.CyberWare/]: [CW-DBG] Pre fired
[219月2026 21:40:28.167] [Render thread/INFO] [com.maxwell.cyber_ware_port.CyberWare/]: [CW-DBG] Pre fired
[219月2026 21:40:28.172] [Render thread/INFO] [com.maxwell.cyber_ware_port.CyberWare/]: [CW-DBG] Pre fired
[219月2026 21:40:28.180] [Render thread/INFO] [com.maxwell.cyber_ware_port.CyberWare/]: [CW-DBG] Pre fired
[219月2026 21:40:28.189] [Render thread/INFO] [com.maxwell.cyber_ware_port.CyberWare/]: [CW-DBG] Pre fired
[219月2026 21:40:28.198] [Render thread/INFO] [com.maxwell.cyber_ware_port.CyberWare/]: [CW-DBG] Pre fired
[219月2026 21:40:28.208] [Render thread/INFO] [com.maxwell.cyber_ware_port.CyberWare/]: [CW-DBG] Pre fired
[219月2026 21:40:28.214] [Render thread/INFO] [com.maxwell.cyber_ware_port.CyberWare/]: [CW-DBG] Pre fired
[219月2026 21:40:28.223] [Render thread/INFO] [com.maxwell.cyber_ware_port.CyberWare/]: [CW-DBG] Pre fired
[219月2026 21:40:28.231] [Render thread/INFO] [com.maxwell.cyber_ware_port.CyberWare/]: [CW-DBG] Pre fired
[219月2026 21:40:28.239] [Render thread/INFO] [com.maxwell.cyber_ware_port.CyberWare/]: [CW-DBG] Pre fired
[219月2026 21:40:28.248] [Render thread/INFO] [com.maxwell.cyber_ware_port.CyberWare/]: [CW-DBG] Pre fired
[219月2026 21:40:28.258] [Render thread/INFO] [com.maxwell.cyber_ware_port.CyberWare/]: [CW-DBG] Pre fired
[219月2026 21:40:28.265] [Render thread/INFO] [com.maxwell.cyber_ware_port.CyberWare/]: [CW-DBG] Pre fired
[219月2026 21:40:28.274] [Render thread/INFO] [com.maxwell.cyber_ware_port.CyberWare/]: [CW-DBG] Pre fired
[219月2026 21:40:28.283] [Render thread/INFO] [com.maxwell.cyber_ware_port.CyberWare/]: [CW-DBG] Pre fired
[219月2026 21:40:28.290] [Render thread/INFO] [com.maxwell.cyber_ware_port.CyberWare/]: [CW-DBG] Pre fired
[219月2026 21:40:28.299] [Render thread/INFO] [com.maxwell.cyber_ware_port.CyberWare/]: [CW-DBG] Pre fired
[219月2026 21:40:28.309] [Render thread/INFO] [com.maxwell.cyber_ware_port.CyberWare/]: [CW-DBG] Pre fired
[219月2026 21:40:28.316] [Render thread/INFO] [com.maxwell.cyber_ware_port.CyberWare/]: [CW-DBG] Pre fired
[219月2026 21:40:28.324] [Render thread/INFO] [com.maxwell.cyber_ware_port.CyberWare/]: [CW-DBG] Pre fired
[219月2026 21:40:28.334] [Render thread/INFO] [com.maxwell.cyber_ware_port.CyberWare/]: [CW-DBG] Pre fired
[219月2026 21:40:28.340] [Render thread/INFO] [com.maxwell.cyber_ware_port.CyberWare/]: [CW-DBG] Pre fired
[219月2026 21:40:28.349] [Render thread/INFO] [com.maxwell.cyber_ware_port.CyberWare/]: [CW-DBG] Pre fired
[219月2026 21:40:28.358] [Render thread/INFO] [com.maxwell.cyber_ware_port.CyberWare/]: [CW-DBG] Pre fired
[219月2026 21:40:28.367] [Render thread/INFO] [com.maxwell.cyber_ware_port.CyberWare/]: [CW-DBG] Pre fired
[219月2026 21:40:28.374] [Render thread/INFO] [com.maxwell.cyber_ware_port.CyberWare/]: [CW-DBG] Pre fired
[219月2026 21:40:28.382] [Render thread/INFO] [com.maxwell.cyber_ware_port.CyberWare/]: [CW-DBG] Pre fired
[219月2026 21:40:28.390] [Render thread/INFO] [com.maxwell.cyber_ware_port.CyberWare/]: [CW-DBG] Pre fired
[219月2026 21:40:28.398] [Render thread/INFO] [com.maxwell.cyber_ware_port.CyberWare/]: [CW-DBG] Pre fired
[219月2026 21:40:28.409] [Render thread/INFO] [com.maxwell.cyber_ware_port.CyberWare/]: [CW-DBG] Pre fired
[219月2026 21:40:28.416] [Render thread/INFO] [com.maxwell.cyber_ware_port.CyberWare/]: [CW-DBG] Pre fired
[219月2026 21:40:28.426] [Render thread/INFO] [com.maxwell.cyber_ware_port.CyberWare/]: [CW-DBG] Pre fired
[219月2026 21:40:28.435] [Render thread/INFO] [com.maxwell.cyber_ware_port.CyberWare/]: [CW-DBG] Pre fired
[219月2026 21:40:28.443] [Render thread/INFO] [com.maxwell.cyber_ware_port.CyberWare/]: [CW-DBG] Pre fired
[219月2026 21:40:28.453] [Render thread/INFO] [com.maxwell.cyber_ware_port.CyberWare/]: [CW-DBG] Pre fired
[219月2026 21:40:28.461] [Render thread/INFO] [com.maxwell.cyber_ware_port.CyberWare/]: [CW-DBG] Pre fired
[219月2026 21:40:28.468] [Render thread/INFO] [com.maxwell.cyber_ware_port.CyberWare/]: [CW-DBG] Pre fired
[219月2026 21:40:28.477] [Render thread/INFO] [com.maxwell.cyber_ware_port.CyberWare/]: [CW-DBG] Pre fired
[219月2026 21:40:28.485] [Render thread/INFO] [com.maxwell.cyber_ware_port.CyberWare/]: [CW-DBG] Pre fired
[219月2026 21:40:28.494] [Render thread/INFO] [com.maxwell.cyber_ware_port.CyberWare/]: [CW-DBG] Pre fired
[219月2026 21:40:28.504] [Render thread/INFO] [com.maxwell.cyber_ware_port.CyberWare/]: [CW-DBG] Pre fired
[219月2026 21:40:28.511] [Render thread/INFO] [com.maxwell.cyber_ware_port.CyberWare/]: [CW-DBG] Pre fired
[219月2026 21:40:28.518] [Render thread/INFO] [com.maxwell.cyber_ware_port.CyberWare/]: [CW-DBG] Pre fired
[219月2026 21:40:28.528] [Render thread/INFO] [com.maxwell.cyber_ware_port.CyberWare/]: [CW-DBG] Pre fired
[219月2026 21:40:28.536] [Render thread/INFO] [com.maxwell.cyber_ware_port.CyberWare/]: [CW-DBG] Pre fired
[219月2026 21:40:28.544] [Render thread/INFO] [com.maxwell.cyber_ware_port.CyberWare/]: [CW-DBG] Pre fired
[219月2026 21:40:28.555] [Render thread/INFO] [com.maxwell.cyber_ware_port.CyberWare/]: [CW-DBG] Pre fired
[219月2026 21:40:28.560] [Render thread/INFO] [com.maxwell.cyber_ware_port.CyberWare/]: [CW-DBG] Pre fired
[219月2026 21:40:28.569] [Render thread/INFO] [com.maxwell.cyber_ware_port.CyberWare/]: [CW-DBG] Pre fired
[219月2026 21:40:28.577] [Render thread/INFO] [com.maxwell.cyber_ware_port.CyberWare/]: [CW-DBG] Pre fired
[219月2026 21:40:28.585] [Render thread/INFO] [com.maxwell.cyber_ware_port.CyberWare/]: [CW-DBG] Pre fired
[219月2026 21:40:28.594] [Render thread/INFO] [com.maxwell.cyber_ware_port.CyberWare/]: [CW-DBG] Pre fired
[219月2026 21:40:28.604] [Render thread/INFO] [com.maxwell.cyber_ware_port.CyberWare/]: [CW-DBG] Pre fired
[219月2026 21:40:28.610] [Render thread/INFO] [com.maxwell.cyber_ware_port.CyberWare/]: [CW-DBG] Pre fired
[219月2026 21:40:28.620] [Render thread/INFO] [com.maxwell.cyber_ware_port.CyberWare/]: [CW-DBG] Pre fired
[219月2026 21:40:28.627] [Render thread/INFO] [com.maxwell.cyber_ware_port.CyberWare/]: [CW-DBG] Pre fired
[219月2026 21:40:28.636] [Render thread/INFO] [com.maxwell.cyber_ware_port.CyberWare/]: [CW-DBG] Pre fired
[219月2026 21:40:28.644] [Render thread/INFO] [com.maxwell.cyber_ware_port.CyberWare/]: [CW-DBG] Pre fired
[219月2026 21:40:28.654] [Render thread/INFO] [com.maxwell.cyber_ware_port.CyberWare/]: [CW-DBG] Pre fired
[219月2026 21:40:28.661] [Render thread/INFO] [com.maxwell.cyber_ware_port.CyberWare/]: [CW-DBG] Pre fired
[219月2026 21:40:28.670] [Render thread/INFO] [com.maxwell.cyber_ware_port.CyberWare/]: [CW-DBG] Pre fired
[219月2026 21:40:28.677] [Render thread/INFO] [com.maxwell.cyber_ware_port.CyberWare/]: [CW-DBG] Pre fired
[219月2026 21:40:28.686] [Render thread/INFO] [com.maxwell.cyber_ware_port.CyberWare/]: [CW-DBG] Pre fired
[219月2026 21:40:28.694] [Render thread/INFO] [com.maxwell.cyber_ware_port.CyberWare/]: [CW-DBG] Pre fired
[219月2026 21:40:28.705] [Render thread/INFO] [com.maxwell.cyber_ware_port.CyberWare/]: [CW-DBG] Pre fired
[219月2026 21:40:28.710] [Render thread/INFO] [com.maxwell.cyber_ware_port.CyberWare/]: [CW-DBG] Pre fired
[219月2026 21:40:28.719] [Render thread/INFO] [com.maxwell.cyber_ware_port.CyberWare/]: [CW-DBG] Pre fired
[219月2026 21:40:28.728] [Render thread/INFO] [com.maxwell.cyber_ware_port.CyberWare/]: [CW-DBG] Pre fired
[219月2026 21:40:28.736] [Render thread/INFO] [com.maxwell.cyber_ware_port.CyberWare/]: [CW-DBG] Pre fired
[219月2026 21:40:28.744] [Render thread/INFO] [com.maxwell.cyber_ware_port.CyberWare/]: [CW-DBG] Pre fired
[219月2026 21:40:28.756] [Render thread/INFO] [com.maxwell.cyber_ware_port.CyberWare/]: [CW-DBG] Pre fired
[219月2026 21:40:28.761] [Render thread/INFO] [com.maxwell.cyber_ware_port.CyberWare/]: [CW-DBG] Pre fired
[219月2026 21:40:28.770] [Render thread/INFO] [com.maxwell.cyber_ware_port.CyberWare/]: [CW-DBG] Pre fired
[219月2026 21:40:28.779] [Render thread/INFO] [com.maxwell.cyber_ware_port.CyberWare/]: [CW-DBG] Pre fired
[219月2026 21:40:28.787] [Render thread/INFO] [com.maxwell.cyber_ware_port.CyberWare/]: [CW-DBG] Pre fired
[219月2026 21:40:28.814] [Render thread/INFO] [com.maxwell.cyber_ware_port.CyberWare/]: [CW-DBG] Pre fired
[219月2026 21:40:28.819] [Render thread/INFO] [com.maxwell.cyber_ware_port.CyberWare/]: [CW-DBG] Pre fired
[219月2026 21:40:28.827] [Render thread/INFO] [com.maxwell.cyber_ware_port.CyberWare/]: [CW-DBG] Pre fired
[219月2026 21:40:28.837] [Render thread/INFO] [com.maxwell.cyber_ware_port.CyberWare/]: [CW-DBG] Pre fired
[219月2026 21:40:28.845] [Render thread/INFO] [com.maxwell.cyber_ware_port.CyberWare/]: [CW-DBG] Pre fired
[219月2026 21:40:28.852] [Server thread/INFO] [net.minecraft.client.server.IntegratedServer/]: Saving and pausing game...
[219月2026 21:40:28.854] [Render thread/INFO] [com.maxwell.cyber_ware_port.CyberWare/]: [CW-DBG] Pre fired
[219月2026 21:40:28.861] [Render thread/INFO] [com.maxwell.cyber_ware_port.CyberWare/]: [CW-DBG] Pre fired
[219月2026 21:40:28.872] [Render thread/INFO] [com.maxwell.cyber_ware_port.CyberWare/]: [CW-DBG] Pre fired
[219月2026 21:40:28.873] [Server thread/INFO] [net.minecraft.server.MinecraftServer/]: Saving chunks for level 'ServerLevel[新的世界]'/minecraft:overworld
[219月2026 21:40:28.879] [Render thread/INFO] [com.maxwell.cyber_ware_port.CyberWare/]: [CW-DBG] Pre fired
[219月2026 21:40:28.888] [Render thread/INFO] [com.maxwell.cyber_ware_port.CyberWare/]: [CW-DBG] Pre fired
[219月2026 21:40:28.896] [Render thread/INFO] [com.maxwell.cyber_ware_port.CyberWare/]: [CW-DBG] Pre fired
[219月2026 21:40:28.899] [Server thread/INFO] [net.minecraft.server.MinecraftServer/]: Saving chunks for level 'ServerLevel[新的世界]'/minecraft:the_nether
[219月2026 21:40:28.899] [Server thread/INFO] [net.minecraft.server.MinecraftServer/]: Saving chunks for level 'ServerLevel[新的世界]'/minecraft:the_end
[219月2026 21:40:28.905] [Render thread/INFO] [com.maxwell.cyber_ware_port.CyberWare/]: [CW-DBG] Pre fired
[219月2026 21:40:28.913] [Render thread/INFO] [com.maxwell.cyber_ware_port.CyberWare/]: [CW-DBG] Pre fired
[219月2026 21:40:28.921] [Render thread/INFO] [com.maxwell.cyber_ware_port.CyberWare/]: [CW-DBG] Pre fired
[219月2026 21:40:28.930] [Render thread/INFO] [com.maxwell.cyber_ware_port.CyberWare/]: [CW-DBG] Pre fired
[219月2026 21:40:28.940] [Render thread/INFO] [com.maxwell.cyber_ware_port.CyberWare/]: [CW-DBG] Pre fired
[219月2026 21:40:28.947] [Render thread/INFO] [com.maxwell.cyber_ware_port.CyberWare/]: [CW-DBG] Pre fired
[219月2026 21:40:28.956] [Render thread/INFO] [com.maxwell.cyber_ware_port.CyberWare/]: [CW-DBG] Pre fired
[219月2026 21:40:28.964] [Render thread/INFO] [com.maxwell.cyber_ware_port.CyberWare/]: [CW-DBG] Pre fired
[219月2026 21:40:28.972] [Render thread/INFO] [com.maxwell.cyber_ware_port.CyberWare/]: [CW-DBG] Pre fired
[219月2026 21:40:28.980] [Render thread/INFO] [com.maxwell.cyber_ware_port.CyberWare/]: [CW-DBG] Pre fired
[219月2026 21:40:28.990] [Render thread/INFO] [com.maxwell.cyber_ware_port.CyberWare/]: [CW-DBG] Pre fired
[219月2026 21:40:28.997] [Render thread/INFO] [com.maxwell.cyber_ware_port.CyberWare/]: [CW-DBG] Pre fired
[219月2026 21:40:29.007] [Render thread/INFO] [com.maxwell.cyber_ware_port.CyberWare/]: [CW-DBG] Pre fired
[219月2026 21:40:29.015] [Render thread/INFO] [com.maxwell.cyber_ware_port.CyberWare/]: [CW-DBG] Pre fired
[219月2026 21:40:29.023] [Render thread/INFO] [com.maxwell.cyber_ware_port.CyberWare/]: [CW-DBG] Pre fired
[219月2026 21:40:29.032] [Render thread/INFO] [com.maxwell.cyber_ware_port.CyberWare/]: [CW-DBG] Pre fired
[219月2026 21:40:29.041] [Render thread/INFO] [com.maxwell.cyber_ware_port.CyberWare/]: [CW-DBG] Pre fired
[219月2026 21:40:29.049] [Render thread/INFO] [com.maxwell.cyber_ware_port.CyberWare/]: [CW-DBG] Pre fired
[219月2026 21:40:29.058] [Render thread/INFO] [com.maxwell.cyber_ware_port.CyberWare/]: [CW-DBG] Pre fired
[219月2026 21:40:29.066] [Render thread/INFO] [com.maxwell.cyber_ware_port.CyberWare/]: [CW-DBG] Pre fired
[219月2026 21:40:29.074] [Render thread/INFO] [com.maxwell.cyber_ware_port.CyberWare/]: [CW-DBG] Pre fired
[219月2026 21:40:29.083] [Render thread/INFO] [com.maxwell.cyber_ware_port.CyberWare/]: [CW-DBG] Pre fired
[219月2026 21:40:29.090] [Render thread/INFO] [com.maxwell.cyber_ware_port.CyberWare/]: [CW-DBG] Pre fired
[219月2026 21:40:29.099] [Render thread/INFO] [com.maxwell.cyber_ware_port.CyberWare/]: [CW-DBG] Pre fired
[219月2026 21:40:29.108] [Render thread/INFO] [com.maxwell.cyber_ware_port.CyberWare/]: [CW-DBG] Pre fired
[219月2026 21:40:29.116] [Render thread/INFO] [com.maxwell.cyber_ware_port.CyberWare/]: [CW-DBG] Pre fired
[219月2026 21:40:29.125] [Render thread/INFO] [com.maxwell.cyber_ware_port.CyberWare/]: [CW-DBG] Pre fired
[219月2026 21:40:29.134] [Render thread/INFO] [com.maxwell.cyber_ware_port.CyberWare/]: [CW-DBG] Pre fired
[219月2026 21:40:29.142] [Render thread/INFO] [com.maxwell.cyber_ware_port.CyberWare/]: [CW-DBG] Pre fired
[219月2026 21:40:29.150] [Render thread/INFO] [com.maxwell.cyber_ware_port.CyberWare/]: [CW-DBG] Pre fired
[219月2026 21:40:29.158] [Render thread/INFO] [com.maxwell.cyber_ware_port.CyberWare/]: [CW-DBG] Pre fired
[219月2026 21:40:29.167] [Render thread/INFO] [com.maxwell.cyber_ware_port.CyberWare/]: [CW-DBG] Pre fired
[219月2026 21:40:29.176] [Render thread/INFO] [com.maxwell.cyber_ware_port.CyberWare/]: [CW-DBG] Pre fired
[219月2026 21:40:29.184] [Render thread/INFO] [com.maxwell.cyber_ware_port.CyberWare/]: [CW-DBG] Pre fired
[219月2026 21:40:29.193] [Render thread/INFO] [com.maxwell.cyber_ware_port.CyberWare/]: [CW-DBG] Pre fired
[219月2026 21:40:29.202] [Render thread/INFO] [com.maxwell.cyber_ware_port.CyberWare/]: [CW-DBG] Pre fired
[219月2026 21:40:29.210] [Render thread/INFO] [com.maxwell.cyber_ware_port.CyberWare/]: [CW-DBG] Pre fired
[219月2026 21:40:29.218] [Render thread/INFO] [com.maxwell.cyber_ware_port.CyberWare/]: [CW-DBG] Pre fired
[219月2026 21:40:29.227] [Render thread/INFO] [com.maxwell.cyber_ware_port.CyberWare/]: [CW-DBG] Pre fired
[219月2026 21:40:29.235] [Render thread/INFO] [com.maxwell.cyber_ware_port.CyberWare/]: [CW-DBG] Pre fired
[219月2026 21:40:29.243] [Render thread/INFO] [com.maxwell.cyber_ware_port.CyberWare/]: [CW-DBG] Pre fired
[219月2026 21:40:29.252] [Render thread/INFO] [com.maxwell.cyber_ware_port.CyberWare/]: [CW-DBG] Pre fired
[219月2026 21:40:29.259] [Render thread/INFO] [com.maxwell.cyber_ware_port.CyberWare/]: [CW-DBG] Pre fired
[219月2026 21:40:29.268] [Render thread/INFO] [com.maxwell.cyber_ware_port.CyberWare/]: [CW-DBG] Pre fired
[219月2026 21:40:29.277] [Render thread/INFO] [com.maxwell.cyber_ware_port.CyberWare/]: [CW-DBG] Pre fired
[219月2026 21:40:29.285] [Render thread/INFO] [com.maxwell.cyber_ware_port.CyberWare/]: [CW-DBG] Pre fired
[219月2026 21:40:29.293] [Render thread/INFO] [com.maxwell.cyber_ware_port.CyberWare/]: [CW-DBG] Pre fired
[219月2026 21:40:29.302] [Render thread/INFO] [com.maxwell.cyber_ware_port.CyberWare/]: [CW-DBG] Pre fired
[219月2026 21:40:29.309] [Render thread/INFO] [com.maxwell.cyber_ware_port.CyberWare/]: [CW-DBG] Pre fired
[219月2026 21:40:29.318] [Render thread/INFO] [com.maxwell.cyber_ware_port.CyberWare/]: [CW-DBG] Pre fired
[219月2026 21:40:29.326] [Render thread/INFO] [com.maxwell.cyber_ware_port.CyberWare/]: [CW-DBG] Pre fired
[219月2026 21:40:29.335] [Render thread/INFO] [com.maxwell.cyber_ware_port.CyberWare/]: [CW-DBG] Pre fired
[219月2026 21:40:29.343] [Render thread/INFO] [com.maxwell.cyber_ware_port.CyberWare/]: [CW-DBG] Pre fired
[219月2026 21:40:29.352] [Render thread/INFO] [com.maxwell.cyber_ware_port.CyberWare/]: [CW-DBG] Pre fired
[219月2026 21:40:29.360] [Render thread/INFO] [com.maxwell.cyber_ware_port.CyberWare/]: [CW-DBG] Pre fired
[219月2026 21:40:29.368] [Render thread/INFO] [com.maxwell.cyber_ware_port.CyberWare/]: [CW-DBG] Pre fired
[219月2026 21:40:29.377] [Render thread/INFO] [com.maxwell.cyber_ware_port.CyberWare/]: [CW-DBG] Pre fired
[219月2026 21:40:29.386] [Render thread/INFO] [com.maxwell.cyber_ware_port.CyberWare/]: [CW-DBG] Pre fired
[219月2026 21:40:29.394] [Render thread/INFO] [com.maxwell.cyber_ware_port.CyberWare/]: [CW-DBG] Pre fired
[219月2026 21:40:29.402] [Render thread/INFO] [com.maxwell.cyber_ware_port.CyberWare/]: [CW-DBG] Pre fired
[219月2026 21:40:29.411] [Render thread/INFO] [com.maxwell.cyber_ware_port.CyberWare/]: [CW-DBG] Pre fired
[219月2026 21:40:29.419] [Render thread/INFO] [com.maxwell.cyber_ware_port.CyberWare/]: [CW-DBG] Pre fired
[219月2026 21:40:29.427] [Render thread/INFO] [com.maxwell.cyber_ware_port.CyberWare/]: [CW-DBG] Pre fired
[219月2026 21:40:29.436] [Render thread/INFO] [com.maxwell.cyber_ware_port.CyberWare/]: [CW-DBG] Pre fired
[219月2026 21:40:29.444] [Render thread/INFO] [com.maxwell.cyber_ware_port.CyberWare/]: [CW-DBG] Pre fired
[219月2026 21:40:29.453] [Render thread/INFO] [com.maxwell.cyber_ware_port.CyberWare/]: [CW-DBG] Pre fired
[219月2026 21:40:29.460] [Render thread/INFO] [com.maxwell.cyber_ware_port.CyberWare/]: [CW-DBG] Pre fired
[219月2026 21:40:29.469] [Render thread/INFO] [com.maxwell.cyber_ware_port.CyberWare/]: [CW-DBG] Pre fired
[219月2026 21:40:29.478] [Render thread/INFO] [com.maxwell.cyber_ware_port.CyberWare/]: [CW-DBG] Pre fired
[219月2026 21:40:29.486] [Render thread/INFO] [com.maxwell.cyber_ware_port.CyberWare/]: [CW-DBG] Pre fired
[219月2026 21:40:29.495] [Render thread/INFO] [com.maxwell.cyber_ware_port.CyberWare/]: [CW-DBG] Pre fired
[219月2026 21:40:29.504] [Render thread/INFO] [com.maxwell.cyber_ware_port.CyberWare/]: [CW-DBG] Pre fired
[219月2026 21:40:29.513] [Render thread/INFO] [com.maxwell.cyber_ware_port.CyberWare/]: [CW-DBG] Pre fired
[219月2026 21:40:29.520] [Render thread/INFO] [com.maxwell.cyber_ware_port.CyberWare/]: [CW-DBG] Pre fired
[219月2026 21:40:29.529] [Render thread/INFO] [com.maxwell.cyber_ware_port.CyberWare/]: [CW-DBG] Pre fired
[219月2026 21:40:29.537] [Render thread/INFO] [com.maxwell.cyber_ware_port.CyberWare/]: [CW-DBG] Pre fired
[219月2026 21:40:29.546] [Render thread/INFO] [com.maxwell.cyber_ware_port.CyberWare/]: [CW-DBG] Pre fired
[219月2026 21:40:29.554] [Render thread/INFO] [com.maxwell.cyber_ware_port.CyberWare/]: [CW-DBG] Pre fired
[219月2026 21:40:29.562] [Render thread/INFO] [com.maxwell.cyber_ware_port.CyberWare/]: [CW-DBG] Pre fired
[219月2026 21:40:29.571] [Render thread/INFO] [com.maxwell.cyber_ware_port.CyberWare/]: [CW-DBG] Pre fired
[219月2026 21:40:29.580] [Render thread/INFO] [com.maxwell.cyber_ware_port.CyberWare/]: [CW-DBG] Pre fired
[219月2026 21:40:29.588] [Render thread/INFO] [com.maxwell.cyber_ware_port.CyberWare/]: [CW-DBG] Pre fired
[219月2026 21:40:29.597] [Render thread/INFO] [com.maxwell.cyber_ware_port.CyberWare/]: [CW-DBG] Pre fired
[219月2026 21:40:29.605] [Render thread/INFO] [com.maxwell.cyber_ware_port.CyberWare/]: [CW-DBG] Pre fired
[219月2026 21:40:29.613] [Render thread/INFO] [com.maxwell.cyber_ware_port.CyberWare/]: [CW-DBG] Pre fired
[219月2026 21:40:29.621] [Render thread/INFO] [com.maxwell.cyber_ware_port.CyberWare/]: [CW-DBG] Pre fired
[219月2026 21:40:29.629] [Render thread/INFO] [com.maxwell.cyber_ware_port.CyberWare/]: [CW-DBG] Pre fired
[219月2026 21:40:29.638] [Render thread/INFO] [com.maxwell.cyber_ware_port.CyberWare/]: [CW-DBG] Pre fired
[219月2026 21:40:29.647] [Render thread/INFO] [com.maxwell.cyber_ware_port.CyberWare/]: [CW-DBG] Pre fired
[219月2026 21:40:29.654] [Render thread/INFO] [com.maxwell.cyber_ware_port.CyberWare/]: [CW-DBG] Pre fired
[219月2026 21:40:29.663] [Render thread/INFO] [com.maxwell.cyber_ware_port.CyberWare/]: [CW-DBG] Pre fired
[219月2026 21:40:29.670] [Render thread/INFO] [com.maxwell.cyber_ware_port.CyberWare/]: [CW-DBG] Pre fired
[219月2026 21:40:29.679] [Render thread/INFO] [com.maxwell.cyber_ware_port.CyberWare/]: [CW-DBG] Pre fired
[219月2026 21:40:29.688] [Render thread/INFO] [com.maxwell.cyber_ware_port.CyberWare/]: [CW-DBG] Pre fired
[219月2026 21:40:29.696] [Render thread/INFO] [com.maxwell.cyber_ware_port.CyberWare/]: [CW-DBG] Pre fired
[219月2026 21:40:29.706] [Render thread/INFO] [com.maxwell.cyber_ware_port.CyberWare/]: [CW-DBG] Pre fired
[219月2026 21:40:29.714] [Render thread/INFO] [com.maxwell.cyber_ware_port.CyberWare/]: [CW-DBG] Pre fired
[219月2026 21:40:29.721] [Render thread/INFO] [com.maxwell.cyber_ware_port.CyberWare/]: [CW-DBG] Pre fired
[219月2026 21:40:29.730] [Render thread/INFO] [com.maxwell.cyber_ware_port.CyberWare/]: [CW-DBG] Pre fired
[219月2026 21:40:29.738] [Render thread/INFO] [com.maxwell.cyber_ware_port.CyberWare/]: [CW-DBG] Pre fired
[219月2026 21:40:29.746] [Render thread/INFO] [com.maxwell.cyber_ware_port.CyberWare/]: [CW-DBG] Pre fired
[219月2026 21:40:29.755] [Render thread/INFO] [com.maxwell.cyber_ware_port.CyberWare/]: [CW-DBG] Pre fired
[219月2026 21:40:29.762] [Render thread/INFO] [com.maxwell.cyber_ware_port.CyberWare/]: [CW-DBG] Pre fired
[219月2026 21:40:29.771] [Render thread/INFO] [com.maxwell.cyber_ware_port.CyberWare/]: [CW-DBG] Pre fired
[219月2026 21:40:29.781] [Render thread/INFO] [com.maxwell.cyber_ware_port.CyberWare/]: [CW-DBG] Pre fired
[219月2026 21:40:29.788] [Render thread/INFO] [com.maxwell.cyber_ware_port.CyberWare/]: [CW-DBG] Pre fired
[219月2026 21:40:29.797] [Render thread/INFO] [com.maxwell.cyber_ware_port.CyberWare/]: [CW-DBG] Pre fired
[219月2026 21:40:29.805] [Render thread/INFO] [com.maxwell.cyber_ware_port.CyberWare/]: [CW-DBG] Pre fired
[219月2026 21:40:29.814] [Render thread/INFO] [com.maxwell.cyber_ware_port.CyberWare/]: [CW-DBG] Pre fired
[219月2026 21:40:29.821] [Render thread/INFO] [com.maxwell.cyber_ware_port.CyberWare/]: [CW-DBG] Pre fired
[219月2026 21:40:29.830] [Render thread/INFO] [com.maxwell.cyber_ware_port.CyberWare/]: [CW-DBG] Pre fired
[219月2026 21:40:29.838] [Render thread/INFO] [com.maxwell.cyber_ware_port.CyberWare/]: [CW-DBG] Pre fired
[219月2026 21:40:29.847] [Render thread/INFO] [com.maxwell.cyber_ware_port.CyberWare/]: [CW-DBG] Pre fired
[219月2026 21:40:29.856] [Render thread/INFO] [com.maxwell.cyber_ware_port.CyberWare/]: [CW-DBG] Pre fired
[219月2026 21:40:29.864] [Render thread/INFO] [com.maxwell.cyber_ware_port.CyberWare/]: [CW-DBG] Pre fired
[219月2026 21:40:29.872] [Render thread/INFO] [com.maxwell.cyber_ware_port.CyberWare/]: [CW-DBG] Pre fired
[219月2026 21:40:29.881] [Render thread/INFO] [com.maxwell.cyber_ware_port.CyberWare/]: [CW-DBG] Pre fired
[219月2026 21:40:29.888] [Render thread/INFO] [com.maxwell.cyber_ware_port.CyberWare/]: [CW-DBG] Pre fired
[219月2026 21:40:29.897] [Render thread/INFO] [com.maxwell.cyber_ware_port.CyberWare/]: [CW-DBG] Pre fired
[219月2026 21:40:29.906] [Render thread/INFO] [com.maxwell.cyber_ware_port.CyberWare/]: [CW-DBG] Pre fired
[219月2026 21:40:29.914] [Render thread/INFO] [com.maxwell.cyber_ware_port.CyberWare/]: [CW-DBG] Pre fired
[219月2026 21:40:29.922] [Render thread/INFO] [com.maxwell.cyber_ware_port.CyberWare/]: [CW-DBG] Pre fired
[219月2026 21:40:29.931] [Render thread/INFO] [com.maxwell.cyber_ware_port.CyberWare/]: [CW-DBG] Pre fired
[219月2026 21:40:29.940] [Render thread/INFO] [com.maxwell.cyber_ware_port.CyberWare/]: [CW-DBG] Pre fired
[219月2026 21:40:29.948] [Render thread/INFO] [com.maxwell.cyber_ware_port.CyberWare/]: [CW-DBG] Pre fired
[219月2026 21:40:29.957] [Render thread/INFO] [com.maxwell.cyber_ware_port.CyberWare/]: [CW-DBG] Pre fired
[219月2026 21:40:29.965] [Render thread/INFO] [com.maxwell.cyber_ware_port.CyberWare/]: [CW-DBG] Pre fired
[219月2026 21:40:29.974] [Render thread/INFO] [com.maxwell.cyber_ware_port.CyberWare/]: [CW-DBG] Pre fired
[219月2026 21:40:29.982] [Render thread/INFO] [com.maxwell.cyber_ware_port.CyberWare/]: [CW-DBG] Pre fired
[219月2026 21:40:29.990] [Render thread/INFO] [com.maxwell.cyber_ware_port.CyberWare/]: [CW-DBG] Pre fired
[219月2026 21:40:29.998] [Render thread/INFO] [com.maxwell.cyber_ware_port.CyberWare/]: [CW-DBG] Pre fired
[219月2026 21:40:30.007] [Render thread/INFO] [com.maxwell.cyber_ware_port.CyberWare/]: [CW-DBG] Pre fired
[219月2026 21:40:30.015] [Render thread/INFO] [com.maxwell.cyber_ware_port.CyberWare/]: [CW-DBG] Pre fired
[219月2026 21:40:30.024] [Render thread/INFO] [com.maxwell.cyber_ware_port.CyberWare/]: [CW-DBG] Pre fired
[219月2026 21:40:30.032] [Render thread/INFO] [com.maxwell.cyber_ware_port.CyberWare/]: [CW-DBG] Pre fired
[219月2026 21:40:30.040] [Render thread/INFO] [com.maxwell.cyber_ware_port.CyberWare/]: [CW-DBG] Pre fired
[219月2026 21:40:30.049] [Render thread/INFO] [com.maxwell.cyber_ware_port.CyberWare/]: [CW-DBG] Pre fired
[219月2026 21:40:30.058] [Render thread/INFO] [com.maxwell.cyber_ware_port.CyberWare/]: [CW-DBG] Pre fired
[219月2026 21:40:30.067] [Render thread/INFO] [com.maxwell.cyber_ware_port.CyberWare/]: [CW-DBG] Pre fired
[219月2026 21:40:30.078] [Render thread/INFO] [com.maxwell.cyber_ware_port.CyberWare/]: [CW-DBG] Pre fired
[219月2026 21:40:30.086] [Render thread/INFO] [com.maxwell.cyber_ware_port.CyberWare/]: [CW-DBG] Pre fired
[219月2026 21:40:30.095] [Render thread/INFO] [com.maxwell.cyber_ware_port.CyberWare/]: [CW-DBG] Pre fired
[219月2026 21:40:30.104] [Render thread/INFO] [com.maxwell.cyber_ware_port.CyberWare/]: [CW-DBG] Pre fired
[219月2026 21:40:30.114] [Render thread/INFO] [com.maxwell.cyber_ware_port.CyberWare/]: [CW-DBG] Pre fired
[219月2026 21:40:30.120] [Render thread/INFO] [com.maxwell.cyber_ware_port.CyberWare/]: [CW-DBG] Pre fired
[219月2026 21:40:30.130] [Render thread/INFO] [com.maxwell.cyber_ware_port.CyberWare/]: [CW-DBG] Pre fired
[219月2026 21:40:30.139] [Render thread/INFO] [com.maxwell.cyber_ware_port.CyberWare/]: [CW-DBG] Pre fired
[219月2026 21:40:30.148] [Render thread/INFO] [com.maxwell.cyber_ware_port.CyberWare/]: [CW-DBG] Pre fired
[219月2026 21:40:30.156] [Render thread/INFO] [com.maxwell.cyber_ware_port.CyberWare/]: [CW-DBG] Pre fired
[219月2026 21:40:30.165] [Render thread/INFO] [com.maxwell.cyber_ware_port.CyberWare/]: [CW-DBG] Pre fired
[219月2026 21:40:30.174] [Render thread/INFO] [com.maxwell.cyber_ware_port.CyberWare/]: [CW-DBG] Pre fired
[219月2026 21:40:30.181] [Render thread/INFO] [com.maxwell.cyber_ware_port.CyberWare/]: [CW-DBG] Pre fired
[219月2026 21:40:30.190] [Render thread/INFO] [com.maxwell.cyber_ware_port.CyberWare/]: [CW-DBG] Pre fired
[219月2026 21:40:30.198] [Render thread/INFO] [com.maxwell.cyber_ware_port.CyberWare/]: [CW-DBG] Pre fired
[219月2026 21:40:30.207] [Render thread/INFO] [com.maxwell.cyber_ware_port.CyberWare/]: [CW-DBG] Pre fired
[219月2026 21:40:30.216] [Render thread/INFO] [com.maxwell.cyber_ware_port.CyberWare/]: [CW-DBG] Pre fired
[219月2026 21:40:30.225] [Render thread/INFO] [com.maxwell.cyber_ware_port.CyberWare/]: [CW-DBG] Pre fired
[219月2026 21:40:30.234] [Render thread/INFO] [com.maxwell.cyber_ware_port.CyberWare/]: [CW-DBG] Pre fired
[219月2026 21:40:30.242] [Render thread/INFO] [com.maxwell.cyber_ware_port.CyberWare/]: [CW-DBG] Pre fired
[219月2026 21:40:30.250] [Render thread/INFO] [com.maxwell.cyber_ware_port.CyberWare/]: [CW-DBG] Pre fired
[219月2026 21:40:30.259] [Render thread/INFO] [com.maxwell.cyber_ware_port.CyberWare/]: [CW-DBG] Pre fired
[219月2026 21:40:30.267] [Render thread/INFO] [com.maxwell.cyber_ware_port.CyberWare/]: [CW-DBG] Pre fired
[219月2026 21:40:30.275] [Render thread/INFO] [com.maxwell.cyber_ware_port.CyberWare/]: [CW-DBG] Pre fired
[219月2026 21:40:30.284] [Render thread/INFO] [com.maxwell.cyber_ware_port.CyberWare/]: [CW-DBG] Pre fired
[219月2026 21:40:30.292] [Render thread/INFO] [com.maxwell.cyber_ware_port.CyberWare/]: [CW-DBG] Pre fired
[219月2026 21:40:30.300] [Render thread/INFO] [com.maxwell.cyber_ware_port.CyberWare/]: [CW-DBG] Pre fired
[219月2026 21:40:30.309] [Render thread/INFO] [com.maxwell.cyber_ware_port.CyberWare/]: [CW-DBG] Pre fired
[219月2026 21:40:30.317] [Render thread/INFO] [com.maxwell.cyber_ware_port.CyberWare/]: [CW-DBG] Pre fired
[219月2026 21:40:30.325] [Render thread/INFO] [com.maxwell.cyber_ware_port.CyberWare/]: [CW-DBG] Pre fired
[219月2026 21:40:30.335] [Render thread/INFO] [com.maxwell.cyber_ware_port.CyberWare/]: [CW-DBG] Pre fired
[219月2026 21:40:30.342] [Render thread/INFO] [com.maxwell.cyber_ware_port.CyberWare/]: [CW-DBG] Pre fired
[219月2026 21:40:30.352] [Render thread/INFO] [com.maxwell.cyber_ware_port.CyberWare/]: [CW-DBG] Pre fired
[219月2026 21:40:30.360] [Render thread/INFO] [com.maxwell.cyber_ware_port.CyberWare/]: [CW-DBG] Pre fired
[219月2026 21:40:30.368] [Render thread/INFO] [com.maxwell.cyber_ware_port.CyberWare/]: [CW-DBG] Pre fired
[219月2026 21:40:30.377] [Render thread/INFO] [com.maxwell.cyber_ware_port.CyberWare/]: [CW-DBG] Pre fired
[219月2026 21:40:30.385] [Render thread/INFO] [com.maxwell.cyber_ware_port.CyberWare/]: [CW-DBG] Pre fired
[219月2026 21:40:30.407] [Render thread/INFO] [com.maxwell.cyber_ware_port.CyberWare/]: [CW-DBG] Pre fired
[219月2026 21:40:30.411] [Render thread/INFO] [com.maxwell.cyber_ware_port.CyberWare/]: [CW-DBG] Pre fired
[219月2026 21:40:30.419] [Render thread/INFO] [com.maxwell.cyber_ware_port.CyberWare/]: [CW-DBG] Pre fired
[219月2026 21:40:30.428] [Render thread/INFO] [com.maxwell.cyber_ware_port.CyberWare/]: [CW-DBG] Pre fired
[219月2026 21:40:30.436] [Render thread/INFO] [com.maxwell.cyber_ware_port.CyberWare/]: [CW-DBG] Pre fired
[219月2026 21:40:30.445] [Render thread/INFO] [com.maxwell.cyber_ware_port.CyberWare/]: [CW-DBG] Pre fired
[219月2026 21:40:30.454] [Render thread/INFO] [com.maxwell.cyber_ware_port.CyberWare/]: [CW-DBG] Pre fired
[219月2026 21:40:30.462] [Render thread/INFO] [com.maxwell.cyber_ware_port.CyberWare/]: [CW-DBG] Pre fired
[219月2026 21:40:30.470] [Render thread/INFO] [com.maxwell.cyber_ware_port.CyberWare/]: [CW-DBG] Pre fired
[219月2026 21:40:30.479] [Render thread/INFO] [com.maxwell.cyber_ware_port.CyberWare/]: [CW-DBG] Pre fired
[219月2026 21:40:30.488] [Render thread/INFO] [com.maxwell.cyber_ware_port.CyberWare/]: [CW-DBG] Pre fired
[219月2026 21:40:30.496] [Render thread/INFO] [com.maxwell.cyber_ware_port.CyberWare/]: [CW-DBG] Pre fired
[219月2026 21:40:30.504] [Render thread/INFO] [com.maxwell.cyber_ware_port.CyberWare/]: [CW-DBG] Pre fired
[219月2026 21:40:30.511] [Render thread/INFO] [com.maxwell.cyber_ware_port.CyberWare/]: [CW-DBG] Pre fired
[219月2026 21:40:30.520] [Render thread/INFO] [com.maxwell.cyber_ware_port.CyberWare/]: [CW-DBG] Pre fired
[219月2026 21:40:30.529] [Render thread/INFO] [com.maxwell.cyber_ware_port.CyberWare/]: [CW-DBG] Pre fired
[219月2026 21:40:30.538] [Render thread/INFO] [com.maxwell.cyber_ware_port.CyberWare/]: [CW-DBG] Pre fired
[219月2026 21:40:30.546] [Render thread/INFO] [com.maxwell.cyber_ware_port.CyberWare/]: [CW-DBG] Pre fired
[219月2026 21:40:30.555] [Render thread/INFO] [com.maxwell.cyber_ware_port.CyberWare/]: [CW-DBG] Pre fired
[219月2026 21:40:30.562] [Render thread/INFO] [com.maxwell.cyber_ware_port.CyberWare/]: [CW-DBG] Pre fired
[219月2026 21:40:30.571] [Render thread/INFO] [com.maxwell.cyber_ware_port.CyberWare/]: [CW-DBG] Pre fired
[219月2026 21:40:30.579] [Render thread/INFO] [com.maxwell.cyber_ware_port.CyberWare/]: [CW-DBG] Pre fired
[219月2026 21:40:30.588] [Render thread/INFO] [com.maxwell.cyber_ware_port.CyberWare/]: [CW-DBG] Pre fired
[219月2026 21:40:30.596] [Render thread/INFO] [com.maxwell.cyber_ware_port.CyberWare/]: [CW-DBG] Pre fired
[219月2026 21:40:30.605] [Render thread/INFO] [com.maxwell.cyber_ware_port.CyberWare/]: [CW-DBG] Pre fired
[219月2026 21:40:30.613] [Render thread/INFO] [com.maxwell.cyber_ware_port.CyberWare/]: [CW-DBG] Pre fired
[219月2026 21:40:30.621] [Render thread/INFO] [com.maxwell.cyber_ware_port.CyberWare/]: [CW-DBG] Pre fired
[219月2026 21:40:30.630] [Render thread/INFO] [com.maxwell.cyber_ware_port.CyberWare/]: [CW-DBG] Pre fired
[219月2026 21:40:30.638] [Render thread/INFO] [com.maxwell.cyber_ware_port.CyberWare/]: [CW-DBG] Pre fired
[219月2026 21:40:30.647] [Render thread/INFO] [com.maxwell.cyber_ware_port.CyberWare/]: [CW-DBG] Pre fired
[219月2026 21:40:30.656] [Render thread/INFO] [com.maxwell.cyber_ware_port.CyberWare/]: [CW-DBG] Pre fired
[219月2026 21:40:30.664] [Render thread/INFO] [com.maxwell.cyber_ware_port.CyberWare/]: [CW-DBG] Pre fired
[219月2026 21:40:30.673] [Render thread/INFO] [com.maxwell.cyber_ware_port.CyberWare/]: [CW-DBG] Pre fired
[219月2026 21:40:30.681] [Render thread/INFO] [com.maxwell.cyber_ware_port.CyberWare/]: [CW-DBG] Pre fired
[219月2026 21:40:30.689] [Render thread/INFO] [com.maxwell.cyber_ware_port.CyberWare/]: [CW-DBG] Pre fired
[219月2026 21:40:30.697] [Render thread/INFO] [com.maxwell.cyber_ware_port.CyberWare/]: [CW-DBG] Pre fired
[219月2026 21:40:30.706] [Render thread/INFO] [com.maxwell.cyber_ware_port.CyberWare/]: [CW-DBG] Pre fired
[219月2026 21:40:30.715] [Render thread/INFO] [com.maxwell.cyber_ware_port.CyberWare/]: [CW-DBG] Pre fired
[219月2026 21:40:30.724] [Render thread/INFO] [com.maxwell.cyber_ware_port.CyberWare/]: [CW-DBG] Pre fired
[219月2026 21:40:30.732] [Render thread/INFO] [com.maxwell.cyber_ware_port.CyberWare/]: [CW-DBG] Pre fired
[219月2026 21:40:30.740] [Render thread/INFO] [com.maxwell.cyber_ware_port.CyberWare/]: [CW-DBG] Pre fired
[219月2026 21:40:30.748] [Render thread/INFO] [com.maxwell.cyber_ware_port.CyberWare/]: [CW-DBG] Pre fired
[219月2026 21:40:30.759] [Render thread/INFO] [com.maxwell.cyber_ware_port.CyberWare/]: [CW-DBG] Pre fired
[219月2026 21:40:30.767] [Render thread/INFO] [com.maxwell.cyber_ware_port.CyberWare/]: [CW-DBG] Pre fired
[219月2026 21:40:30.775] [Render thread/INFO] [com.maxwell.cyber_ware_port.CyberWare/]: [CW-DBG] Pre fired
[219月2026 21:40:30.783] [Render thread/INFO] [com.maxwell.cyber_ware_port.CyberWare/]: [CW-DBG] Pre fired
[219月2026 21:40:30.791] [Render thread/INFO] [com.maxwell.cyber_ware_port.CyberWare/]: [CW-DBG] Pre fired
[219月2026 21:40:30.800] [Render thread/INFO] [com.maxwell.cyber_ware_port.CyberWare/]: [CW-DBG] Pre fired
[219月2026 21:40:30.808] [Render thread/INFO] [com.maxwell.cyber_ware_port.CyberWare/]: [CW-DBG] Pre fired
[219月2026 21:40:30.816] [Render thread/INFO] [com.maxwell.cyber_ware_port.CyberWare/]: [CW-DBG] Pre fired
[219月2026 21:40:30.826] [Render thread/INFO] [com.maxwell.cyber_ware_port.CyberWare/]: [CW-DBG] Pre fired
[219月2026 21:40:30.834] [Render thread/INFO] [com.maxwell.cyber_ware_port.CyberWare/]: [CW-DBG] Pre fired
[219月2026 21:40:30.842] [Render thread/INFO] [com.maxwell.cyber_ware_port.CyberWare/]: [CW-DBG] Pre fired
[219月2026 21:40:30.850] [Render thread/INFO] [com.maxwell.cyber_ware_port.CyberWare/]: [CW-DBG] Pre fired
[219月2026 21:40:30.859] [Render thread/INFO] [com.maxwell.cyber_ware_port.CyberWare/]: [CW-DBG] Pre fired
[219月2026 21:40:30.868] [Render thread/INFO] [com.maxwell.cyber_ware_port.CyberWare/]: [CW-DBG] Pre fired
[219月2026 21:40:30.876] [Render thread/INFO] [com.maxwell.cyber_ware_port.CyberWare/]: [CW-DBG] Pre fired
[219月2026 21:40:30.884] [Render thread/INFO] [com.maxwell.cyber_ware_port.CyberWare/]: [CW-DBG] Pre fired
[219月2026 21:40:30.893] [Render thread/INFO] [com.maxwell.cyber_ware_port.CyberWare/]: [CW-DBG] Pre fired
[219月2026 21:40:30.900] [Render thread/INFO] [com.maxwell.cyber_ware_port.CyberWare/]: [CW-DBG] Pre fired
[219月2026 21:40:30.910] [Render thread/INFO] [com.maxwell.cyber_ware_port.CyberWare/]: [CW-DBG] Pre fired
[219月2026 21:40:30.917] [Render thread/INFO] [com.maxwell.cyber_ware_port.CyberWare/]: [CW-DBG] Pre fired
[219月2026 21:40:30.926] [Render thread/INFO] [com.maxwell.cyber_ware_port.CyberWare/]: [CW-DBG] Pre fired
[219月2026 21:40:30.934] [Render thread/INFO] [com.maxwell.cyber_ware_port.CyberWare/]: [CW-DBG] Pre fired
[219月2026 21:40:30.944] [Render thread/INFO] [com.maxwell.cyber_ware_port.CyberWare/]: [CW-DBG] Pre fired
[219月2026 21:40:30.952] [Render thread/INFO] [com.maxwell.cyber_ware_port.CyberWare/]: [CW-DBG] Pre fired
[219月2026 21:40:30.959] [Render thread/INFO] [com.maxwell.cyber_ware_port.CyberWare/]: [CW-DBG] Pre fired
[219月2026 21:40:30.969] [Render thread/INFO] [com.maxwell.cyber_ware_port.CyberWare/]: [CW-DBG] Pre fired
[219月2026 21:40:30.976] [Render thread/INFO] [com.maxwell.cyber_ware_port.CyberWare/]: [CW-DBG] Pre fired
[219月2026 21:40:30.985] [Render thread/INFO] [com.maxwell.cyber_ware_port.CyberWare/]: [CW-DBG] Pre fired
[219月2026 21:40:30.994] [Render thread/INFO] [com.maxwell.cyber_ware_port.CyberWare/]: [CW-DBG] Pre fired
[219月2026 21:40:31.002] [Render thread/INFO] [com.maxwell.cyber_ware_port.CyberWare/]: [CW-DBG] Pre fired
[219月2026 21:40:31.010] [Render thread/INFO] [com.maxwell.cyber_ware_port.CyberWare/]: [CW-DBG] Pre fired
[219月2026 21:40:31.018] [Render thread/INFO] [com.maxwell.cyber_ware_port.CyberWare/]: [CW-DBG] Pre fired
[219月2026 21:40:31.027] [Render thread/INFO] [com.maxwell.cyber_ware_port.CyberWare/]: [CW-DBG] Pre fired
[219月2026 21:40:31.035] [Render thread/INFO] [com.maxwell.cyber_ware_port.CyberWare/]: [CW-DBG] Pre fired
[219月2026 21:40:31.044] [Render thread/INFO] [com.maxwell.cyber_ware_port.CyberWare/]: [CW-DBG] Pre fired
[219月2026 21:40:31.052] [Render thread/INFO] [com.maxwell.cyber_ware_port.CyberWare/]: [CW-DBG] Pre fired
[219月2026 21:40:31.060] [Render thread/INFO] [com.maxwell.cyber_ware_port.CyberWare/]: [CW-DBG] Pre fired
[219月2026 21:40:31.069] [Render thread/INFO] [com.maxwell.cyber_ware_port.CyberWare/]: [CW-DBG] Pre fired
[219月2026 21:40:31.077] [Render thread/INFO] [com.maxwell.cyber_ware_port.CyberWare/]: [CW-DBG] Pre fired
[219月2026 21:40:31.087] [Render thread/INFO] [com.maxwell.cyber_ware_port.CyberWare/]: [CW-DBG] Pre fired
[219月2026 21:40:31.096] [Render thread/INFO] [com.maxwell.cyber_ware_port.CyberWare/]: [CW-DBG] Pre fired
[219月2026 21:40:31.103] [Render thread/INFO] [com.maxwell.cyber_ware_port.CyberWare/]: [CW-DBG] Pre fired
[219月2026 21:40:31.112] [Render thread/INFO] [com.maxwell.cyber_ware_port.CyberWare/]: [CW-DBG] Pre fired
[219月2026 21:40:31.120] [Render thread/INFO] [com.maxwell.cyber_ware_port.CyberWare/]: [CW-DBG] Pre fired
[219月2026 21:40:31.129] [Render thread/INFO] [com.maxwell.cyber_ware_port.CyberWare/]: [CW-DBG] Pre fired
[219月2026 21:40:31.137] [Render thread/INFO] [com.maxwell.cyber_ware_port.CyberWare/]: [CW-DBG] Pre fired
[219月2026 21:40:31.146] [Render thread/INFO] [com.maxwell.cyber_ware_port.CyberWare/]: [CW-DBG] Pre fired
[219月2026 21:40:31.155] [Render thread/INFO] [com.maxwell.cyber_ware_port.CyberWare/]: [CW-DBG] Pre fired
[219月2026 21:40:31.163] [Render thread/INFO] [com.maxwell.cyber_ware_port.CyberWare/]: [CW-DBG] Pre fired
[219月2026 21:40:31.180] [Render thread/INFO] [com.maxwell.cyber_ware_port.CyberWare/]: [CW-DBG] Pre fired
[219月2026 21:40:31.184] [Render thread/INFO] [com.maxwell.cyber_ware_port.CyberWare/]: [CW-DBG] Pre fired
[219月2026 21:40:31.193] [Render thread/INFO] [com.maxwell.cyber_ware_port.CyberWare/]: [CW-DBG] Pre fired
[219月2026 21:40:31.201] [Render thread/INFO] [com.maxwell.cyber_ware_port.CyberWare/]: [CW-DBG] Pre fired
[219月2026 21:40:31.210] [Render thread/INFO] [com.maxwell.cyber_ware_port.CyberWare/]: [CW-DBG] Pre fired
[219月2026 21:40:31.218] [Render thread/INFO] [com.maxwell.cyber_ware_port.CyberWare/]: [CW-DBG] Pre fired
[219月2026 21:40:31.226] [Render thread/INFO] [com.maxwell.cyber_ware_port.CyberWare/]: [CW-DBG] Pre fired
[219月2026 21:40:31.234] [Render thread/INFO] [com.maxwell.cyber_ware_port.CyberWare/]: [CW-DBG] Pre fired
[219月2026 21:40:31.243] [Render thread/INFO] [com.maxwell.cyber_ware_port.CyberWare/]: [CW-DBG] Pre fired
[219月2026 21:40:31.252] [Render thread/INFO] [com.maxwell.cyber_ware_port.CyberWare/]: [CW-DBG] Pre fired
[219月2026 21:40:31.259] [Render thread/INFO] [com.maxwell.cyber_ware_port.CyberWare/]: [CW-DBG] Pre fired
[219月2026 21:40:31.269] [Render thread/INFO] [com.maxwell.cyber_ware_port.CyberWare/]: [CW-DBG] Pre fired
[219月2026 21:40:31.278] [Render thread/INFO] [com.maxwell.cyber_ware_port.CyberWare/]: [CW-DBG] Pre fired
[219月2026 21:40:31.287] [Render thread/INFO] [com.maxwell.cyber_ware_port.CyberWare/]: [CW-DBG] Pre fired
[219月2026 21:40:31.296] [Render thread/INFO] [com.maxwell.cyber_ware_port.CyberWare/]: [CW-DBG] Pre fired
[219月2026 21:40:31.305] [Render thread/INFO] [com.maxwell.cyber_ware_port.CyberWare/]: [CW-DBG] Pre fired
[219月2026 21:40:31.312] [Render thread/INFO] [com.maxwell.cyber_ware_port.CyberWare/]: [CW-DBG] Pre fired
[219月2026 21:40:31.320] [Render thread/INFO] [com.maxwell.cyber_ware_port.CyberWare/]: [CW-DBG] Pre fired
[219月2026 21:40:31.329] [Render thread/INFO] [com.maxwell.cyber_ware_port.CyberWare/]: [CW-DBG] Pre fired
[219月2026 21:40:31.338] [Render thread/INFO] [com.maxwell.cyber_ware_port.CyberWare/]: [CW-DBG] Pre fired
[219月2026 21:40:31.347] [Render thread/INFO] [com.maxwell.cyber_ware_port.CyberWare/]: [CW-DBG] Pre fired
[219月2026 21:40:31.356] [Render thread/INFO] [com.maxwell.cyber_ware_port.CyberWare/]: [CW-DBG] Pre fired
[219月2026 21:40:31.363] [Render thread/INFO] [com.maxwell.cyber_ware_port.CyberWare/]: [CW-DBG] Pre fired
[219月2026 21:40:31.371] [Render thread/INFO] [com.maxwell.cyber_ware_port.CyberWare/]: [CW-DBG] Pre fired
[219月2026 21:40:31.379] [Render thread/INFO] [com.maxwell.cyber_ware_port.CyberWare/]: [CW-DBG] Pre fired
[219月2026 21:40:31.388] [Render thread/INFO] [com.maxwell.cyber_ware_port.CyberWare/]: [CW-DBG] Pre fired
[219月2026 21:40:31.396] [Render thread/INFO] [com.maxwell.cyber_ware_port.CyberWare/]: [CW-DBG] Pre fired
[219月2026 21:40:31.404] [Render thread/INFO] [com.maxwell.cyber_ware_port.CyberWare/]: [CW-DBG] Pre fired
[219月2026 21:40:31.413] [Render thread/INFO] [com.maxwell.cyber_ware_port.CyberWare/]: [CW-DBG] Pre fired
[219月2026 21:40:31.422] [Render thread/INFO] [com.maxwell.cyber_ware_port.CyberWare/]: [CW-DBG] Pre fired
[219月2026 21:40:31.430] [Render thread/INFO] [com.maxwell.cyber_ware_port.CyberWare/]: [CW-DBG] Pre fired
[219月2026 21:40:31.438] [Render thread/INFO] [com.maxwell.cyber_ware_port.CyberWare/]: [CW-DBG] Pre fired
[219月2026 21:40:31.447] [Render thread/INFO] [com.maxwell.cyber_ware_port.CyberWare/]: [CW-DBG] Pre fired
[219月2026 21:40:31.456] [Render thread/INFO] [com.maxwell.cyber_ware_port.CyberWare/]: [CW-DBG] Pre fired
[219月2026 21:40:31.463] [Render thread/INFO] [com.maxwell.cyber_ware_port.CyberWare/]: [CW-DBG] Pre fired
[219月2026 21:40:31.473] [Render thread/INFO] [com.maxwell.cyber_ware_port.CyberWare/]: [CW-DBG] Pre fired
[219月2026 21:40:31.481] [Render thread/INFO] [com.maxwell.cyber_ware_port.CyberWare/]: [CW-DBG] Pre fired
[219月2026 21:40:31.490] [Render thread/INFO] [com.maxwell.cyber_ware_port.CyberWare/]: [CW-DBG] Pre fired
[219月2026 21:40:31.497] [Render thread/INFO] [com.maxwell.cyber_ware_port.CyberWare/]: [CW-DBG] Pre fired
[219月2026 21:40:31.507] [Render thread/INFO] [com.maxwell.cyber_ware_port.CyberWare/]: [CW-DBG] Pre fired
[219月2026 21:40:31.515] [Render thread/INFO] [com.maxwell.cyber_ware_port.CyberWare/]: [CW-DBG] Pre fired
[219月2026 21:40:31.523] [Render thread/INFO] [com.maxwell.cyber_ware_port.CyberWare/]: [CW-DBG] Pre fired
[219月2026 21:40:31.531] [Render thread/INFO] [com.maxwell.cyber_ware_port.CyberWare/]: [CW-DBG] Pre fired
[219月2026 21:40:31.540] [Render thread/INFO] [com.maxwell.cyber_ware_port.CyberWare/]: [CW-DBG] Pre fired
[219月2026 21:40:31.548] [Render thread/INFO] [com.maxwell.cyber_ware_port.CyberWare/]: [CW-DBG] Pre fired
[219月2026 21:40:31.557] [Render thread/INFO] [com.maxwell.cyber_ware_port.CyberWare/]: [CW-DBG] Pre fired
[219月2026 21:40:31.564] [Render thread/INFO] [com.maxwell.cyber_ware_port.CyberWare/]: [CW-DBG] Pre fired
[219月2026 21:40:31.574] [Render thread/INFO] [com.maxwell.cyber_ware_port.CyberWare/]: [CW-DBG] Pre fired
[219月2026 21:40:31.583] [Render thread/INFO] [com.maxwell.cyber_ware_port.CyberWare/]: [CW-DBG] Pre fired
[219月2026 21:40:31.592] [Render thread/INFO] [com.maxwell.cyber_ware_port.CyberWare/]: [CW-DBG] Pre fired
[219月2026 21:40:31.600] [Render thread/INFO] [com.maxwell.cyber_ware_port.CyberWare/]: [CW-DBG] Pre fired
[219月2026 21:40:31.611] [Render thread/INFO] [com.maxwell.cyber_ware_port.CyberWare/]: [CW-DBG] Pre fired
[219月2026 21:40:31.619] [Render thread/INFO] [com.maxwell.cyber_ware_port.CyberWare/]: [CW-DBG] Pre fired
[219月2026 21:40:31.627] [Render thread/INFO] [com.maxwell.cyber_ware_port.CyberWare/]: [CW-DBG] Pre fired
[219月2026 21:40:31.636] [Render thread/INFO] [com.maxwell.cyber_ware_port.CyberWare/]: [CW-DBG] Pre fired
[219月2026 21:40:31.644] [Render thread/INFO] [com.maxwell.cyber_ware_port.CyberWare/]: [CW-DBG] Pre fired
[219月2026 21:40:31.652] [Render thread/INFO] [com.maxwell.cyber_ware_port.CyberWare/]: [CW-DBG] Pre fired
[219月2026 21:40:31.661] [Render thread/INFO] [com.maxwell.cyber_ware_port.CyberWare/]: [CW-DBG] Pre fired
[219月2026 21:40:31.671] [Render thread/INFO] [com.maxwell.cyber_ware_port.CyberWare/]: [CW-DBG] Pre fired
[219月2026 21:40:31.679] [Render thread/INFO] [com.maxwell.cyber_ware_port.CyberWare/]: [CW-DBG] Pre fired
[219月2026 21:40:31.687] [Render thread/INFO] [com.maxwell.cyber_ware_port.CyberWare/]: [CW-DBG] Pre fired
[219月2026 21:40:31.695] [Render thread/INFO] [com.maxwell.cyber_ware_port.CyberWare/]: [CW-DBG] Pre fired
[219月2026 21:40:31.705] [Render thread/INFO] [com.maxwell.cyber_ware_port.CyberWare/]: [CW-DBG] Pre fired
[219月2026 21:40:31.713] [Render thread/INFO] [com.maxwell.cyber_ware_port.CyberWare/]: [CW-DBG] Pre fired
[219月2026 21:40:31.720] [Render thread/INFO] [com.maxwell.cyber_ware_port.CyberWare/]: [CW-DBG] Pre fired
[219月2026 21:40:31.728] [Render thread/INFO] [com.maxwell.cyber_ware_port.CyberWare/]: [CW-DBG] Pre fired
[219月2026 21:40:31.737] [Render thread/INFO] [com.maxwell.cyber_ware_port.CyberWare/]: [CW-DBG] Pre fired
[219月2026 21:40:31.744] [Render thread/INFO] [com.maxwell.cyber_ware_port.CyberWare/]: [CW-DBG] Pre fired
[219月2026 21:40:31.754] [Render thread/INFO] [com.maxwell.cyber_ware_port.CyberWare/]: [CW-DBG] Pre fired
[219月2026 21:40:31.762] [Render thread/INFO] [com.maxwell.cyber_ware_port.CyberWare/]: [CW-DBG] Pre fired
[219月2026 21:40:31.771] [Render thread/INFO] [com.maxwell.cyber_ware_port.CyberWare/]: [CW-DBG] Pre fired
[219月2026 21:40:31.779] [Render thread/INFO] [com.maxwell.cyber_ware_port.CyberWare/]: [CW-DBG] Pre fired
[219月2026 21:40:31.787] [Render thread/INFO] [com.maxwell.cyber_ware_port.CyberWare/]: [CW-DBG] Pre fired
[219月2026 21:40:31.796] [Render thread/INFO] [com.maxwell.cyber_ware_port.CyberWare/]: [CW-DBG] Pre fired
[219月2026 21:40:31.807] [Render thread/INFO] [com.maxwell.cyber_ware_port.CyberWare/]: [CW-DBG] Pre fired
[219月2026 21:40:31.814] [Render thread/INFO] [com.maxwell.cyber_ware_port.CyberWare/]: [CW-DBG] Pre fired
[219月2026 21:40:31.823] [Render thread/INFO] [com.maxwell.cyber_ware_port.CyberWare/]: [CW-DBG] Pre fired
[219月2026 21:40:31.831] [Render thread/INFO] [com.maxwell.cyber_ware_port.CyberWare/]: [CW-DBG] Pre fired
[219月2026 21:40:31.838] [Render thread/INFO] [com.maxwell.cyber_ware_port.CyberWare/]: [CW-DBG] Pre fired
[219月2026 21:40:31.848] [Render thread/INFO] [com.maxwell.cyber_ware_port.CyberWare/]: [CW-DBG] Pre fired
[219月2026 21:40:31.857] [Render thread/INFO] [com.maxwell.cyber_ware_port.CyberWare/]: [CW-DBG] Pre fired
[219月2026 21:40:31.865] [Render thread/INFO] [com.maxwell.cyber_ware_port.CyberWare/]: [CW-DBG] Pre fired
[219月2026 21:40:31.872] [Render thread/INFO] [com.maxwell.cyber_ware_port.CyberWare/]: [CW-DBG] Pre fired
[219月2026 21:40:31.881] [Render thread/INFO] [com.maxwell.cyber_ware_port.CyberWare/]: [CW-DBG] Pre fired
[219月2026 21:40:31.890] [Render thread/INFO] [com.maxwell.cyber_ware_port.CyberWare/]: [CW-DBG] Pre fired
[219月2026 21:40:31.899] [Render thread/INFO] [com.maxwell.cyber_ware_port.CyberWare/]: [CW-DBG] Pre fired
[219月2026 21:40:31.908] [Render thread/INFO] [com.maxwell.cyber_ware_port.CyberWare/]: [CW-DBG] Pre fired
[219月2026 21:40:31.915] [Render thread/INFO] [com.maxwell.cyber_ware_port.CyberWare/]: [CW-DBG] Pre fired
[219月2026 21:40:31.925] [Render thread/INFO] [com.maxwell.cyber_ware_port.CyberWare/]: [CW-DBG] Pre fired
[219月2026 21:40:31.933] [Render thread/INFO] [com.maxwell.cyber_ware_port.CyberWare/]: [CW-DBG] Pre fired
[219月2026 21:40:31.941] [Render thread/INFO] [com.maxwell.cyber_ware_port.CyberWare/]: [CW-DBG] Pre fired
[219月2026 21:40:31.949] [Render thread/INFO] [com.maxwell.cyber_ware_port.CyberWare/]: [CW-DBG] Pre fired
[219月2026 21:40:31.959] [Render thread/INFO] [com.maxwell.cyber_ware_port.CyberWare/]: [CW-DBG] Pre fired
[219月2026 21:40:31.967] [Render thread/INFO] [com.maxwell.cyber_ware_port.CyberWare/]: [CW-DBG] Pre fired
[219月2026 21:40:31.976] [Render thread/INFO] [com.maxwell.cyber_ware_port.CyberWare/]: [CW-DBG] Pre fired
[219月2026 21:40:31.984] [Render thread/INFO] [com.maxwell.cyber_ware_port.CyberWare/]: [CW-DBG] Pre fired
[219月2026 21:40:31.993] [Render thread/INFO] [com.maxwell.cyber_ware_port.CyberWare/]: [CW-DBG] Pre fired
[219月2026 21:40:32.001] [Render thread/INFO] [com.maxwell.cyber_ware_port.CyberWare/]: [CW-DBG] Pre fired
[219月2026 21:40:32.010] [Render thread/INFO] [com.maxwell.cyber_ware_port.CyberWare/]: [CW-DBG] Pre fired
[219月2026 21:40:32.017] [Render thread/INFO] [com.maxwell.cyber_ware_port.CyberWare/]: [CW-DBG] Pre fired
[219月2026 21:40:32.026] [Render thread/INFO] [com.maxwell.cyber_ware_port.CyberWare/]: [CW-DBG] Pre fired
[219月2026 21:40:32.034] [Render thread/INFO] [com.maxwell.cyber_ware_port.CyberWare/]: [CW-DBG] Pre fired
[219月2026 21:40:32.043] [Render thread/INFO] [com.maxwell.cyber_ware_port.CyberWare/]: [CW-DBG] Pre fired
[219月2026 21:40:32.052] [Render thread/INFO] [com.maxwell.cyber_ware_port.CyberWare/]: [CW-DBG] Pre fired
[219月2026 21:40:32.059] [Render thread/INFO] [com.maxwell.cyber_ware_port.CyberWare/]: [CW-DBG] Pre fired
[219月2026 21:40:32.069] [Render thread/INFO] [com.maxwell.cyber_ware_port.CyberWare/]: [CW-DBG] Pre fired
[219月2026 21:40:32.077] [Render thread/INFO] [com.maxwell.cyber_ware_port.CyberWare/]: [CW-DBG] Pre fired
[219月2026 21:40:32.085] [Render thread/INFO] [com.maxwell.cyber_ware_port.CyberWare/]: [CW-DBG] Pre fired
[219月2026 21:40:32.094] [Render thread/INFO] [com.maxwell.cyber_ware_port.CyberWare/]: [CW-DBG] Pre fired
[219月2026 21:40:32.103] [Render thread/INFO] [com.maxwell.cyber_ware_port.CyberWare/]: [CW-DBG] Pre fired
[219月2026 21:40:32.110] [Render thread/INFO] [com.maxwell.cyber_ware_port.CyberWare/]: [CW-DBG] Pre fired
[219月2026 21:40:32.119] [Render thread/INFO] [com.maxwell.cyber_ware_port.CyberWare/]: [CW-DBG] Pre fired
[219月2026 21:40:32.127] [Render thread/INFO] [com.maxwell.cyber_ware_port.CyberWare/]: [CW-DBG] Pre fired
[219月2026 21:40:32.137] [Render thread/INFO] [com.maxwell.cyber_ware_port.CyberWare/]: [CW-DBG] Pre fired
[219月2026 21:40:32.147] [Render thread/INFO] [com.maxwell.cyber_ware_port.CyberWare/]: [CW-DBG] Pre fired
[219月2026 21:40:32.156] [Render thread/INFO] [com.maxwell.cyber_ware_port.CyberWare/]: [CW-DBG] Pre fired
[219月2026 21:40:32.165] [Render thread/INFO] [com.maxwell.cyber_ware_port.CyberWare/]: [CW-DBG] Pre fired
[219月2026 21:40:32.173] [Render thread/INFO] [com.maxwell.cyber_ware_port.CyberWare/]: [CW-DBG] Pre fired
[219月2026 21:40:32.182] [Render thread/INFO] [com.maxwell.cyber_ware_port.CyberWare/]: [CW-DBG] Pre fired
[219月2026 21:40:32.191] [Render thread/INFO] [com.maxwell.cyber_ware_port.CyberWare/]: [CW-DBG] Pre fired
[219月2026 21:40:32.198] [Render thread/INFO] [com.maxwell.cyber_ware_port.CyberWare/]: [CW-DBG] Pre fired
[219月2026 21:40:32.207] [Render thread/INFO] [com.maxwell.cyber_ware_port.CyberWare/]: [CW-DBG] Pre fired
[219月2026 21:40:32.215] [Render thread/INFO] [com.maxwell.cyber_ware_port.CyberWare/]: [CW-DBG] Pre fired
[219月2026 21:40:32.224] [Render thread/INFO] [com.maxwell.cyber_ware_port.CyberWare/]: [CW-DBG] Pre fired
[219月2026 21:40:32.232] [Render thread/INFO] [com.maxwell.cyber_ware_port.CyberWare/]: [CW-DBG] Pre fired
[219月2026 21:40:32.240] [Render thread/INFO] [com.maxwell.cyber_ware_port.CyberWare/]: [CW-DBG] Pre fired
[219月2026 21:40:32.248] [Render thread/INFO] [com.maxwell.cyber_ware_port.CyberWare/]: [CW-DBG] Pre fired
[219月2026 21:40:32.257] [Render thread/INFO] [com.maxwell.cyber_ware_port.CyberWare/]: [CW-DBG] Pre fired
[219月2026 21:40:32.265] [Render thread/INFO] [com.maxwell.cyber_ware_port.CyberWare/]: [CW-DBG] Pre fired
[219月2026 21:40:32.273] [Render thread/INFO] [com.maxwell.cyber_ware_port.CyberWare/]: [CW-DBG] Pre fired
[219月2026 21:40:32.282] [Render thread/INFO] [com.maxwell.cyber_ware_port.CyberWare/]: [CW-DBG] Pre fired
[219月2026 21:40:32.290] [Render thread/INFO] [com.maxwell.cyber_ware_port.CyberWare/]: [CW-DBG] Pre fired
[219月2026 21:40:32.298] [Render thread/INFO] [com.maxwell.cyber_ware_port.CyberWare/]: [CW-DBG] Pre fired
[219月2026 21:40:32.309] [Render thread/INFO] [com.maxwell.cyber_ware_port.CyberWare/]: [CW-DBG] Pre fired
[219月2026 21:40:32.318] [Render thread/INFO] [com.maxwell.cyber_ware_port.CyberWare/]: [CW-DBG] Pre fired
[219月2026 21:40:32.326] [Render thread/INFO] [com.maxwell.cyber_ware_port.CyberWare/]: [CW-DBG] Pre fired
[219月2026 21:40:32.334] [Render thread/INFO] [com.maxwell.cyber_ware_port.CyberWare/]: [CW-DBG] Pre fired
[219月2026 21:40:32.343] [Render thread/INFO] [com.maxwell.cyber_ware_port.CyberWare/]: [CW-DBG] Pre fired
[219月2026 21:40:32.351] [Render thread/INFO] [com.maxwell.cyber_ware_port.CyberWare/]: [CW-DBG] Pre fired
[219月2026 21:40:32.360] [Render thread/INFO] [com.maxwell.cyber_ware_port.CyberWare/]: [CW-DBG] Pre fired
[219月2026 21:40:32.368] [Render thread/INFO] [com.maxwell.cyber_ware_port.CyberWare/]: [CW-DBG] Pre fired
[219月2026 21:40:32.377] [Render thread/INFO] [com.maxwell.cyber_ware_port.CyberWare/]: [CW-DBG] Pre fired
[219月2026 21:40:32.384] [Render thread/INFO] [com.maxwell.cyber_ware_port.CyberWare/]: [CW-DBG] Pre fired
[219月2026 21:40:32.393] [Render thread/INFO] [com.maxwell.cyber_ware_port.CyberWare/]: [CW-DBG] Pre fired
[219月2026 21:40:32.402] [Render thread/INFO] [com.maxwell.cyber_ware_port.CyberWare/]: [CW-DBG] Pre fired
[219月2026 21:40:32.410] [Render thread/INFO] [com.maxwell.cyber_ware_port.CyberWare/]: [CW-DBG] Pre fired
[219月2026 21:40:32.418] [Render thread/INFO] [com.maxwell.cyber_ware_port.CyberWare/]: [CW-DBG] Pre fired
[219月2026 21:40:32.427] [Render thread/INFO] [com.maxwell.cyber_ware_port.CyberWare/]: [CW-DBG] Pre fired
[219月2026 21:40:32.436] [Render thread/INFO] [com.maxwell.cyber_ware_port.CyberWare/]: [CW-DBG] Pre fired
[219月2026 21:40:32.444] [Render thread/INFO] [com.maxwell.cyber_ware_port.CyberWare/]: [CW-DBG] Pre fired
[219月2026 21:40:32.453] [Render thread/INFO] [com.maxwell.cyber_ware_port.CyberWare/]: [CW-DBG] Pre fired
[219月2026 21:40:32.461] [Render thread/INFO] [com.maxwell.cyber_ware_port.CyberWare/]: [CW-DBG] Pre fired
[219月2026 21:40:32.469] [Render thread/INFO] [com.maxwell.cyber_ware_port.CyberWare/]: [CW-DBG] Pre fired
[219月2026 21:40:32.478] [Render thread/INFO] [com.maxwell.cyber_ware_port.CyberWare/]: [CW-DBG] Pre fired
[219月2026 21:40:32.487] [Render thread/INFO] [com.maxwell.cyber_ware_port.CyberWare/]: [CW-DBG] Pre fired
[219月2026 21:40:32.494] [Render thread/INFO] [com.maxwell.cyber_ware_port.CyberWare/]: [CW-DBG] Pre fired
[219月2026 21:40:32.503] [Render thread/INFO] [com.maxwell.cyber_ware_port.CyberWare/]: [CW-DBG] Pre fired
[219月2026 21:40:32.512] [Render thread/INFO] [com.maxwell.cyber_ware_port.CyberWare/]: [CW-DBG] Pre fired
[219月2026 21:40:32.520] [Render thread/INFO] [com.maxwell.cyber_ware_port.CyberWare/]: [CW-DBG] Pre fired
[219月2026 21:40:32.528] [Render thread/INFO] [com.maxwell.cyber_ware_port.CyberWare/]: [CW-DBG] Pre fired
[219月2026 21:40:32.538] [Render thread/INFO] [com.maxwell.cyber_ware_port.CyberWare/]: [CW-DBG] Pre fired
[219月2026 21:40:32.546] [Render thread/INFO] [com.maxwell.cyber_ware_port.CyberWare/]: [CW-DBG] Pre fired
[219月2026 21:40:32.554] [Render thread/INFO] [com.maxwell.cyber_ware_port.CyberWare/]: [CW-DBG] Pre fired
[219月2026 21:40:32.562] [Render thread/INFO] [com.maxwell.cyber_ware_port.CyberWare/]: [CW-DBG] Pre fired
[219月2026 21:40:32.571] [Render thread/INFO] [com.maxwell.cyber_ware_port.CyberWare/]: [CW-DBG] Pre fired
[219月2026 21:40:32.579] [Render thread/INFO] [com.maxwell.cyber_ware_port.CyberWare/]: [CW-DBG] Pre fired
[219月2026 21:40:32.587] [Render thread/INFO] [com.maxwell.cyber_ware_port.CyberWare/]: [CW-DBG] Pre fired
[219月2026 21:40:32.596] [Render thread/INFO] [com.maxwell.cyber_ware_port.CyberWare/]: [CW-DBG] Pre fired
[219月2026 21:40:32.604] [Render thread/INFO] [com.maxwell.cyber_ware_port.CyberWare/]: [CW-DBG] Pre fired
[219月2026 21:40:32.613] [Render thread/INFO] [com.maxwell.cyber_ware_port.CyberWare/]: [CW-DBG] Pre fired
[219月2026 21:40:32.620] [Render thread/INFO] [com.maxwell.cyber_ware_port.CyberWare/]: [CW-DBG] Pre fired
[219月2026 21:40:32.630] [Render thread/INFO] [com.maxwell.cyber_ware_port.CyberWare/]: [CW-DBG] Pre fired
[219月2026 21:40:32.637] [Render thread/INFO] [com.maxwell.cyber_ware_port.CyberWare/]: [CW-DBG] Pre fired
[219月2026 21:40:32.646] [Render thread/INFO] [com.maxwell.cyber_ware_port.CyberWare/]: [CW-DBG] Pre fired
[219月2026 21:40:32.655] [Render thread/INFO] [com.maxwell.cyber_ware_port.CyberWare/]: [CW-DBG] Pre fired
[219月2026 21:40:32.662] [Render thread/INFO] [com.maxwell.cyber_ware_port.CyberWare/]: [CW-DBG] Pre fired
[219月2026 21:40:32.672] [Render thread/INFO] [com.maxwell.cyber_ware_port.CyberWare/]: [CW-DBG] Pre fired
[219月2026 21:40:32.680] [Render thread/INFO] [com.maxwell.cyber_ware_port.CyberWare/]: [CW-DBG] Pre fired
[219月2026 21:40:32.688] [Render thread/INFO] [com.maxwell.cyber_ware_port.CyberWare/]: [CW-DBG] Pre fired
[219月2026 21:40:32.696] [Render thread/INFO] [com.maxwell.cyber_ware_port.CyberWare/]: [CW-DBG] Pre fired
[219月2026 21:40:32.705] [Render thread/INFO] [com.maxwell.cyber_ware_port.CyberWare/]: [CW-DBG] Pre fired
[219月2026 21:40:32.713] [Render thread/INFO] [com.maxwell.cyber_ware_port.CyberWare/]: [CW-DBG] Pre fired
[219月2026 21:40:32.722] [Render thread/INFO] [com.maxwell.cyber_ware_port.CyberWare/]: [CW-DBG] Pre fired
[219月2026 21:40:32.730] [Render thread/INFO] [com.maxwell.cyber_ware_port.CyberWare/]: [CW-DBG] Pre fired
[219月2026 21:40:32.738] [Render thread/INFO] [com.maxwell.cyber_ware_port.CyberWare/]: [CW-DBG] Pre fired
[219月2026 21:40:32.746] [Render thread/INFO] [com.maxwell.cyber_ware_port.CyberWare/]: [CW-DBG] Pre fired
[219月2026 21:40:32.755] [Render thread/INFO] [com.maxwell.cyber_ware_port.CyberWare/]: [CW-DBG] Pre fired
[219月2026 21:40:32.763] [Render thread/INFO] [com.maxwell.cyber_ware_port.CyberWare/]: [CW-DBG] Pre fired
[219月2026 21:40:32.771] [Render thread/INFO] [com.maxwell.cyber_ware_port.CyberWare/]: [CW-DBG] Pre fired
[219月2026 21:40:32.780] [Render thread/INFO] [com.maxwell.cyber_ware_port.CyberWare/]: [CW-DBG] Pre fired
[219月2026 21:40:32.788] [Render thread/INFO] [com.maxwell.cyber_ware_port.CyberWare/]: [CW-DBG] Pre fired
[219月2026 21:40:32.797] [Render thread/INFO] [com.maxwell.cyber_ware_port.CyberWare/]: [CW-DBG] Pre fired
[219月2026 21:40:32.806] [Render thread/INFO] [com.maxwell.cyber_ware_port.CyberWare/]: [CW-DBG] Pre fired
[219月2026 21:40:32.815] [Render thread/INFO] [com.maxwell.cyber_ware_port.CyberWare/]: [CW-DBG] Pre fired
[219月2026 21:40:32.823] [Render thread/INFO] [com.maxwell.cyber_ware_port.CyberWare/]: [CW-DBG] Pre fired
[219月2026 21:40:32.830] [Render thread/INFO] [com.maxwell.cyber_ware_port.CyberWare/]: [CW-DBG] Pre fired
[219月2026 21:40:32.839] [Render thread/INFO] [com.maxwell.cyber_ware_port.CyberWare/]: [CW-DBG] Pre fired
[219月2026 21:40:32.848] [Render thread/INFO] [com.maxwell.cyber_ware_port.CyberWare/]: [CW-DBG] Pre fired
[219月2026 21:40:32.856] [Render thread/INFO] [com.maxwell.cyber_ware_port.CyberWare/]: [CW-DBG] Pre fired
[219月2026 21:40:32.864] [Render thread/INFO] [com.maxwell.cyber_ware_port.CyberWare/]: [CW-DBG] Pre fired
[219月2026 21:40:32.873] [Render thread/INFO] [com.maxwell.cyber_ware_port.CyberWare/]: [CW-DBG] Pre fired
[219月2026 21:40:32.880] [Render thread/INFO] [com.maxwell.cyber_ware_port.CyberWare/]: [CW-DBG] Pre fired
[219月2026 21:40:32.889] [Render thread/INFO] [com.maxwell.cyber_ware_port.CyberWare/]: [CW-DBG] Pre fired
[219月2026 21:40:32.897] [Render thread/INFO] [com.maxwell.cyber_ware_port.CyberWare/]: [CW-DBG] Pre fired
[219月2026 21:40:32.906] [Render thread/INFO] [com.maxwell.cyber_ware_port.CyberWare/]: [CW-DBG] Pre fired
[219月2026 21:40:32.914] [Render thread/INFO] [com.maxwell.cyber_ware_port.CyberWare/]: [CW-DBG] Pre fired
[219月2026 21:40:32.923] [Render thread/INFO] [com.maxwell.cyber_ware_port.CyberWare/]: [CW-DBG] Pre fired
[219月2026 21:40:32.931] [Render thread/INFO] [com.maxwell.cyber_ware_port.CyberWare/]: [CW-DBG] Pre fired
[219月2026 21:40:32.939] [Render thread/INFO] [com.maxwell.cyber_ware_port.CyberWare/]: [CW-DBG] Pre fired
[219月2026 21:40:32.948] [Render thread/INFO] [com.maxwell.cyber_ware_port.CyberWare/]: [CW-DBG] Pre fired
[219月2026 21:40:32.956] [Render thread/INFO] [com.maxwell.cyber_ware_port.CyberWare/]: [CW-DBG] Pre fired
[219月2026 21:40:32.966] [Render thread/INFO] [com.maxwell.cyber_ware_port.CyberWare/]: [CW-DBG] Pre fired
[219月2026 21:40:32.973] [Render thread/INFO] [com.maxwell.cyber_ware_port.CyberWare/]: [CW-DBG] Pre fired
[219月2026 21:40:32.981] [Render thread/INFO] [com.maxwell.cyber_ware_port.CyberWare/]: [CW-DBG] Pre fired
[219月2026 21:40:32.990] [Render thread/INFO] [com.maxwell.cyber_ware_port.CyberWare/]: [CW-DBG] Pre fired
[219月2026 21:40:32.999] [Render thread/INFO] [com.maxwell.cyber_ware_port.CyberWare/]: [CW-DBG] Pre fired
[219月2026 21:40:33.006] [Render thread/INFO] [com.maxwell.cyber_ware_port.CyberWare/]: [CW-DBG] Pre fired
[219月2026 21:40:33.016] [Render thread/INFO] [com.maxwell.cyber_ware_port.CyberWare/]: [CW-DBG] Pre fired
[219月2026 21:40:33.024] [Render thread/INFO] [com.maxwell.cyber_ware_port.CyberWare/]: [CW-DBG] Pre fired
[219月2026 21:40:33.033] [Render thread/INFO] [com.maxwell.cyber_ware_port.CyberWare/]: [CW-DBG] Pre fired
[219月2026 21:40:33.042] [Render thread/INFO] [com.maxwell.cyber_ware_port.CyberWare/]: [CW-DBG] Pre fired
[219月2026 21:40:33.049] [Render thread/INFO] [com.maxwell.cyber_ware_port.CyberWare/]: [CW-DBG] Pre fired
[219月2026 21:40:33.058] [Render thread/INFO] [com.maxwell.cyber_ware_port.CyberWare/]: [CW-DBG] Pre fired
[219月2026 21:40:33.067] [Render thread/INFO] [com.maxwell.cyber_ware_port.CyberWare/]: [CW-DBG] Pre fired
[219月2026 21:40:33.074] [Render thread/INFO] [com.maxwell.cyber_ware_port.CyberWare/]: [CW-DBG] Pre fired
[219月2026 21:40:33.083] [Render thread/INFO] [com.maxwell.cyber_ware_port.CyberWare/]: [CW-DBG] Pre fired
[219月2026 21:40:33.091] [Render thread/INFO] [com.maxwell.cyber_ware_port.CyberWare/]: [CW-DBG] Pre fired
[219月2026 21:40:33.099] [Render thread/INFO] [com.maxwell.cyber_ware_port.CyberWare/]: [CW-DBG] Pre fired
[219月2026 21:40:33.108] [Render thread/INFO] [com.maxwell.cyber_ware_port.CyberWare/]: [CW-DBG] Pre fired
[219月2026 21:40:33.116] [Render thread/INFO] [com.maxwell.cyber_ware_port.CyberWare/]: [CW-DBG] Pre fired
[219月2026 21:40:33.124] [Render thread/INFO] [com.maxwell.cyber_ware_port.CyberWare/]: [CW-DBG] Pre fired
[219月2026 21:40:33.134] [Render thread/INFO] [com.maxwell.cyber_ware_port.CyberWare/]: [CW-DBG] Pre fired
[219月2026 21:40:33.141] [Render thread/INFO] [com.maxwell.cyber_ware_port.CyberWare/]: [CW-DBG] Pre fired
[219月2026 21:40:33.149] [Render thread/INFO] [com.maxwell.cyber_ware_port.CyberWare/]: [CW-DBG] Pre fired
[219月2026 21:40:33.159] [Render thread/INFO] [com.maxwell.cyber_ware_port.CyberWare/]: [CW-DBG] Pre fired
[219月2026 21:40:33.166] [Render thread/INFO] [com.maxwell.cyber_ware_port.CyberWare/]: [CW-DBG] Pre fired
[219月2026 21:40:33.174] [Render thread/INFO] [com.maxwell.cyber_ware_port.CyberWare/]: [CW-DBG] Pre fired
[219月2026 21:40:33.182] [Render thread/INFO] [com.maxwell.cyber_ware_port.CyberWare/]: [CW-DBG] Pre fired
[219月2026 21:40:33.191] [Render thread/INFO] [com.maxwell.cyber_ware_port.CyberWare/]: [CW-DBG] Pre fired
[219月2026 21:40:33.200] [Render thread/INFO] [com.maxwell.cyber_ware_port.CyberWare/]: [CW-DBG] Pre fired
[219月2026 21:40:33.208] [Render thread/INFO] [com.maxwell.cyber_ware_port.CyberWare/]: [CW-DBG] Pre fired
[219月2026 21:40:33.216] [Render thread/INFO] [com.maxwell.cyber_ware_port.CyberWare/]: [CW-DBG] Pre fired
[219月2026 21:40:33.224] [Render thread/INFO] [com.maxwell.cyber_ware_port.CyberWare/]: [CW-DBG] Pre fired
[219月2026 21:40:33.234] [Render thread/INFO] [com.maxwell.cyber_ware_port.CyberWare/]: [CW-DBG] Pre fired
[219月2026 21:40:33.241] [Render thread/INFO] [com.maxwell.cyber_ware_port.CyberWare/]: [CW-DBG] Pre fired
[219月2026 21:40:33.250] [Render thread/INFO] [com.maxwell.cyber_ware_port.CyberWare/]: [CW-DBG] Pre fired
[219月2026 21:40:33.259] [Render thread/INFO] [com.maxwell.cyber_ware_port.CyberWare/]: [CW-DBG] Pre fired
[219月2026 21:40:33.267] [Render thread/INFO] [com.maxwell.cyber_ware_port.CyberWare/]: [CW-DBG] Pre fired
[219月2026 21:40:33.276] [Render thread/INFO] [com.maxwell.cyber_ware_port.CyberWare/]: [CW-DBG] Pre fired
[219月2026 21:40:33.285] [Render thread/INFO] [com.maxwell.cyber_ware_port.CyberWare/]: [CW-DBG] Pre fired
[219月2026 21:40:33.292] [Render thread/INFO] [com.maxwell.cyber_ware_port.CyberWare/]: [CW-DBG] Pre fired
[219月2026 21:40:33.301] [Render thread/INFO] [com.maxwell.cyber_ware_port.CyberWare/]: [CW-DBG] Pre fired
[219月2026 21:40:33.310] [Render thread/INFO] [com.maxwell.cyber_ware_port.CyberWare/]: [CW-DBG] Pre fired
[219月2026 21:40:33.318] [Render thread/INFO] [com.maxwell.cyber_ware_port.CyberWare/]: [CW-DBG] Pre fired
[219月2026 21:40:33.326] [Render thread/INFO] [com.maxwell.cyber_ware_port.CyberWare/]: [CW-DBG] Pre fired
[219月2026 21:40:33.336] [Render thread/INFO] [com.maxwell.cyber_ware_port.CyberWare/]: [CW-DBG] Pre fired
[219月2026 21:40:33.343] [Render thread/INFO] [com.maxwell.cyber_ware_port.CyberWare/]: [CW-DBG] Pre fired
[219月2026 21:40:33.352] [Render thread/INFO] [com.maxwell.cyber_ware_port.CyberWare/]: [CW-DBG] Pre fired
[219月2026 21:40:33.360] [Render thread/INFO] [com.maxwell.cyber_ware_port.CyberWare/]: [CW-DBG] Pre fired
[219月2026 21:40:33.368] [Render thread/INFO] [com.maxwell.cyber_ware_port.CyberWare/]: [CW-DBG] Pre fired
[219月2026 21:40:33.377] [Render thread/INFO] [com.maxwell.cyber_ware_port.CyberWare/]: [CW-DBG] Pre fired
[219月2026 21:40:33.384] [Render thread/INFO] [com.maxwell.cyber_ware_port.CyberWare/]: [CW-DBG] Pre fired
[219月2026 21:40:33.393] [Render thread/INFO] [com.maxwell.cyber_ware_port.CyberWare/]: [CW-DBG] Pre fired
[219月2026 21:40:33.402] [Render thread/INFO] [com.maxwell.cyber_ware_port.CyberWare/]: [CW-DBG] Pre fired
[219月2026 21:40:33.410] [Render thread/INFO] [com.maxwell.cyber_ware_port.CyberWare/]: [CW-DBG] Pre fired
[219月2026 21:40:33.419] [Render thread/INFO] [com.maxwell.cyber_ware_port.CyberWare/]: [CW-DBG] Pre fired
[219月2026 21:40:33.427] [Render thread/INFO] [com.maxwell.cyber_ware_port.CyberWare/]: [CW-DBG] Pre fired
[219月2026 21:40:33.435] [Render thread/INFO] [com.maxwell.cyber_ware_port.CyberWare/]: [CW-DBG] Pre fired
[219月2026 21:40:33.443] [Render thread/INFO] [com.maxwell.cyber_ware_port.CyberWare/]: [CW-DBG] Pre fired
[219月2026 21:40:33.452] [Render thread/INFO] [com.maxwell.cyber_ware_port.CyberWare/]: [CW-DBG] Pre fired
[219月2026 21:40:33.460] [Render thread/INFO] [com.maxwell.cyber_ware_port.CyberWare/]: [CW-DBG] Pre fired
[219月2026 21:40:33.468] [Render thread/INFO] [com.maxwell.cyber_ware_port.CyberWare/]: [CW-DBG] Pre fired
[219月2026 21:40:33.476] [Render thread/INFO] [com.maxwell.cyber_ware_port.CyberWare/]: [CW-DBG] Pre fired
[219月2026 21:40:33.485] [Render thread/INFO] [com.maxwell.cyber_ware_port.CyberWare/]: [CW-DBG] Pre fired
[219月2026 21:40:33.494] [Render thread/INFO] [com.maxwell.cyber_ware_port.CyberWare/]: [CW-DBG] Pre fired
[219月2026 21:40:33.502] [Render thread/INFO] [com.maxwell.cyber_ware_port.CyberWare/]: [CW-DBG] Pre fired
[219月2026 21:40:33.510] [Render thread/INFO] [com.maxwell.cyber_ware_port.CyberWare/]: [CW-DBG] Pre fired
[219月2026 21:40:33.519] [Render thread/INFO] [com.maxwell.cyber_ware_port.CyberWare/]: [CW-DBG] Pre fired
[219月2026 21:40:33.527] [Render thread/INFO] [com.maxwell.cyber_ware_port.CyberWare/]: [CW-DBG] Pre fired
[219月2026 21:40:33.534] [Render thread/INFO] [com.maxwell.cyber_ware_port.CyberWare/]: [CW-DBG] Pre fired
[219月2026 21:40:33.543] [Render thread/INFO] [com.maxwell.cyber_ware_port.CyberWare/]: [CW-DBG] Pre fired
[219月2026 21:40:33.552] [Render thread/INFO] [com.maxwell.cyber_ware_port.CyberWare/]: [CW-DBG] Pre fired
[219月2026 21:40:33.560] [Render thread/INFO] [com.maxwell.cyber_ware_port.CyberWare/]: [CW-DBG] Pre fired
[219月2026 21:40:33.568] [Render thread/INFO] [com.maxwell.cyber_ware_port.CyberWare/]: [CW-DBG] Pre fired
[219月2026 21:40:33.577] [Render thread/INFO] [com.maxwell.cyber_ware_port.CyberWare/]: [CW-DBG] Pre fired
[219月2026 21:40:33.585] [Render thread/INFO] [com.maxwell.cyber_ware_port.CyberWare/]: [CW-DBG] Pre fired
[219月2026 21:40:33.593] [Render thread/INFO] [com.maxwell.cyber_ware_port.CyberWare/]: [CW-DBG] Pre fired
[219月2026 21:40:33.602] [Render thread/INFO] [com.maxwell.cyber_ware_port.CyberWare/]: [CW-DBG] Pre fired
[219月2026 21:40:33.611] [Render thread/INFO] [com.maxwell.cyber_ware_port.CyberWare/]: [CW-DBG] Pre fired
[219月2026 21:40:33.619] [Render thread/INFO] [com.maxwell.cyber_ware_port.CyberWare/]: [CW-DBG] Pre fired
[219月2026 21:40:33.626] [Render thread/INFO] [com.maxwell.cyber_ware_port.CyberWare/]: [CW-DBG] Pre fired
[219月2026 21:40:33.634] [Render thread/INFO] [com.maxwell.cyber_ware_port.CyberWare/]: [CW-DBG] Pre fired
[219月2026 21:40:33.644] [Render thread/INFO] [com.maxwell.cyber_ware_port.CyberWare/]: [CW-DBG] Pre fired
[219月2026 21:40:33.653] [Render thread/INFO] [com.maxwell.cyber_ware_port.CyberWare/]: [CW-DBG] Pre fired
[219月2026 21:40:33.661] [Render thread/INFO] [com.maxwell.cyber_ware_port.CyberWare/]: [CW-DBG] Pre fired
[219月2026 21:40:33.669] [Render thread/INFO] [com.maxwell.cyber_ware_port.CyberWare/]: [CW-DBG] Pre fired
[219月2026 21:40:33.678] [Render thread/INFO] [com.maxwell.cyber_ware_port.CyberWare/]: [CW-DBG] Pre fired
[219月2026 21:40:33.686] [Render thread/INFO] [com.maxwell.cyber_ware_port.CyberWare/]: [CW-DBG] Pre fired
[219月2026 21:40:33.695] [Render thread/INFO] [com.maxwell.cyber_ware_port.CyberWare/]: [CW-DBG] Pre fired
[219月2026 21:40:33.704] [Render thread/INFO] [com.maxwell.cyber_ware_port.CyberWare/]: [CW-DBG] Pre fired
[219月2026 21:40:33.712] [Render thread/INFO] [com.maxwell.cyber_ware_port.CyberWare/]: [CW-DBG] Pre fired
[219月2026 21:40:33.720] [Render thread/INFO] [com.maxwell.cyber_ware_port.CyberWare/]: [CW-DBG] Pre fired
[219月2026 21:40:33.728] [Render thread/INFO] [com.maxwell.cyber_ware_port.CyberWare/]: [CW-DBG] Pre fired
[219月2026 21:40:33.737] [Render thread/INFO] [com.maxwell.cyber_ware_port.CyberWare/]: [CW-DBG] Pre fired
[219月2026 21:40:33.745] [Render thread/INFO] [com.maxwell.cyber_ware_port.CyberWare/]: [CW-DBG] Pre fired
[219月2026 21:40:33.754] [Render thread/INFO] [com.maxwell.cyber_ware_port.CyberWare/]: [CW-DBG] Pre fired
[219月2026 21:40:33.762] [Render thread/INFO] [com.maxwell.cyber_ware_port.CyberWare/]: [CW-DBG] Pre fired
[219月2026 21:40:33.770] [Render thread/INFO] [com.maxwell.cyber_ware_port.CyberWare/]: [CW-DBG] Pre fired
[219月2026 21:40:33.779] [Render thread/INFO] [com.maxwell.cyber_ware_port.CyberWare/]: [CW-DBG] Pre fired
[219月2026 21:40:33.788] [Render thread/INFO] [com.maxwell.cyber_ware_port.CyberWare/]: [CW-DBG] Pre fired
[219月2026 21:40:33.796] [Render thread/INFO] [com.maxwell.cyber_ware_port.CyberWare/]: [CW-DBG] Pre fired
[219月2026 21:40:33.805] [Render thread/INFO] [com.maxwell.cyber_ware_port.CyberWare/]: [CW-DBG] Pre fired
[219月2026 21:40:33.814] [Render thread/INFO] [com.maxwell.cyber_ware_port.CyberWare/]: [CW-DBG] Pre fired
[219月2026 21:40:33.822] [Render thread/INFO] [com.maxwell.cyber_ware_port.CyberWare/]: [CW-DBG] Pre fired
[219月2026 21:40:33.831] [Render thread/INFO] [com.maxwell.cyber_ware_port.CyberWare/]: [CW-DBG] Pre fired
[219月2026 21:40:33.839] [Render thread/INFO] [com.maxwell.cyber_ware_port.CyberWare/]: [CW-DBG] Pre fired
[219月2026 21:40:33.848] [Render thread/INFO] [com.maxwell.cyber_ware_port.CyberWare/]: [CW-DBG] Pre fired
[219月2026 21:40:33.856] [Render thread/INFO] [com.maxwell.cyber_ware_port.CyberWare/]: [CW-DBG] Pre fired
[219月2026 21:40:33.865] [Render thread/INFO] [com.maxwell.cyber_ware_port.CyberWare/]: [CW-DBG] Pre fired
[219月2026 21:40:33.872] [Render thread/INFO] [com.maxwell.cyber_ware_port.CyberWare/]: [CW-DBG] Pre fired
[219月2026 21:40:33.880] [Render thread/INFO] [com.maxwell.cyber_ware_port.CyberWare/]: [CW-DBG] Pre fired
[219月2026 21:40:33.889] [Render thread/INFO] [com.maxwell.cyber_ware_port.CyberWare/]: [CW-DBG] Pre fired
[219月2026 21:40:33.898] [Render thread/INFO] [com.maxwell.cyber_ware_port.CyberWare/]: [CW-DBG] Pre fired
[219月2026 21:40:33.906] [Render thread/INFO] [com.maxwell.cyber_ware_port.CyberWare/]: [CW-DBG] Pre fired
[219月2026 21:40:33.914] [Render thread/INFO] [com.maxwell.cyber_ware_port.CyberWare/]: [CW-DBG] Pre fired
[219月2026 21:40:33.922] [Render thread/INFO] [com.maxwell.cyber_ware_port.CyberWare/]: [CW-DBG] Pre fired
[219月2026 21:40:33.931] [Render thread/INFO] [com.maxwell.cyber_ware_port.CyberWare/]: [CW-DBG] Pre fired
[219月2026 21:40:33.939] [Render thread/INFO] [com.maxwell.cyber_ware_port.CyberWare/]: [CW-DBG] Pre fired
[219月2026 21:40:33.948] [Render thread/INFO] [com.maxwell.cyber_ware_port.CyberWare/]: [CW-DBG] Pre fired
[219月2026 21:40:33.956] [Render thread/INFO] [com.maxwell.cyber_ware_port.CyberWare/]: [CW-DBG] Pre fired
[219月2026 21:40:33.964] [Render thread/INFO] [com.maxwell.cyber_ware_port.CyberWare/]: [CW-DBG] Pre fired
[219月2026 21:40:33.973] [Render thread/INFO] [com.maxwell.cyber_ware_port.CyberWare/]: [CW-DBG] Pre fired
[219月2026 21:40:33.986] [Render thread/INFO] [com.maxwell.cyber_ware_port.CyberWare/]: [CW-DBG] Pre fired
[219月2026 21:40:33.992] [Render thread/INFO] [com.maxwell.cyber_ware_port.CyberWare/]: [CW-DBG] Pre fired
[219月2026 21:40:34.001] [Render thread/INFO] [com.maxwell.cyber_ware_port.CyberWare/]: [CW-DBG] Pre fired
[219月2026 21:40:34.010] [Render thread/INFO] [com.maxwell.cyber_ware_port.CyberWare/]: [CW-DBG] Pre fired
[219月2026 21:40:34.016] [Render thread/INFO] [com.maxwell.cyber_ware_port.CyberWare/]: [CW-DBG] Pre fired
[219月2026 21:40:34.026] [Render thread/INFO] [com.maxwell.cyber_ware_port.CyberWare/]: [CW-DBG] Pre fired
[219月2026 21:40:34.034] [Render thread/INFO] [com.maxwell.cyber_ware_port.CyberWare/]: [CW-DBG] Pre fired
